Category,Location,Date,Price/kg,Source
PCB,Bhopal,08-08-26,₹390,Aggregator
Battery,Bhopal,08-08-26,₹101,Recycler
Mobile,Bhopal,08-08-26,₹208,Recycler
Keyboard,Bhopal,08-08-26,₹28,Recycler
Mouse,Bhopal,08-08-26,₹35,Recycler
Printer,Bhopal,08-08-26,₹16,Recycler
Television,Bhopal,08-08-26,₹19,Aggregator
Washing Machine,Bhopal,08-08-26,₹20,Recycler
Microwave,Bhopal,08-08-26,₹15,Aggregator
Player,Bhopal,08-08-26,₹45,Recycler
Cable,Bhopal,08-08-26,₹370,Recycler
LCD Panel,Bhopal,08-08-26,₹44,Recycler
Motor,Bhopal,08-08-26,₹69,Recycler
Magnet Assembly,Bhopal,08-08-26,₹89,Recycler
Metal,Bhopal,08-08-26,₹47,Recycler
Plastic,Bhopal,08-08-26,₹19,Recycler
Glass,Bhopal,08-08-26,₹5,Aggregator
PCB,Indore,08-08-26,₹437,Market Survey
Battery,Indore,08-08-26,₹102,Recycler
Mobile,Indore,08-08-26,₹196,Recycler
Keyboard,Indore,08-08-26,₹26,Aggregator
Mouse,Indore,08-08-26,₹36,Recycler
Printer,Indore,08-08-26,₹18,Recycler
Television,Indore,08-08-26,₹21,Recycler
Washing Machine,Indore,08-08-26,₹19,Aggregator
Microwave,Indore,08-08-26,₹15,Aggregator
Player,Indore,08-08-26,₹45,Aggregator
Cable,Indore,08-08-26,₹402,Recycler
LCD Panel,Indore,08-08-26,₹39,Recycler
Motor,Indore,08-08-26,₹74,Market Survey
Magnet Assembly,Indore,08-08-26,₹82,Aggregator
Metal,Indore,08-08-26,₹53,Recycler
Plastic,Indore,08-08-26,₹18,Recycler
Glass,Indore,08-08-26,₹5,Recycler
PCB,Raipur,08-08-26,₹397,Aggregator
Battery,Raipur,08-08-26,₹111,Recycler
Mobile,Raipur,08-08-26,₹195,Recycler
Keyboard,Raipur,08-08-26,₹28,Aggregator
Mouse,Raipur,08-08-26,₹34,Recycler
Printer,Raipur,08-08-26,₹17,Recycler
Television,Raipur,08-08-26,₹22,Market Survey
Washing Machine,Raipur,08-08-26,₹20,Market Survey
Microwave,Raipur,08-08-26,₹17,Recycler
Player,Raipur,08-08-26,₹45,Recycler
Cable,Raipur,08-08-26,₹354,Recycler
LCD Panel,Raipur,08-08-26,₹44,Recycler
Motor,Raipur,08-08-26,₹68,Recycler
Magnet Assembly,Raipur,08-08-26,₹92,Recycler
Metal,Raipur,08-08-26,₹47,Recycler
Plastic,Raipur,08-08-26,₹19,Market Survey
Glass,Raipur,08-08-26,₹5,Recycler
PCB,Nagpur,08-08-26,₹461,Market Survey
Battery,Nagpur,08-08-26,₹109,Recycler
Mobile,Nagpur,08-08-26,₹206,Recycler
Keyboard,Nagpur,08-08-26,₹26,Recycler
Mouse,Nagpur,08-08-26,₹34,Recycler
Printer,Nagpur,08-08-26,₹17,Aggregator
Television,Nagpur,08-08-26,₹22,Aggregator
Washing Machine,Nagpur,08-08-26,₹20,Recycler
Microwave,Nagpur,08-08-26,₹17,Recycler
Player,Nagpur,08-08-26,₹49,Recycler
Cable,Nagpur,08-08-26,₹392,Aggregator
LCD Panel,Nagpur,08-08-26,₹45,Recycler
Motor,Nagpur,08-08-26,₹70,Aggregator
Magnet Assembly,Nagpur,08-08-26,₹91,Recycler
Metal,Nagpur,08-08-26,₹52,Recycler
Plastic,Nagpur,08-08-26,₹20,Recycler
Glass,Nagpur,08-08-26,₹5,Aggregator
PCB,Pune,08-08-26,₹445,Aggregator
Battery,Pune,08-08-26,₹114,Recycler
Mobile,Pune,08-08-26,₹218,Recycler
Keyboard,Pune,08-08-26,₹26,Aggregator
Mouse,Pune,08-08-26,₹39,Market Survey
Printer,Pune,08-08-26,₹18,Aggregator
Television,Pune,08-08-26,₹23,Aggregator
Washing Machine,Pune,08-08-26,₹21,Aggregator
Microwave,Pune,08-08-26,₹18,Recycler
Player,Pune,08-08-26,₹48,Market Survey
Cable,Pune,08-08-26,₹405,Aggregator
LCD Panel,Pune,08-08-26,₹49,Recycler
Motor,Pune,08-08-26,₹75,Recycler
Magnet Assembly,Pune,08-08-26,₹102,Recycler
Metal,Pune,08-08-26,₹55,Recycler
Plastic,Pune,08-08-26,₹20,Aggregator
Glass,Pune,08-08-26,₹5,Recycler
PCB,Mumbai,08-08-26,₹446,Aggregator
Battery,Mumbai,08-08-26,₹105,Aggregator
Mobile,Mumbai,08-08-26,₹217,Aggregator
Keyboard,Mumbai,08-08-26,₹31,Recycler
Mouse,Mumbai,08-08-26,₹43,Market Survey
Printer,Mumbai,08-08-26,₹20,Recycler
Television,Mumbai,08-08-26,₹24,Recycler
Washing Machine,Mumbai,08-08-26,₹23,Recycler
Microwave,Mumbai,08-08-26,₹18,Recycler
Player,Mumbai,08-08-26,₹52,Recycler
Cable,Mumbai,08-08-26,₹404,Recycler
LCD Panel,Mumbai,08-08-26,₹48,Recycler
Motor,Mumbai,08-08-26,₹74,Recycler
Magnet Assembly,Mumbai,08-08-26,₹96,Recycler
Metal,Mumbai,08-08-26,₹54,Recycler
Plastic,Mumbai,08-08-26,₹22,Market Survey
Glass,Mumbai,08-08-26,₹5,Market Survey
PCB,Delhi,08-08-26,₹451,Aggregator
Battery,Delhi,08-08-26,₹114,Recycler
Mobile,Delhi,08-08-26,₹220,Recycler
Keyboard,Delhi,08-08-26,₹28,Aggregator
Mouse,Delhi,08-08-26,₹39,Recycler
Printer,Delhi,08-08-26,₹20,Recycler
Television,Delhi,08-08-26,₹24,Recycler
Washing Machine,Delhi,08-08-26,₹19,Aggregator
Microwave,Delhi,08-08-26,₹17,Market Survey
Player,Delhi,08-08-26,₹47,Aggregator
Cable,Delhi,08-08-26,₹414,Market Survey
LCD Panel,Delhi,08-08-26,₹49,Aggregator
Motor,Delhi,08-08-26,₹82,Recycler
Magnet Assembly,Delhi,08-08-26,₹100,Recycler
Metal,Delhi,08-08-26,₹52,Aggregator
Plastic,Delhi,08-08-26,₹20,Aggregator
Glass,Delhi,08-08-26,₹5,Aggregator
PCB,Noida,08-08-26,₹423,Recycler
Battery,Noida,08-08-26,₹109,Aggregator
Mobile,Noida,08-08-26,₹208,Recycler
Keyboard,Noida,08-08-26,₹28,Recycler
Mouse,Noida,08-08-26,₹39,Recycler
Printer,Noida,08-08-26,₹18,Market Survey
Television,Noida,08-08-26,₹24,Recycler
Washing Machine,Noida,08-08-26,₹23,Recycler
Microwave,Noida,08-08-26,₹17,Aggregator
Player,Noida,08-08-26,₹50,Recycler
Cable,Noida,08-08-26,₹437,Market Survey
LCD Panel,Noida,08-08-26,₹46,Aggregator
Motor,Noida,08-08-26,₹70,Aggregator
Magnet Assembly,Noida,08-08-26,₹101,Recycler
Metal,Noida,08-08-26,₹53,Aggregator
Plastic,Noida,08-08-26,₹20,Aggregator
Glass,Noida,08-08-26,₹5,Recycler
PCB,Jaipur,08-08-26,₹426,Recycler
Battery,Jaipur,08-08-26,₹99,Aggregator
Mobile,Jaipur,08-08-26,₹199,Aggregator
Keyboard,Jaipur,08-08-26,₹28,Recycler
Mouse,Jaipur,08-08-26,₹36,Aggregator
Printer,Jaipur,08-08-26,₹18,Recycler
Television,Jaipur,08-08-26,₹21,Market Survey
Washing Machine,Jaipur,08-08-26,₹22,Recycler
Microwave,Jaipur,08-08-26,₹17,Market Survey
Player,Jaipur,08-08-26,₹47,Aggregator
Cable,Jaipur,08-08-26,₹369,Aggregator
LCD Panel,Jaipur,08-08-26,₹46,Recycler
Motor,Jaipur,08-08-26,₹72,Recycler
Magnet Assembly,Jaipur,08-08-26,₹97,Market Survey
Metal,Jaipur,08-08-26,₹48,Recycler
Plastic,Jaipur,08-08-26,₹20,Recycler
Glass,Jaipur,08-08-26,₹5,Recycler
PCB,Ahmedabad,08-08-26,₹427,Recycler
Battery,Ahmedabad,08-08-26,₹119,Recycler
Mobile,Ahmedabad,08-08-26,₹228,Market Survey
Keyboard,Ahmedabad,08-08-26,₹26,Aggregator
Mouse,Ahmedabad,08-08-26,₹38,Recycler
Printer,Ahmedabad,08-08-26,₹19,Recycler
Television,Ahmedabad,08-08-26,₹24,Recycler
Washing Machine,Ahmedabad,08-08-26,₹20,Aggregator
Microwave,Ahmedabad,08-08-26,₹17,Recycler
Player,Ahmedabad,08-08-26,₹44,Market Survey
Cable,Ahmedabad,08-08-26,₹374,Recycler
LCD Panel,Ahmedabad,08-08-26,₹46,Aggregator
Motor,Ahmedabad,08-08-26,₹69,Aggregator
Magnet Assembly,Ahmedabad,08-08-26,₹99,Recycler
Metal,Ahmedabad,08-08-26,₹49,Aggregator
Plastic,Ahmedabad,08-08-26,₹21,Aggregator
Glass,Ahmedabad,08-08-26,₹5,Recycler
PCB,Bengaluru,08-08-26,₹371,Aggregator
Battery,Bengaluru,08-08-26,₹111,Aggregator
Mobile,Bengaluru,08-08-26,₹214,Recycler
Keyboard,Bengaluru,08-08-26,₹31,Recycler
Mouse,Bengaluru,08-08-26,₹39,Recycler
Printer,Bengaluru,08-08-26,₹18,Recycler
Television,Bengaluru,08-08-26,₹24,Recycler
Washing Machine,Bengaluru,08-08-26,₹23,Recycler
Microwave,Bengaluru,08-08-26,₹18,Recycler
Player,Bengaluru,08-08-26,₹49,Recycler
Cable,Bengaluru,08-08-26,₹377,Aggregator
LCD Panel,Bengaluru,08-08-26,₹44,Recycler
Motor,Bengaluru,08-08-26,₹71,Recycler
Magnet Assembly,Bengaluru,08-08-26,₹100,Recycler
Metal,Bengaluru,08-08-26,₹53,Aggregator
Plastic,Bengaluru,08-08-26,₹21,Recycler
Glass,Bengaluru,08-08-26,₹5,Recycler
PCB,Hyderabad,08-08-26,₹426,Market Survey
Battery,Hyderabad,08-08-26,₹110,Recycler
Mobile,Hyderabad,08-08-26,₹207,Recycler
Keyboard,Hyderabad,08-08-26,₹28,Recycler
Mouse,Hyderabad,08-08-26,₹36,Aggregator
Printer,Hyderabad,08-08-26,₹17,Recycler
Television,Hyderabad,08-08-26,₹23,Recycler
Washing Machine,Hyderabad,08-08-26,₹22,Recycler
Microwave,Hyderabad,08-08-26,₹17,Recycler
Player,Hyderabad,08-08-26,₹50,Aggregator
Cable,Hyderabad,08-08-26,₹388,Recycler
LCD Panel,Hyderabad,08-08-26,₹44,Market Survey
Motor,Hyderabad,08-08-26,₹81,Recycler
Magnet Assembly,Hyderabad,08-08-26,₹98,Recycler
Metal,Hyderabad,08-08-26,₹51,Recycler
Plastic,Hyderabad,08-08-26,₹19,Aggregator
Glass,Hyderabad,08-08-26,₹5,Recycler
PCB,Chennai,08-08-26,₹418,Recycler
Battery,Chennai,08-08-26,₹116,Recycler
Mobile,Chennai,08-08-26,₹218,Recycler
Keyboard,Chennai,08-08-26,₹28,Recycler
Mouse,Chennai,08-08-26,₹40,Recycler
Printer,Chennai,08-08-26,₹18,Recycler
Television,Chennai,08-08-26,₹22,Market Survey
Washing Machine,Chennai,08-08-26,₹23,Recycler
Microwave,Chennai,08-08-26,₹18,Recycler
Player,Chennai,08-08-26,₹46,Aggregator
Cable,Chennai,08-08-26,₹427,Recycler
LCD Panel,Chennai,08-08-26,₹49,Recycler
Motor,Chennai,08-08-26,₹70,Aggregator
Magnet Assembly,Chennai,08-08-26,₹95,Aggregator
Metal,Chennai,08-08-26,₹54,Recycler
Plastic,Chennai,08-08-26,₹18,Recycler
Glass,Chennai,08-08-26,₹5,Aggregator
PCB,Kolkata,08-08-26,₹393,Recycler
Battery,Kolkata,08-08-26,₹111,Market Survey
Mobile,Kolkata,08-08-26,₹192,Recycler
Keyboard,Kolkata,08-08-26,₹25,Aggregator
Mouse,Kolkata,08-08-26,₹36,Aggregator
Printer,Kolkata,08-08-26,₹17,Aggregator
Television,Kolkata,08-08-26,₹23,Market Survey
Washing Machine,Kolkata,08-08-26,₹22,Recycler
Microwave,Kolkata,08-08-26,₹17,Market Survey
Player,Kolkata,08-08-26,₹49,Recycler
Cable,Kolkata,08-08-26,₹376,Aggregator
LCD Panel,Kolkata,08-08-26,₹42,Recycler
Motor,Kolkata,08-08-26,₹67,Aggregator
Magnet Assembly,Kolkata,08-08-26,₹84,Market Survey
Metal,Kolkata,08-08-26,₹49,Recycler
Plastic,Kolkata,08-08-26,₹20,Recycler
Glass,Kolkata,08-08-26,₹5,Aggregator
PCB,Lucknow,08-08-26,₹405,Aggregator
Battery,Lucknow,08-08-26,₹96,Aggregator
Mobile,Lucknow,08-08-26,₹190,Aggregator
Keyboard,Lucknow,08-08-26,₹29,Recycler
Mouse,Lucknow,08-08-26,₹36,Aggregator
Printer,Lucknow,08-08-26,₹18,Recycler
Television,Lucknow,08-08-26,₹22,Recycler
Washing Machine,Lucknow,08-08-26,₹18,Aggregator
Microwave,Lucknow,08-08-26,₹15,Aggregator
Player,Lucknow,08-08-26,₹45,Recycler
Cable,Lucknow,08-08-26,₹363,Aggregator
LCD Panel,Lucknow,08-08-26,₹42,Recycler
Motor,Lucknow,08-08-26,₹73,Recycler
Magnet Assembly,Lucknow,08-08-26,₹88,Market Survey
Metal,Lucknow,08-08-26,₹50,Recycler
Plastic,Lucknow,08-08-26,₹19,Recycler
Glass,Lucknow,08-08-26,₹5,Recycler
PCB,Bhopal,09-08-26,₹418,Recycler
Battery,Bhopal,09-08-26,₹110,Recycler
Mobile,Bhopal,09-08-26,₹208,Recycler
Keyboard,Bhopal,09-08-26,₹27,Recycler
Mouse,Bhopal,09-08-26,₹33,Recycler
Printer,Bhopal,09-08-26,₹18,Aggregator
Television,Bhopal,09-08-26,₹21,Aggregator
Washing Machine,Bhopal,09-08-26,₹20,Recycler
Microwave,Bhopal,09-08-26,₹17,Recycler
Player,Bhopal,09-08-26,₹46,Recycler
Cable,Bhopal,09-08-26,₹393,Recycler
LCD Panel,Bhopal,09-08-26,₹41,Recycler
Motor,Bhopal,09-08-26,₹71,Recycler
Magnet Assembly,Bhopal,09-08-26,₹85,Aggregator
Metal,Bhopal,09-08-26,₹47,Aggregator
Plastic,Bhopal,09-08-26,₹18,Aggregator
Glass,Bhopal,09-08-26,₹5,Recycler
PCB,Indore,09-08-26,₹402,Aggregator
Battery,Indore,09-08-26,₹113,Recycler
Mobile,Indore,09-08-26,₹206,Recycler
Keyboard,Indore,09-08-26,₹29,Recycler
Mouse,Indore,09-08-26,₹40,Recycler
Printer,Indore,09-08-26,₹17,Recycler
Television,Indore,09-08-26,₹22,Aggregator
Washing Machine,Indore,09-08-26,₹21,Recycler
Microwave,Indore,09-08-26,₹17,Recycler
Player,Indore,09-08-26,₹49,Aggregator
Cable,Indore,09-08-26,₹367,Aggregator
LCD Panel,Indore,09-08-26,₹44,Recycler
Motor,Indore,09-08-26,₹69,Aggregator
Magnet Assembly,Indore,09-08-26,₹96,Recycler
Metal,Indore,09-08-26,₹50,Recycler
Plastic,Indore,09-08-26,₹19,Aggregator
Glass,Indore,09-08-26,₹5,Recycler
PCB,Raipur,09-08-26,₹395,Recycler
Battery,Raipur,09-08-26,₹109,Recycler
Mobile,Raipur,09-08-26,₹193,Aggregator
Keyboard,Raipur,09-08-26,₹27,Recycler
Mouse,Raipur,09-08-26,₹37,Recycler
Printer,Raipur,09-08-26,₹17,Recycler
Television,Raipur,09-08-26,₹22,Aggregator
Washing Machine,Raipur,09-08-26,₹18,Recycler
Microwave,Raipur,09-08-26,₹17,Market Survey
Player,Raipur,09-08-26,₹46,Recycler
Cable,Raipur,09-08-26,₹372,Aggregator
LCD Panel,Raipur,09-08-26,₹40,Market Survey
Motor,Raipur,09-08-26,₹66,Market Survey
Magnet Assembly,Raipur,09-08-26,₹87,Aggregator
Metal,Raipur,09-08-26,₹53,Recycler
Plastic,Raipur,09-08-26,₹20,Recycler
Glass,Raipur,09-08-26,₹5,Recycler
PCB,Nagpur,09-08-26,₹427,Recycler
Battery,Nagpur,09-08-26,₹109,Recycler
Mobile,Nagpur,09-08-26,₹199,Market Survey
Keyboard,Nagpur,09-08-26,₹26,Aggregator
Mouse,Nagpur,09-08-26,₹40,Market Survey
Printer,Nagpur,09-08-26,₹17,Recycler
Television,Nagpur,09-08-26,₹23,Recycler
Washing Machine,Nagpur,09-08-26,₹20,Aggregator
Microwave,Nagpur,09-08-26,₹17,Market Survey
Player,Nagpur,09-08-26,₹45,Aggregator
Cable,Nagpur,09-08-26,₹367,Recycler
LCD Panel,Nagpur,09-08-26,₹43,Market Survey
Motor,Nagpur,09-08-26,₹67,Recycler
Magnet Assembly,Nagpur,09-08-26,₹99,Aggregator
Metal,Nagpur,09-08-26,₹54,Recycler
Plastic,Nagpur,09-08-26,₹19,Recycler
Glass,Nagpur,09-08-26,₹5,Aggregator
PCB,Pune,09-08-26,₹437,Recycler
Battery,Pune,09-08-26,₹116,Recycler
Mobile,Pune,09-08-26,₹227,Recycler
Keyboard,Pune,09-08-26,₹30,Recycler
Mouse,Pune,09-08-26,₹39,Recycler
Printer,Pune,09-08-26,₹18,Recycler
Television,Pune,09-08-26,₹21,Aggregator
Washing Machine,Pune,09-08-26,₹22,Aggregator
Microwave,Pune,09-08-26,₹18,Aggregator
Player,Pune,09-08-26,₹49,Recycler
Cable,Pune,09-08-26,₹372,Aggregator
LCD Panel,Pune,09-08-26,₹46,Recycler
Motor,Pune,09-08-26,₹71,Recycler
Magnet Assembly,Pune,09-08-26,₹95,Aggregator
Metal,Pune,09-08-26,₹56,Recycler
Plastic,Pune,09-08-26,₹21,Aggregator
Glass,Pune,09-08-26,₹5,Recycler
PCB,Mumbai,09-08-26,₹441,Recycler
Battery,Mumbai,09-08-26,₹113,Aggregator
Mobile,Mumbai,09-08-26,₹230,Recycler
Keyboard,Mumbai,09-08-26,₹33,Market Survey
Mouse,Mumbai,09-08-26,₹40,Recycler
Printer,Mumbai,09-08-26,₹20,Market Survey
Television,Mumbai,09-08-26,₹25,Recycler
Washing Machine,Mumbai,09-08-26,₹20,Aggregator
Microwave,Mumbai,09-08-26,₹19,Recycler
Player,Mumbai,09-08-26,₹51,Recycler
Cable,Mumbai,09-08-26,₹404,Recycler
LCD Panel,Mumbai,09-08-26,₹52,Recycler
Motor,Mumbai,09-08-26,₹72,Aggregator
Magnet Assembly,Mumbai,09-08-26,₹104,Recycler
Metal,Mumbai,09-08-26,₹53,Recycler
Plastic,Mumbai,09-08-26,₹22,Recycler
Glass,Mumbai,09-08-26,₹5,Recycler
PCB,Delhi,09-08-26,₹426,Aggregator
Battery,Delhi,09-08-26,₹115,Recycler
Mobile,Delhi,09-08-26,₹222,Recycler
Keyboard,Delhi,09-08-26,₹31,Recycler
Mouse,Delhi,09-08-26,₹44,Market Survey
Printer,Delhi,09-08-26,₹18,Aggregator
Television,Delhi,09-08-26,₹26,Market Survey
Washing Machine,Delhi,09-08-26,₹24,Market Survey
Microwave,Delhi,09-08-26,₹19,Recycler
Player,Delhi,09-08-26,₹49,Aggregator
Cable,Delhi,09-08-26,₹403,Recycler
LCD Panel,Delhi,09-08-26,₹46,Recycler
Motor,Delhi,09-08-26,₹79,Recycler
Magnet Assembly,Delhi,09-08-26,₹100,Recycler
Metal,Delhi,09-08-26,₹57,Aggregator
Plastic,Delhi,09-08-26,₹22,Recycler
Glass,Delhi,09-08-26,₹5,Aggregator
PCB,Noida,09-08-26,₹457,Recycler
Battery,Noida,09-08-26,₹120,Recycler
Mobile,Noida,09-08-26,₹231,Recycler
Keyboard,Noida,09-08-26,₹28,Recycler
Mouse,Noida,09-08-26,₹38,Aggregator
Printer,Noida,09-08-26,₹18,Aggregator
Television,Noida,09-08-26,₹22,Recycler
Washing Machine,Noida,09-08-26,₹22,Recycler
Microwave,Noida,09-08-26,₹17,Aggregator
Player,Noida,09-08-26,₹51,Recycler
Cable,Noida,09-08-26,₹385,Aggregator
LCD Panel,Noida,09-08-26,₹43,Aggregator
Motor,Noida,09-08-26,₹77,Recycler
Magnet Assembly,Noida,09-08-26,₹100,Recycler
Metal,Noida,09-08-26,₹55,Recycler
Plastic,Noida,09-08-26,₹20,Recycler
Glass,Noida,09-08-26,₹5,Recycler
PCB,Jaipur,09-08-26,₹407,Aggregator
Battery,Jaipur,09-08-26,₹113,Recycler
Mobile,Jaipur,09-08-26,₹200,Recycler
Keyboard,Jaipur,09-08-26,₹27,Recycler
Mouse,Jaipur,09-08-26,₹38,Recycler
Printer,Jaipur,09-08-26,₹18,Market Survey
Television,Jaipur,09-08-26,₹22,Recycler
Washing Machine,Jaipur,09-08-26,₹21,Recycler
Microwave,Jaipur,09-08-26,₹17,Recycler
Player,Jaipur,09-08-26,₹47,Market Survey
Cable,Jaipur,09-08-26,₹408,Recycler
LCD Panel,Jaipur,09-08-26,₹45,Recycler
Motor,Jaipur,09-08-26,₹75,Recycler
Magnet Assembly,Jaipur,09-08-26,₹90,Aggregator
Metal,Jaipur,09-08-26,₹48,Recycler
Plastic,Jaipur,09-08-26,₹19,Aggregator
Glass,Jaipur,09-08-26,₹5,Recycler
PCB,Ahmedabad,09-08-26,₹437,Recycler
Battery,Ahmedabad,09-08-26,₹108,Recycler
Mobile,Ahmedabad,09-08-26,₹214,Aggregator
Keyboard,Ahmedabad,09-08-26,₹29,Recycler
Mouse,Ahmedabad,09-08-26,₹38,Recycler
Printer,Ahmedabad,09-08-26,₹19,Recycler
Television,Ahmedabad,09-08-26,₹22,Aggregator
Washing Machine,Ahmedabad,09-08-26,₹23,Market Survey
Microwave,Ahmedabad,09-08-26,₹17,Recycler
Player,Ahmedabad,09-08-26,₹46,Recycler
Cable,Ahmedabad,09-08-26,₹415,Recycler
LCD Panel,Ahmedabad,09-08-26,₹47,Recycler
Motor,Ahmedabad,09-08-26,₹74,Recycler
Magnet Assembly,Ahmedabad,09-08-26,₹94,Aggregator
Metal,Ahmedabad,09-08-26,₹54,Recycler
Plastic,Ahmedabad,09-08-26,₹19,Recycler
Glass,Ahmedabad,09-08-26,₹5,Aggregator
PCB,Bengaluru,09-08-26,₹422,Recycler
Battery,Bengaluru,09-08-26,₹115,Recycler
Mobile,Bengaluru,09-08-26,₹216,Recycler
Keyboard,Bengaluru,09-08-26,₹31,Recycler
Mouse,Bengaluru,09-08-26,₹40,Recycler
Printer,Bengaluru,09-08-26,₹19,Recycler
Television,Bengaluru,09-08-26,₹23,Recycler
Washing Machine,Bengaluru,09-08-26,₹21,Aggregator
Microwave,Bengaluru,09-08-26,₹17,Recycler
Player,Bengaluru,09-08-26,₹49,Recycler
Cable,Bengaluru,09-08-26,₹437,Market Survey
LCD Panel,Bengaluru,09-08-26,₹49,Recycler
Motor,Bengaluru,09-08-26,₹77,Recycler
Magnet Assembly,Bengaluru,09-08-26,₹100,Recycler
Metal,Bengaluru,09-08-26,₹55,Recycler
Plastic,Bengaluru,09-08-26,₹20,Market Survey
Glass,Bengaluru,09-08-26,₹5,Recycler
PCB,Hyderabad,09-08-26,₹463,Recycler
Battery,Hyderabad,09-08-26,₹115,Recycler
Mobile,Hyderabad,09-08-26,₹212,Aggregator
Keyboard,Hyderabad,09-08-26,₹26,Recycler
Mouse,Hyderabad,09-08-26,₹42,Recycler
Printer,Hyderabad,09-08-26,₹18,Aggregator
Television,Hyderabad,09-08-26,₹22,Recycler
Washing Machine,Hyderabad,09-08-26,₹20,Recycler
Microwave,Hyderabad,09-08-26,₹17,Recycler
Player,Hyderabad,09-08-26,₹49,Recycler
Cable,Hyderabad,09-08-26,₹370,Recycler
LCD Panel,Hyderabad,09-08-26,₹47,Recycler
Motor,Hyderabad,09-08-26,₹79,Market Survey
Magnet Assembly,Hyderabad,09-08-26,₹89,Aggregator
Metal,Hyderabad,09-08-26,₹53,Recycler
Plastic,Hyderabad,09-08-26,₹20,Recycler
Glass,Hyderabad,09-08-26,₹5,Recycler
PCB,Chennai,09-08-26,₹419,Aggregator
Battery,Chennai,09-08-26,₹116,Recycler
Mobile,Chennai,09-08-26,₹217,Aggregator
Keyboard,Chennai,09-08-26,₹27,Aggregator
Mouse,Chennai,09-08-26,₹39,Aggregator
Printer,Chennai,09-08-26,₹18,Recycler
Television,Chennai,09-08-26,₹25,Market Survey
Washing Machine,Chennai,09-08-26,₹21,Aggregator
Microwave,Chennai,09-08-26,₹18,Aggregator
Player,Chennai,09-08-26,₹47,Aggregator
Cable,Chennai,09-08-26,₹380,Aggregator
LCD Panel,Chennai,09-08-26,₹47,Recycler
Motor,Chennai,09-08-26,₹76,Recycler
Magnet Assembly,Chennai,09-08-26,₹95,Recycler
Metal,Chennai,09-08-26,₹52,Recycler
Plastic,Chennai,09-08-26,₹21,Market Survey
Glass,Chennai,09-08-26,₹5,Recycler
PCB,Kolkata,09-08-26,₹449,Recycler
Battery,Kolkata,09-08-26,₹119,Aggregator
Mobile,Kolkata,09-08-26,₹218,Recycler
Keyboard,Kolkata,09-08-26,₹26,Aggregator
Mouse,Kolkata,09-08-26,₹38,Recycler
Printer,Kolkata,09-08-26,₹18,Recycler
Television,Kolkata,09-08-26,₹22,Market Survey
Washing Machine,Kolkata,09-08-26,₹21,Recycler
Microwave,Kolkata,09-08-26,₹16,Recycler
Player,Kolkata,09-08-26,₹46,Aggregator
Cable,Kolkata,09-08-26,₹375,Recycler
LCD Panel,Kolkata,09-08-26,₹46,Market Survey
Motor,Kolkata,09-08-26,₹70,Recycler
Magnet Assembly,Kolkata,09-08-26,₹92,Recycler
Metal,Kolkata,09-08-26,₹52,Recycler
Plastic,Kolkata,09-08-26,₹19,Recycler
Glass,Kolkata,09-08-26,₹5,Recycler
PCB,Lucknow,09-08-26,₹431,Market Survey
Battery,Lucknow,09-08-26,₹104,Recycler
Mobile,Lucknow,09-08-26,₹199,Recycler
Keyboard,Lucknow,09-08-26,₹27,Recycler
Mouse,Lucknow,09-08-26,₹37,Recycler
Printer,Lucknow,09-08-26,₹17,Recycler
Television,Lucknow,09-08-26,₹20,Aggregator
Washing Machine,Lucknow,09-08-26,₹21,Recycler
Microwave,Lucknow,09-08-26,₹16,Recycler
Player,Lucknow,09-08-26,₹45,Recycler
Cable,Lucknow,09-08-26,₹360,Aggregator
LCD Panel,Lucknow,09-08-26,₹42,Aggregator
Motor,Lucknow,09-08-26,₹66,Aggregator
Magnet Assembly,Lucknow,09-08-26,₹87,Aggregator
Metal,Lucknow,09-08-26,₹48,Recycler
Plastic,Lucknow,09-08-26,₹19,Recycler
Glass,Lucknow,09-08-26,₹5,Aggregator
PCB,Bhopal,10-08-26,₹417,Aggregator
Battery,Bhopal,10-08-26,₹109,Recycler
Mobile,Bhopal,10-08-26,₹208,Market Survey
Keyboard,Bhopal,10-08-26,₹28,Recycler
Mouse,Bhopal,10-08-26,₹36,Aggregator
Printer,Bhopal,10-08-26,₹17,Recycler
Television,Bhopal,10-08-26,₹21,Recycler
Washing Machine,Bhopal,10-08-26,₹21,Recycler
Microwave,Bhopal,10-08-26,₹17,Recycler
Player,Bhopal,10-08-26,₹50,Recycler
Cable,Bhopal,10-08-26,₹384,Recycler
LCD Panel,Bhopal,10-08-26,₹42,Recycler
Motor,Bhopal,10-08-26,₹71,Recycler
Magnet Assembly,Bhopal,10-08-26,₹91,Recycler
Metal,Bhopal,10-08-26,₹55,Recycler
Plastic,Bhopal,10-08-26,₹19,Recycler
Glass,Bhopal,10-08-26,₹5,Recycler
PCB,Indore,10-08-26,₹444,Recycler
Battery,Indore,10-08-26,₹114,Aggregator
Mobile,Indore,10-08-26,₹217,Recycler
Keyboard,Indore,10-08-26,₹29,Recycler
Mouse,Indore,10-08-26,₹41,Recycler
Printer,Indore,10-08-26,₹18,Aggregator
Television,Indore,10-08-26,₹21,Recycler
Washing Machine,Indore,10-08-26,₹20,Recycler
Microwave,Indore,10-08-26,₹17,Market Survey
Player,Indore,10-08-26,₹47,Aggregator
Cable,Indore,10-08-26,₹370,Aggregator
LCD Panel,Indore,10-08-26,₹48,Recycler
Motor,Indore,10-08-26,₹73,Recycler
Magnet Assembly,Indore,10-08-26,₹102,Recycler
Metal,Indore,10-08-26,₹52,Aggregator
Plastic,Indore,10-08-26,₹19,Recycler
Glass,Indore,10-08-26,₹5,Aggregator
PCB,Raipur,10-08-26,₹445,Recycler
Battery,Raipur,10-08-26,₹116,Recycler
Mobile,Raipur,10-08-26,₹222,Recycler
Keyboard,Raipur,10-08-26,₹28,Aggregator
Mouse,Raipur,10-08-26,₹38,Aggregator
Printer,Raipur,10-08-26,₹18,Recycler
Television,Raipur,10-08-26,₹22,Recycler
Washing Machine,Raipur,10-08-26,₹19,Recycler
Microwave,Raipur,10-08-26,₹17,Recycler
Player,Raipur,10-08-26,₹46,Recycler
Cable,Raipur,10-08-26,₹375,Recycler
LCD Panel,Raipur,10-08-26,₹44,Aggregator
Motor,Raipur,10-08-26,₹72,Recycler
Magnet Assembly,Raipur,10-08-26,₹94,Recycler
Metal,Raipur,10-08-26,₹52,Aggregator
Plastic,Raipur,10-08-26,₹19,Recycler
Glass,Raipur,10-08-26,₹5,Recycler
PCB,Nagpur,10-08-26,₹438,Recycler
Battery,Nagpur,10-08-26,₹106,Aggregator
Mobile,Nagpur,10-08-26,₹209,Recycler
Keyboard,Nagpur,10-08-26,₹27,Recycler
Mouse,Nagpur,10-08-26,₹37,Recycler
Printer,Nagpur,10-08-26,₹17,Recycler
Television,Nagpur,10-08-26,₹22,Aggregator
Washing Machine,Nagpur,10-08-26,₹21,Recycler
Microwave,Nagpur,10-08-26,₹18,Recycler
Player,Nagpur,10-08-26,₹47,Aggregator
Cable,Nagpur,10-08-26,₹403,Market Survey
LCD Panel,Nagpur,10-08-26,₹46,Recycler
Motor,Nagpur,10-08-26,₹73,Recycler
Magnet Assembly,Nagpur,10-08-26,₹92,Recycler
Metal,Nagpur,10-08-26,₹52,Recycler
Plastic,Nagpur,10-08-26,₹20,Aggregator
Glass,Nagpur,10-08-26,₹5,Recycler
PCB,Pune,10-08-26,₹449,Recycler
Battery,Pune,10-08-26,₹113,Aggregator
Mobile,Pune,10-08-26,₹217,Recycler
Keyboard,Pune,10-08-26,₹30,Recycler
Mouse,Pune,10-08-26,₹41,Aggregator
Printer,Pune,10-08-26,₹20,Aggregator
Television,Pune,10-08-26,₹26,Market Survey
Washing Machine,Pune,10-08-26,₹22,Market Survey
Microwave,Pune,10-08-26,₹18,Recycler
Player,Pune,10-08-26,₹55,Recycler
Cable,Pune,10-08-26,₹404,Aggregator
LCD Panel,Pune,10-08-26,₹46,Aggregator
Motor,Pune,10-08-26,₹79,Recycler
Magnet Assembly,Pune,10-08-26,₹101,Aggregator
Metal,Pune,10-08-26,₹53,Aggregator
Plastic,Pune,10-08-26,₹21,Aggregator
Glass,Pune,10-08-26,₹5,Aggregator
PCB,Mumbai,10-08-26,₹437,Recycler
Battery,Mumbai,10-08-26,₹127,Recycler
Mobile,Mumbai,10-08-26,₹227,Market Survey
Keyboard,Mumbai,10-08-26,₹31,Aggregator
Mouse,Mumbai,10-08-26,₹40,Recycler
Printer,Mumbai,10-08-26,₹20,Recycler
Television,Mumbai,10-08-26,₹23,Recycler
Washing Machine,Mumbai,10-08-26,₹21,Aggregator
Microwave,Mumbai,10-08-26,₹20,Recycler
Player,Mumbai,10-08-26,₹52,Recycler
Cable,Mumbai,10-08-26,₹406,Recycler
LCD Panel,Mumbai,10-08-26,₹50,Recycler
Motor,Mumbai,10-08-26,₹82,Recycler
Magnet Assembly,Mumbai,10-08-26,₹103,Market Survey
Metal,Mumbai,10-08-26,₹57,Recycler
Plastic,Mumbai,10-08-26,₹22,Recycler
Glass,Mumbai,10-08-26,₹5,Aggregator
PCB,Delhi,10-08-26,₹438,Aggregator
Battery,Delhi,10-08-26,₹119,Recycler
Mobile,Delhi,10-08-26,₹229,Recycler
Keyboard,Delhi,10-08-26,₹31,Recycler
Mouse,Delhi,10-08-26,₹40,Aggregator
Printer,Delhi,10-08-26,₹19,Recycler
Television,Delhi,10-08-26,₹25,Recycler
Washing Machine,Delhi,10-08-26,₹23,Recycler
Microwave,Delhi,10-08-26,₹19,Recycler
Player,Delhi,10-08-26,₹46,Recycler
Cable,Delhi,10-08-26,₹429,Recycler
LCD Panel,Delhi,10-08-26,₹47,Aggregator
Motor,Delhi,10-08-26,₹82,Recycler
Magnet Assembly,Delhi,10-08-26,₹102,Recycler
Metal,Delhi,10-08-26,₹58,Recycler
Plastic,Delhi,10-08-26,₹23,Recycler
Glass,Delhi,10-08-26,₹5,Recycler
PCB,Noida,10-08-26,₹439,Aggregator
Battery,Noida,10-08-26,₹122,Recycler
Mobile,Noida,10-08-26,₹218,Aggregator
Keyboard,Noida,10-08-26,₹30,Recycler
Mouse,Noida,10-08-26,₹40,Recycler
Printer,Noida,10-08-26,₹19,Recycler
Television,Noida,10-08-26,₹21,Aggregator
Washing Machine,Noida,10-08-26,₹22,Recycler
Microwave,Noida,10-08-26,₹18,Aggregator
Player,Noida,10-08-26,₹47,Recycler
Cable,Noida,10-08-26,₹400,Recycler
LCD Panel,Noida,10-08-26,₹46,Aggregator
Motor,Noida,10-08-26,₹73,Recycler
Magnet Assembly,Noida,10-08-26,₹107,Recycler
Metal,Noida,10-08-26,₹54,Recycler
Plastic,Noida,10-08-26,₹20,Recycler
Glass,Noida,10-08-26,₹5,Recycler
PCB,Jaipur,10-08-26,₹424,Recycler
Battery,Jaipur,10-08-26,₹105,Aggregator
Mobile,Jaipur,10-08-26,₹210,Recycler
Keyboard,Jaipur,10-08-26,₹29,Recycler
Mouse,Jaipur,10-08-26,₹37,Recycler
Printer,Jaipur,10-08-26,₹19,Recycler
Television,Jaipur,10-08-26,₹23,Recycler
Washing Machine,Jaipur,10-08-26,₹20,Aggregator
Microwave,Jaipur,10-08-26,₹18,Recycler
Player,Jaipur,10-08-26,₹48,Recycler
Cable,Jaipur,10-08-26,₹423,Recycler
LCD Panel,Jaipur,10-08-26,₹46,Recycler
Motor,Jaipur,10-08-26,₹77,Market Survey
Magnet Assembly,Jaipur,10-08-26,₹93,Recycler
Metal,Jaipur,10-08-26,₹54,Recycler
Plastic,Jaipur,10-08-26,₹21,Market Survey
Glass,Jaipur,10-08-26,₹5,Recycler
PCB,Ahmedabad,10-08-26,₹473,Recycler
Battery,Ahmedabad,10-08-26,₹117,Recycler
Mobile,Ahmedabad,10-08-26,₹210,Recycler
Keyboard,Ahmedabad,10-08-26,₹26,Recycler
Mouse,Ahmedabad,10-08-26,₹37,Recycler
Printer,Ahmedabad,10-08-26,₹18,Aggregator
Television,Ahmedabad,10-08-26,₹23,Recycler
Washing Machine,Ahmedabad,10-08-26,₹20,Aggregator
Microwave,Ahmedabad,10-08-26,₹17,Aggregator
Player,Ahmedabad,10-08-26,₹49,Aggregator
Cable,Ahmedabad,10-08-26,₹384,Aggregator
LCD Panel,Ahmedabad,10-08-26,₹44,Aggregator
Motor,Ahmedabad,10-08-26,₹75,Market Survey
Magnet Assembly,Ahmedabad,10-08-26,₹93,Aggregator
Metal,Ahmedabad,10-08-26,₹45,Aggregator
Plastic,Ahmedabad,10-08-26,₹20,Aggregator
Glass,Ahmedabad,10-08-26,₹5,Recycler
PCB,Bengaluru,10-08-26,₹479,Recycler
Battery,Bengaluru,10-08-26,₹115,Recycler
Mobile,Bengaluru,10-08-26,₹207,Aggregator
Keyboard,Bengaluru,10-08-26,₹30,Aggregator
Mouse,Bengaluru,10-08-26,₹40,Aggregator
Printer,Bengaluru,10-08-26,₹19,Recycler
Television,Bengaluru,10-08-26,₹25,Recycler
Washing Machine,Bengaluru,10-08-26,₹23,Recycler
Microwave,Bengaluru,10-08-26,₹18,Recycler
Player,Bengaluru,10-08-26,₹50,Recycler
Cable,Bengaluru,10-08-26,₹436,Recycler
LCD Panel,Bengaluru,10-08-26,₹49,Recycler
Motor,Bengaluru,10-08-26,₹80,Recycler
Magnet Assembly,Bengaluru,10-08-26,₹93,Recycler
Metal,Bengaluru,10-08-26,₹55,Recycler
Plastic,Bengaluru,10-08-26,₹23,Recycler
Glass,Bengaluru,10-08-26,₹5,Recycler
PCB,Hyderabad,10-08-26,₹456,Recycler
Battery,Hyderabad,10-08-26,₹112,Recycler
Mobile,Hyderabad,10-08-26,₹223,Recycler
Keyboard,Hyderabad,10-08-26,₹29,Market Survey
Mouse,Hyderabad,10-08-26,₹40,Recycler
Printer,Hyderabad,10-08-26,₹17,Aggregator
Television,Hyderabad,10-08-26,₹24,Recycler
Washing Machine,Hyderabad,10-08-26,₹20,Recycler
Microwave,Hyderabad,10-08-26,₹16,Aggregator
Player,Hyderabad,10-08-26,₹49,Aggregator
Cable,Hyderabad,10-08-26,₹444,Recycler
LCD Panel,Hyderabad,10-08-26,₹49,Recycler
Motor,Hyderabad,10-08-26,₹76,Recycler
Magnet Assembly,Hyderabad,10-08-26,₹100,Market Survey
Metal,Hyderabad,10-08-26,₹54,Recycler
Plastic,Hyderabad,10-08-26,₹22,Recycler
Glass,Hyderabad,10-08-26,₹5,Aggregator
PCB,Chennai,10-08-26,₹460,Aggregator
Battery,Chennai,10-08-26,₹117,Recycler
Mobile,Chennai,10-08-26,₹217,Recycler
Keyboard,Chennai,10-08-26,₹33,Market Survey
Mouse,Chennai,10-08-26,₹41,Aggregator
Printer,Chennai,10-08-26,₹19,Recycler
Television,Chennai,10-08-26,₹22,Aggregator
Washing Machine,Chennai,10-08-26,₹23,Market Survey
Microwave,Chennai,10-08-26,₹17,Recycler
Player,Chennai,10-08-26,₹50,Recycler
Cable,Chennai,10-08-26,₹429,Recycler
LCD Panel,Chennai,10-08-26,₹47,Aggregator
Motor,Chennai,10-08-26,₹80,Recycler
Magnet Assembly,Chennai,10-08-26,₹93,Recycler
Metal,Chennai,10-08-26,₹56,Recycler
Plastic,Chennai,10-08-26,₹22,Recycler
Glass,Chennai,10-08-26,₹5,Recycler
PCB,Kolkata,10-08-26,₹419,Recycler
Battery,Kolkata,10-08-26,₹109,Recycler
Mobile,Kolkata,10-08-26,₹218,Aggregator
Keyboard,Kolkata,10-08-26,₹29,Recycler
Mouse,Kolkata,10-08-26,₹39,Recycler
Printer,Kolkata,10-08-26,₹18,Recycler
Television,Kolkata,10-08-26,₹23,Market Survey
Washing Machine,Kolkata,10-08-26,₹21,Aggregator
Microwave,Kolkata,10-08-26,₹16,Aggregator
Player,Kolkata,10-08-26,₹45,Aggregator
Cable,Kolkata,10-08-26,₹414,Recycler
LCD Panel,Kolkata,10-08-26,₹46,Market Survey
Motor,Kolkata,10-08-26,₹74,Recycler
Magnet Assembly,Kolkata,10-08-26,₹92,Recycler
Metal,Kolkata,10-08-26,₹49,Aggregator
Plastic,Kolkata,10-08-26,₹20,Recycler
Glass,Kolkata,10-08-26,₹5,Recycler
PCB,Lucknow,10-08-26,₹415,Recycler
Battery,Lucknow,10-08-26,₹105,Recycler
Mobile,Lucknow,10-08-26,₹207,Recycler
Keyboard,Lucknow,10-08-26,₹27,Recycler
Mouse,Lucknow,10-08-26,₹38,Recycler
Printer,Lucknow,10-08-26,₹19,Recycler
Television,Lucknow,10-08-26,₹22,Recycler
Washing Machine,Lucknow,10-08-26,₹20,Recycler
Microwave,Lucknow,10-08-26,₹17,Recycler
Player,Lucknow,10-08-26,₹48,Recycler
Cable,Lucknow,10-08-26,₹394,Recycler
LCD Panel,Lucknow,10-08-26,₹44,Recycler
Motor,Lucknow,10-08-26,₹63,Recycler
Magnet Assembly,Lucknow,10-08-26,₹94,Recycler
Metal,Lucknow,10-08-26,₹50,Aggregator
Plastic,Lucknow,10-08-26,₹21,Recycler
Glass,Lucknow,10-08-26,₹5,Recycler
PCB,Bhopal,11-08-26,₹352,Aggregator
Battery,Bhopal,11-08-26,₹118,Market Survey
Mobile,Bhopal,11-08-26,₹195,Aggregator
Keyboard,Bhopal,11-08-26,₹27,Recycler
Mouse,Bhopal,11-08-26,₹39,Recycler
Printer,Bhopal,11-08-26,₹17,Recycler
Television,Bhopal,11-08-26,₹21,Market Survey
Washing Machine,Bhopal,11-08-26,₹20,Recycler
Microwave,Bhopal,11-08-26,₹16,Recycler
Player,Bhopal,11-08-26,₹44,Recycler
Cable,Bhopal,11-08-26,₹405,Recycler
LCD Panel,Bhopal,11-08-26,₹42,Aggregator
Motor,Bhopal,11-08-26,₹69,Recycler
Magnet Assembly,Bhopal,11-08-26,₹95,Recycler
Metal,Bhopal,11-08-26,₹50,Recycler
Plastic,Bhopal,11-08-26,₹19,Aggregator
Glass,Bhopal,11-08-26,₹5,Market Survey
PCB,Indore,11-08-26,₹417,Recycler
Battery,Indore,11-08-26,₹101,Recycler
Mobile,Indore,11-08-26,₹211,Aggregator
Keyboard,Indore,11-08-26,₹28,Market Survey
Mouse,Indore,11-08-26,₹38,Aggregator
Printer,Indore,11-08-26,₹18,Aggregator
Television,Indore,11-08-26,₹23,Aggregator
Washing Machine,Indore,11-08-26,₹20,Recycler
Microwave,Indore,11-08-26,₹16,Recycler
Player,Indore,11-08-26,₹46,Market Survey
Cable,Indore,11-08-26,₹384,Recycler
LCD Panel,Indore,11-08-26,₹42,Recycler
Motor,Indore,11-08-26,₹72,Recycler
Magnet Assembly,Indore,11-08-26,₹93,Recycler
Metal,Indore,11-08-26,₹52,Recycler
Plastic,Indore,11-08-26,₹19,Aggregator
Glass,Indore,11-08-26,₹5,Recycler
PCB,Raipur,11-08-26,₹427,Recycler
Battery,Raipur,11-08-26,₹104,Aggregator
Mobile,Raipur,11-08-26,₹212,Recycler
Keyboard,Raipur,11-08-26,₹26,Aggregator
Mouse,Raipur,11-08-26,₹39,Recycler
Printer,Raipur,11-08-26,₹17,Market Survey
Television,Raipur,11-08-26,₹21,Recycler
Washing Machine,Raipur,11-08-26,₹21,Recycler
Microwave,Raipur,11-08-26,₹16,Recycler
Player,Raipur,11-08-26,₹44,Recycler
Cable,Raipur,11-08-26,₹393,Market Survey
LCD Panel,Raipur,11-08-26,₹42,Aggregator
Motor,Raipur,11-08-26,₹69,Recycler
Magnet Assembly,Raipur,11-08-26,₹88,Recycler
Metal,Raipur,11-08-26,₹52,Recycler
Plastic,Raipur,11-08-26,₹18,Recycler
Glass,Raipur,11-08-26,₹4,Aggregator
PCB,Nagpur,11-08-26,₹432,Aggregator
Battery,Nagpur,11-08-26,₹106,Recycler
Mobile,Nagpur,11-08-26,₹209,Recycler
Keyboard,Nagpur,11-08-26,₹27,Recycler
Mouse,Nagpur,11-08-26,₹42,Market Survey
Printer,Nagpur,11-08-26,₹17,Recycler
Television,Nagpur,11-08-26,₹21,Recycler
Washing Machine,Nagpur,11-08-26,₹20,Recycler
Microwave,Nagpur,11-08-26,₹17,Recycler
Player,Nagpur,11-08-26,₹49,Recycler
Cable,Nagpur,11-08-26,₹365,Recycler
LCD Panel,Nagpur,11-08-26,₹45,Recycler
Motor,Nagpur,11-08-26,₹75,Recycler
Magnet Assembly,Nagpur,11-08-26,₹98,Recycler
Metal,Nagpur,11-08-26,₹52,Market Survey
Plastic,Nagpur,11-08-26,₹20,Recycler
Glass,Nagpur,11-08-26,₹5,Recycler
PCB,Pune,11-08-26,₹436,Aggregator
Battery,Pune,11-08-26,₹111,Aggregator
Mobile,Pune,11-08-26,₹216,Aggregator
Keyboard,Pune,11-08-26,₹31,Market Survey
Mouse,Pune,11-08-26,₹41,Recycler
Printer,Pune,11-08-26,₹18,Recycler
Television,Pune,11-08-26,₹22,Recycler
Washing Machine,Pune,11-08-26,₹22,Recycler
Microwave,Pune,11-08-26,₹17,Recycler
Player,Pune,11-08-26,₹48,Aggregator
Cable,Pune,11-08-26,₹384,Aggregator
LCD Panel,Pune,11-08-26,₹47,Recycler
Motor,Pune,11-08-26,₹71,Recycler
Magnet Assembly,Pune,11-08-26,₹101,Recycler
Metal,Pune,11-08-26,₹52,Aggregator
Plastic,Pune,11-08-26,₹21,Recycler
Glass,Pune,11-08-26,₹5,Market Survey
PCB,Mumbai,11-08-26,₹463,Aggregator
Battery,Mumbai,11-08-26,₹120,Recycler
Mobile,Mumbai,11-08-26,₹232,Market Survey
Keyboard,Mumbai,11-08-26,₹30,Aggregator
Mouse,Mumbai,11-08-26,₹40,Recycler
Printer,Mumbai,11-08-26,₹20,Recycler
Television,Mumbai,11-08-26,₹23,Recycler
Washing Machine,Mumbai,11-08-26,₹22,Aggregator
Microwave,Mumbai,11-08-26,₹19,Market Survey
Player,Mumbai,11-08-26,₹48,Aggregator
Cable,Mumbai,11-08-26,₹385,Recycler
LCD Panel,Mumbai,11-08-26,₹45,Aggregator
Motor,Mumbai,11-08-26,₹71,Aggregator
Magnet Assembly,Mumbai,11-08-26,₹100,Aggregator
Metal,Mumbai,11-08-26,₹55,Recycler
Plastic,Mumbai,11-08-26,₹21,Recycler
Glass,Mumbai,11-08-26,₹6,Recycler
PCB,Delhi,11-08-26,₹454,Aggregator
Battery,Delhi,11-08-26,₹129,Market Survey
Mobile,Delhi,11-08-26,₹230,Aggregator
Keyboard,Delhi,11-08-26,₹30,Recycler
Mouse,Delhi,11-08-26,₹40,Recycler
Printer,Delhi,11-08-26,₹19,Market Survey
Television,Delhi,11-08-26,₹24,Market Survey
Washing Machine,Delhi,11-08-26,₹22,Recycler
Microwave,Delhi,11-08-26,₹18,Recycler
Player,Delhi,11-08-26,₹49,Recycler
Cable,Delhi,11-08-26,₹390,Aggregator
LCD Panel,Delhi,11-08-26,₹48,Recycler
Motor,Delhi,11-08-26,₹71,Recycler
Magnet Assembly,Delhi,11-08-26,₹96,Recycler
Metal,Delhi,11-08-26,₹52,Aggregator
Plastic,Delhi,11-08-26,₹20,Aggregator
Glass,Delhi,11-08-26,₹5,Recycler
PCB,Noida,11-08-26,₹465,Market Survey
Battery,Noida,11-08-26,₹115,Aggregator
Mobile,Noida,11-08-26,₹233,Market Survey
Keyboard,Noida,11-08-26,₹29,Aggregator
Mouse,Noida,11-08-26,₹41,Recycler
Printer,Noida,11-08-26,₹18,Recycler
Television,Noida,11-08-26,₹23,Recycler
Washing Machine,Noida,11-08-26,₹23,Recycler
Microwave,Noida,11-08-26,₹17,Market Survey
Player,Noida,11-08-26,₹52,Recycler
Cable,Noida,11-08-26,₹408,Aggregator
LCD Panel,Noida,11-08-26,₹49,Recycler
Motor,Noida,11-08-26,₹75,Recycler
Magnet Assembly,Noida,11-08-26,₹90,Recycler
Metal,Noida,11-08-26,₹60,Recycler
Plastic,Noida,11-08-26,₹20,Recycler
Glass,Noida,11-08-26,₹5,Recycler
PCB,Jaipur,11-08-26,₹407,Market Survey
Battery,Jaipur,11-08-26,₹107,Recycler
Mobile,Jaipur,11-08-26,₹206,Recycler
Keyboard,Jaipur,11-08-26,₹27,Recycler
Mouse,Jaipur,11-08-26,₹41,Market Survey
Printer,Jaipur,11-08-26,₹18,Recycler
Television,Jaipur,11-08-26,₹20,Aggregator
Washing Machine,Jaipur,11-08-26,₹20,Recycler
Microwave,Jaipur,11-08-26,₹19,Recycler
Player,Jaipur,11-08-26,₹52,Recycler
Cable,Jaipur,11-08-26,₹380,Recycler
LCD Panel,Jaipur,11-08-26,₹46,Aggregator
Motor,Jaipur,11-08-26,₹66,Aggregator
Magnet Assembly,Jaipur,11-08-26,₹94,Recycler
Metal,Jaipur,11-08-26,₹52,Recycler
Plastic,Jaipur,11-08-26,₹20,Recycler
Glass,Jaipur,11-08-26,₹5,Recycler
PCB,Ahmedabad,11-08-26,₹423,Recycler
Battery,Ahmedabad,11-08-26,₹118,Market Survey
Mobile,Ahmedabad,11-08-26,₹210,Aggregator
Keyboard,Ahmedabad,11-08-26,₹29,Recycler
Mouse,Ahmedabad,11-08-26,₹37,Recycler
Printer,Ahmedabad,11-08-26,₹18,Recycler
Television,Ahmedabad,11-08-26,₹23,Aggregator
Washing Machine,Ahmedabad,11-08-26,₹22,Aggregator
Microwave,Ahmedabad,11-08-26,₹17,Recycler
Player,Ahmedabad,11-08-26,₹49,Recycler
Cable,Ahmedabad,11-08-26,₹392,Recycler
LCD Panel,Ahmedabad,11-08-26,₹44,Aggregator
Motor,Ahmedabad,11-08-26,₹77,Market Survey
Magnet Assembly,Ahmedabad,11-08-26,₹95,Recycler
Metal,Ahmedabad,11-08-26,₹54,Recycler
Plastic,Ahmedabad,11-08-26,₹20,Aggregator
Glass,Ahmedabad,11-08-26,₹5,Recycler
PCB,Bengaluru,11-08-26,₹453,Aggregator
Battery,Bengaluru,11-08-26,₹111,Recycler
Mobile,Bengaluru,11-08-26,₹228,Recycler
Keyboard,Bengaluru,11-08-26,₹28,Aggregator
Mouse,Bengaluru,11-08-26,₹43,Market Survey
Printer,Bengaluru,11-08-26,₹20,Recycler
Television,Bengaluru,11-08-26,₹23,Recycler
Washing Machine,Bengaluru,11-08-26,₹21,Recycler
Microwave,Bengaluru,11-08-26,₹18,Market Survey
Player,Bengaluru,11-08-26,₹53,Recycler
Cable,Bengaluru,11-08-26,₹424,Recycler
LCD Panel,Bengaluru,11-08-26,₹48,Recycler
Motor,Bengaluru,11-08-26,₹76,Recycler
Magnet Assembly,Bengaluru,11-08-26,₹94,Recycler
Metal,Bengaluru,11-08-26,₹53,Recycler
Plastic,Bengaluru,11-08-26,₹22,Recycler
Glass,Bengaluru,11-08-26,₹6,Recycler
PCB,Hyderabad,11-08-26,₹492,Recycler
Battery,Hyderabad,11-08-26,₹106,Aggregator
Mobile,Hyderabad,11-08-26,₹223,Recycler
Keyboard,Hyderabad,11-08-26,₹31,Recycler
Mouse,Hyderabad,11-08-26,₹37,Aggregator
Printer,Hyderabad,11-08-26,₹19,Aggregator
Television,Hyderabad,11-08-26,₹22,Recycler
Washing Machine,Hyderabad,11-08-26,₹21,Recycler
Microwave,Hyderabad,11-08-26,₹17,Aggregator
Player,Hyderabad,11-08-26,₹52,Aggregator
Cable,Hyderabad,11-08-26,₹411,Aggregator
LCD Panel,Hyderabad,11-08-26,₹48,Recycler
Motor,Hyderabad,11-08-26,₹72,Recycler
Magnet Assembly,Hyderabad,11-08-26,₹97,Market Survey
Metal,Hyderabad,11-08-26,₹50,Recycler
Plastic,Hyderabad,11-08-26,₹20,Recycler
Glass,Hyderabad,11-08-26,₹5,Recycler
PCB,Chennai,11-08-26,₹440,Recycler
Battery,Chennai,11-08-26,₹121,Recycler
Mobile,Chennai,11-08-26,₹223,Recycler
Keyboard,Chennai,11-08-26,₹29,Recycler
Mouse,Chennai,11-08-26,₹41,Recycler
Printer,Chennai,11-08-26,₹18,Recycler
Television,Chennai,11-08-26,₹23,Recycler
Washing Machine,Chennai,11-08-26,₹22,Recycler
Microwave,Chennai,11-08-26,₹18,Aggregator
Player,Chennai,11-08-26,₹48,Aggregator
Cable,Chennai,11-08-26,₹423,Recycler
LCD Panel,Chennai,11-08-26,₹49,Market Survey
Motor,Chennai,11-08-26,₹78,Recycler
Magnet Assembly,Chennai,11-08-26,₹95,Recycler
Metal,Chennai,11-08-26,₹57,Recycler
Plastic,Chennai,11-08-26,₹21,Recycler
Glass,Chennai,11-08-26,₹5,Recycler
PCB,Kolkata,11-08-26,₹418,Recycler
Battery,Kolkata,11-08-26,₹98,Recycler
Mobile,Kolkata,11-08-26,₹202,Aggregator
Keyboard,Kolkata,11-08-26,₹27,Recycler
Mouse,Kolkata,11-08-26,₹39,Recycler
Printer,Kolkata,11-08-26,₹18,Recycler
Television,Kolkata,11-08-26,₹20,Recycler
Washing Machine,Kolkata,11-08-26,₹20,Recycler
Microwave,Kolkata,11-08-26,₹17,Recycler
Player,Kolkata,11-08-26,₹46,Market Survey
Cable,Kolkata,11-08-26,₹368,Aggregator
LCD Panel,Kolkata,11-08-26,₹45,Recycler
Motor,Kolkata,11-08-26,₹66,Aggregator
Magnet Assembly,Kolkata,11-08-26,₹89,Aggregator
Metal,Kolkata,11-08-26,₹52,Market Survey
Plastic,Kolkata,11-08-26,₹20,Recycler
Glass,Kolkata,11-08-26,₹5,Aggregator
PCB,Lucknow,11-08-26,₹419,Recycler
Battery,Lucknow,11-08-26,₹111,Market Survey
Mobile,Lucknow,11-08-26,₹190,Recycler
Keyboard,Lucknow,11-08-26,₹27,Recycler
Mouse,Lucknow,11-08-26,₹36,Aggregator
Printer,Lucknow,11-08-26,₹17,Aggregator
Television,Lucknow,11-08-26,₹23,Aggregator
Washing Machine,Lucknow,11-08-26,₹20,Recycler
Microwave,Lucknow,11-08-26,₹15,Aggregator
Player,Lucknow,11-08-26,₹48,Recycler
Cable,Lucknow,11-08-26,₹386,Aggregator
LCD Panel,Lucknow,11-08-26,₹44,Market Survey
Motor,Lucknow,11-08-26,₹68,Recycler
Magnet Assembly,Lucknow,11-08-26,₹90,Aggregator
Metal,Lucknow,11-08-26,₹52,Recycler
Plastic,Lucknow,11-08-26,₹20,Recycler
Glass,Lucknow,11-08-26,₹5,Recycler
PCB,Bhopal,12-08-26,₹393,Aggregator
Battery,Bhopal,12-08-26,₹112,Recycler
Mobile,Bhopal,12-08-26,₹197,Aggregator
Keyboard,Bhopal,12-08-26,₹27,Recycler
Mouse,Bhopal,12-08-26,₹35,Recycler
Printer,Bhopal,12-08-26,₹18,Recycler
Television,Bhopal,12-08-26,₹21,Recycler
Washing Machine,Bhopal,12-08-26,₹21,Aggregator
Microwave,Bhopal,12-08-26,₹17,Recycler
Player,Bhopal,12-08-26,₹45,Aggregator
Cable,Bhopal,12-08-26,₹363,Recycler
LCD Panel,Bhopal,12-08-26,₹44,Market Survey
Motor,Bhopal,12-08-26,₹72,Recycler
Magnet Assembly,Bhopal,12-08-26,₹103,Recycler
Metal,Bhopal,12-08-26,₹48,Recycler
Plastic,Bhopal,12-08-26,₹18,Aggregator
Glass,Bhopal,12-08-26,₹5,Aggregator
PCB,Indore,12-08-26,₹427,Recycler
Battery,Indore,12-08-26,₹114,Recycler
Mobile,Indore,12-08-26,₹193,Recycler
Keyboard,Indore,12-08-26,₹28,Recycler
Mouse,Indore,12-08-26,₹42,Recycler
Printer,Indore,12-08-26,₹18,Recycler
Television,Indore,12-08-26,₹20,Aggregator
Washing Machine,Indore,12-08-26,₹21,Recycler
Microwave,Indore,12-08-26,₹16,Recycler
Player,Indore,12-08-26,₹44,Aggregator
Cable,Indore,12-08-26,₹381,Recycler
LCD Panel,Indore,12-08-26,₹42,Recycler
Motor,Indore,12-08-26,₹73,Market Survey
Magnet Assembly,Indore,12-08-26,₹89,Aggregator
Metal,Indore,12-08-26,₹51,Recycler
Plastic,Indore,12-08-26,₹19,Aggregator
Glass,Indore,12-08-26,₹5,Recycler
PCB,Raipur,12-08-26,₹392,Recycler
Battery,Raipur,12-08-26,₹104,Aggregator
Mobile,Raipur,12-08-26,₹196,Aggregator
Keyboard,Raipur,12-08-26,₹27,Market Survey
Mouse,Raipur,12-08-26,₹38,Recycler
Printer,Raipur,12-08-26,₹17,Recycler
Television,Raipur,12-08-26,₹20,Recycler
Washing Machine,Raipur,12-08-26,₹20,Market Survey
Microwave,Raipur,12-08-26,₹16,Recycler
Player,Raipur,12-08-26,₹43,Aggregator
Cable,Raipur,12-08-26,₹370,Market Survey
LCD Panel,Raipur,12-08-26,₹42,Recycler
Motor,Raipur,12-08-26,₹67,Recycler
Magnet Assembly,Raipur,12-08-26,₹91,Aggregator
Metal,Raipur,12-08-26,₹52,Recycler
Plastic,Raipur,12-08-26,₹20,Recycler
Glass,Raipur,12-08-26,₹4,Recycler
PCB,Nagpur,12-08-26,₹436,Recycler
Battery,Nagpur,12-08-26,₹106,Recycler
Mobile,Nagpur,12-08-26,₹199,Recycler
Keyboard,Nagpur,12-08-26,₹28,Recycler
Mouse,Nagpur,12-08-26,₹38,Aggregator
Printer,Nagpur,12-08-26,₹18,Recycler
Television,Nagpur,12-08-26,₹22,Recycler
Washing Machine,Nagpur,12-08-26,₹21,Recycler
Microwave,Nagpur,12-08-26,₹17,Recycler
Player,Nagpur,12-08-26,₹45,Aggregator
Cable,Nagpur,12-08-26,₹383,Recycler
LCD Panel,Nagpur,12-08-26,₹44,Recycler
Motor,Nagpur,12-08-26,₹69,Aggregator
Magnet Assembly,Nagpur,12-08-26,₹86,Recycler
Metal,Nagpur,12-08-26,₹48,Aggregator
Plastic,Nagpur,12-08-26,₹20,Recycler
Glass,Nagpur,12-08-26,₹5,Recycler
PCB,Pune,12-08-26,₹473,Market Survey
Battery,Pune,12-08-26,₹122,Recycler
Mobile,Pune,12-08-26,₹216,Aggregator
Keyboard,Pune,12-08-26,₹29,Recycler
Mouse,Pune,12-08-26,₹37,Recycler
Printer,Pune,12-08-26,₹19,Market Survey
Television,Pune,12-08-26,₹25,Recycler
Washing Machine,Pune,12-08-26,₹22,Recycler
Microwave,Pune,12-08-26,₹18,Aggregator
Player,Pune,12-08-26,₹47,Aggregator
Cable,Pune,12-08-26,₹410,Recycler
LCD Panel,Pune,12-08-26,₹47,Aggregator
Motor,Pune,12-08-26,₹73,Recycler
Magnet Assembly,Pune,12-08-26,₹97,Recycler
Metal,Pune,12-08-26,₹55,Recycler
Plastic,Pune,12-08-26,₹20,Aggregator
Glass,Pune,12-08-26,₹5,Recycler
PCB,Mumbai,12-08-26,₹460,Recycler
Battery,Mumbai,12-08-26,₹112,Recycler
Mobile,Mumbai,12-08-26,₹240,Market Survey
Keyboard,Mumbai,12-08-26,₹31,Recycler
Mouse,Mumbai,12-08-26,₹40,Aggregator
Printer,Mumbai,12-08-26,₹19,Recycler
Television,Mumbai,12-08-26,₹25,Market Survey
Washing Machine,Mumbai,12-08-26,₹22,Recycler
Microwave,Mumbai,12-08-26,₹17,Aggregator
Player,Mumbai,12-08-26,₹50,Aggregator
Cable,Mumbai,12-08-26,₹409,Aggregator
LCD Panel,Mumbai,12-08-26,₹49,Recycler
Motor,Mumbai,12-08-26,₹80,Recycler
Magnet Assembly,Mumbai,12-08-26,₹106,Recycler
Metal,Mumbai,12-08-26,₹50,Aggregator
Plastic,Mumbai,12-08-26,₹22,Recycler
Glass,Mumbai,12-08-26,₹5,Recycler
PCB,Delhi,12-08-26,₹471,Recycler
Battery,Delhi,12-08-26,₹122,Recycler
Mobile,Delhi,12-08-26,₹212,Market Survey
Keyboard,Delhi,12-08-26,₹28,Aggregator
Mouse,Delhi,12-08-26,₹42,Recycler
Printer,Delhi,12-08-26,₹18,Recycler
Television,Delhi,12-08-26,₹22,Recycler
Washing Machine,Delhi,12-08-26,₹22,Aggregator
Microwave,Delhi,12-08-26,₹18,Recycler
Player,Delhi,12-08-26,₹50,Aggregator
Cable,Delhi,12-08-26,₹396,Aggregator
LCD Panel,Delhi,12-08-26,₹44,Aggregator
Motor,Delhi,12-08-26,₹74,Recycler
Magnet Assembly,Delhi,12-08-26,₹99,Aggregator
Metal,Delhi,12-08-26,₹52,Aggregator
Plastic,Delhi,12-08-26,₹21,Recycler
Glass,Delhi,12-08-26,₹5,Recycler
PCB,Noida,12-08-26,₹441,Recycler
Battery,Noida,12-08-26,₹108,Recycler
Mobile,Noida,12-08-26,₹204,Market Survey
Keyboard,Noida,12-08-26,₹29,Recycler
Mouse,Noida,12-08-26,₹39,Aggregator
Printer,Noida,12-08-26,₹18,Market Survey
Television,Noida,12-08-26,₹23,Market Survey
Washing Machine,Noida,12-08-26,₹21,Recycler
Microwave,Noida,12-08-26,₹18,Aggregator
Player,Noida,12-08-26,₹50,Recycler
Cable,Noida,12-08-26,₹398,Recycler
LCD Panel,Noida,12-08-26,₹46,Recycler
Motor,Noida,12-08-26,₹73,Aggregator
Magnet Assembly,Noida,12-08-26,₹101,Recycler
Metal,Noida,12-08-26,₹48,Recycler
Plastic,Noida,12-08-26,₹22,Recycler
Glass,Noida,12-08-26,₹5,Recycler
PCB,Jaipur,12-08-26,₹424,Recycler
Battery,Jaipur,12-08-26,₹110,Recycler
Mobile,Jaipur,12-08-26,₹215,Recycler
Keyboard,Jaipur,12-08-26,₹28,Recycler
Mouse,Jaipur,12-08-26,₹39,Recycler
Printer,Jaipur,12-08-26,₹17,Recycler
Television,Jaipur,12-08-26,₹22,Recycler
Washing Machine,Jaipur,12-08-26,₹21,Market Survey
Microwave,Jaipur,12-08-26,₹17,Recycler
Player,Jaipur,12-08-26,₹48,Market Survey
Cable,Jaipur,12-08-26,₹391,Recycler
LCD Panel,Jaipur,12-08-26,₹44,Recycler
Motor,Jaipur,12-08-26,₹68,Aggregator
Magnet Assembly,Jaipur,12-08-26,₹89,Aggregator
Metal,Jaipur,12-08-26,₹52,Recycler
Plastic,Jaipur,12-08-26,₹18,Market Survey
Glass,Jaipur,12-08-26,₹5,Recycler
PCB,Ahmedabad,12-08-26,₹421,Recycler
Battery,Ahmedabad,12-08-26,₹111,Recycler
Mobile,Ahmedabad,12-08-26,₹216,Recycler
Keyboard,Ahmedabad,12-08-26,₹28,Aggregator
Mouse,Ahmedabad,12-08-26,₹37,Aggregator
Printer,Ahmedabad,12-08-26,₹17,Recycler
Television,Ahmedabad,12-08-26,₹21,Recycler
Washing Machine,Ahmedabad,12-08-26,₹21,Recycler
Microwave,Ahmedabad,12-08-26,₹17,Recycler
Player,Ahmedabad,12-08-26,₹50,Recycler
Cable,Ahmedabad,12-08-26,₹417,Recycler
LCD Panel,Ahmedabad,12-08-26,₹42,Recycler
Motor,Ahmedabad,12-08-26,₹71,Recycler
Magnet Assembly,Ahmedabad,12-08-26,₹101,Recycler
Metal,Ahmedabad,12-08-26,₹56,Recycler
Plastic,Ahmedabad,12-08-26,₹20,Aggregator
Glass,Ahmedabad,12-08-26,₹5,Recycler
PCB,Bengaluru,12-08-26,₹433,Aggregator
Battery,Bengaluru,12-08-26,₹115,Market Survey
Mobile,Bengaluru,12-08-26,₹218,Aggregator
Keyboard,Bengaluru,12-08-26,₹33,Market Survey
Mouse,Bengaluru,12-08-26,₹35,Aggregator
Printer,Bengaluru,12-08-26,₹19,Recycler
Television,Bengaluru,12-08-26,₹25,Market Survey
Washing Machine,Bengaluru,12-08-26,₹23,Recycler
Microwave,Bengaluru,12-08-26,₹17,Recycler
Player,Bengaluru,12-08-26,₹52,Recycler
Cable,Bengaluru,12-08-26,₹408,Recycler
LCD Panel,Bengaluru,12-08-26,₹46,Aggregator
Motor,Bengaluru,12-08-26,₹77,Recycler
Magnet Assembly,Bengaluru,12-08-26,₹93,Aggregator
Metal,Bengaluru,12-08-26,₹54,Recycler
Plastic,Bengaluru,12-08-26,₹22,Recycler
Glass,Bengaluru,12-08-26,₹5,Recycler
PCB,Hyderabad,12-08-26,₹436,Recycler
Battery,Hyderabad,12-08-26,₹112,Recycler
Mobile,Hyderabad,12-08-26,₹209,Recycler
Keyboard,Hyderabad,12-08-26,₹29,Recycler
Mouse,Hyderabad,12-08-26,₹40,Market Survey
Printer,Hyderabad,12-08-26,₹18,Recycler
Television,Hyderabad,12-08-26,₹23,Recycler
Washing Machine,Hyderabad,12-08-26,₹22,Market Survey
Microwave,Hyderabad,12-08-26,₹17,Aggregator
Player,Hyderabad,12-08-26,₹51,Recycler
Cable,Hyderabad,12-08-26,₹404,Recycler
LCD Panel,Hyderabad,12-08-26,₹49,Market Survey
Motor,Hyderabad,12-08-26,₹71,Recycler
Magnet Assembly,Hyderabad,12-08-26,₹99,Recycler
Metal,Hyderabad,12-08-26,₹50,Recycler
Plastic,Hyderabad,12-08-26,₹21,Market Survey
Glass,Hyderabad,12-08-26,₹5,Recycler
PCB,Chennai,12-08-26,₹451,Market Survey
Battery,Chennai,12-08-26,₹115,Recycler
Mobile,Chennai,12-08-26,₹223,Market Survey
Keyboard,Chennai,12-08-26,₹28,Market Survey
Mouse,Chennai,12-08-26,₹39,Aggregator
Printer,Chennai,12-08-26,₹19,Aggregator
Television,Chennai,12-08-26,₹24,Recycler
Washing Machine,Chennai,12-08-26,₹24,Recycler
Microwave,Chennai,12-08-26,₹18,Recycler
Player,Chennai,12-08-26,₹52,Recycler
Cable,Chennai,12-08-26,₹397,Recycler
LCD Panel,Chennai,12-08-26,₹48,Market Survey
Motor,Chennai,12-08-26,₹69,Aggregator
Magnet Assembly,Chennai,12-08-26,₹98,Aggregator
Metal,Chennai,12-08-26,₹58,Recycler
Plastic,Chennai,12-08-26,₹21,Aggregator
Glass,Chennai,12-08-26,₹5,Recycler
PCB,Kolkata,12-08-26,₹404,Recycler
Battery,Kolkata,12-08-26,₹101,Aggregator
Mobile,Kolkata,12-08-26,₹224,Recycler
Keyboard,Kolkata,12-08-26,₹26,Aggregator
Mouse,Kolkata,12-08-26,₹38,Recycler
Printer,Kolkata,12-08-26,₹18,Recycler
Television,Kolkata,12-08-26,₹23,Recycler
Washing Machine,Kolkata,12-08-26,₹20,Recycler
Microwave,Kolkata,12-08-26,₹17,Recycler
Player,Kolkata,12-08-26,₹50,Recycler
Cable,Kolkata,12-08-26,₹388,Recycler
LCD Panel,Kolkata,12-08-26,₹45,Aggregator
Motor,Kolkata,12-08-26,₹68,Aggregator
Magnet Assembly,Kolkata,12-08-26,₹91,Recycler
Metal,Kolkata,12-08-26,₹52,Recycler
Plastic,Kolkata,12-08-26,₹20,Recycler
Glass,Kolkata,12-08-26,₹5,Aggregator
PCB,Lucknow,12-08-26,₹422,Market Survey
Battery,Lucknow,12-08-26,₹104,Aggregator
Mobile,Lucknow,12-08-26,₹206,Recycler
Keyboard,Lucknow,12-08-26,₹27,Recycler
Mouse,Lucknow,12-08-26,₹37,Recycler
Printer,Lucknow,12-08-26,₹17,Recycler
Television,Lucknow,12-08-26,₹21,Market Survey
Washing Machine,Lucknow,12-08-26,₹20,Aggregator
Microwave,Lucknow,12-08-26,₹17,Recycler
Player,Lucknow,12-08-26,₹47,Market Survey
Cable,Lucknow,12-08-26,₹347,Recycler
LCD Panel,Lucknow,12-08-26,₹41,Recycler
Motor,Lucknow,12-08-26,₹69,Recycler
Magnet Assembly,Lucknow,12-08-26,₹91,Recycler
Metal,Lucknow,12-08-26,₹50,Recycler
Plastic,Lucknow,12-08-26,₹19,Recycler
Glass,Lucknow,12-08-26,₹5,Recycler
PCB,Bhopal,13-08-26,₹422,Recycler
Battery,Bhopal,13-08-26,₹109,Recycler
Mobile,Bhopal,13-08-26,₹207,Recycler
Keyboard,Bhopal,13-08-26,₹26,Recycler
Mouse,Bhopal,13-08-26,₹37,Recycler
Printer,Bhopal,13-08-26,₹17,Aggregator
Television,Bhopal,13-08-26,₹20,Recycler
Washing Machine,Bhopal,13-08-26,₹22,Recycler
Microwave,Bhopal,13-08-26,₹18,Recycler
Player,Bhopal,13-08-26,₹47,Market Survey
Cable,Bhopal,13-08-26,₹398,Recycler
LCD Panel,Bhopal,13-08-26,₹44,Recycler
Motor,Bhopal,13-08-26,₹68,Aggregator
Magnet Assembly,Bhopal,13-08-26,₹94,Recycler
Metal,Bhopal,13-08-26,₹49,Recycler
Plastic,Bhopal,13-08-26,₹19,Recycler
Glass,Bhopal,13-08-26,₹5,Recycler
PCB,Indore,13-08-26,₹391,Aggregator
Battery,Indore,13-08-26,₹107,Recycler
Mobile,Indore,13-08-26,₹191,Recycler
Keyboard,Indore,13-08-26,₹27,Aggregator
Mouse,Indore,13-08-26,₹38,Aggregator
Printer,Indore,13-08-26,₹18,Market Survey
Television,Indore,13-08-26,₹21,Recycler
Washing Machine,Indore,13-08-26,₹21,Recycler
Microwave,Indore,13-08-26,₹17,Recycler
Player,Indore,13-08-26,₹45,Recycler
Cable,Indore,13-08-26,₹375,Recycler
LCD Panel,Indore,13-08-26,₹42,Recycler
Motor,Indore,13-08-26,₹70,Recycler
Magnet Assembly,Indore,13-08-26,₹94,Recycler
Metal,Indore,13-08-26,₹52,Aggregator
Plastic,Indore,13-08-26,₹20,Market Survey
Glass,Indore,13-08-26,₹5,Recycler
PCB,Raipur,13-08-26,₹409,Recycler
Battery,Raipur,13-08-26,₹108,Market Survey
Mobile,Raipur,13-08-26,₹228,Market Survey
Keyboard,Raipur,13-08-26,₹26,Recycler
Mouse,Raipur,13-08-26,₹36,Recycler
Printer,Raipur,13-08-26,₹17,Recycler
Television,Raipur,13-08-26,₹22,Recycler
Washing Machine,Raipur,13-08-26,₹20,Recycler
Microwave,Raipur,13-08-26,₹17,Recycler
Player,Raipur,13-08-26,₹48,Recycler
Cable,Raipur,13-08-26,₹389,Aggregator
LCD Panel,Raipur,13-08-26,₹42,Recycler
Motor,Raipur,13-08-26,₹71,Recycler
Magnet Assembly,Raipur,13-08-26,₹92,Aggregator
Metal,Raipur,13-08-26,₹47,Recycler
Plastic,Raipur,13-08-26,₹18,Recycler
Glass,Raipur,13-08-26,₹5,Aggregator
PCB,Nagpur,13-08-26,₹414,Recycler
Battery,Nagpur,13-08-26,₹111,Recycler
Mobile,Nagpur,13-08-26,₹190,Recycler
Keyboard,Nagpur,13-08-26,₹27,Recycler
Mouse,Nagpur,13-08-26,₹36,Market Survey
Printer,Nagpur,13-08-26,₹17,Recycler
Television,Nagpur,13-08-26,₹20,Aggregator
Washing Machine,Nagpur,13-08-26,₹20,Recycler
Microwave,Nagpur,13-08-26,₹17,Recycler
Player,Nagpur,13-08-26,₹49,Recycler
Cable,Nagpur,13-08-26,₹368,Recycler
LCD Panel,Nagpur,13-08-26,₹44,Recycler
Motor,Nagpur,13-08-26,₹71,Recycler
Magnet Assembly,Nagpur,13-08-26,₹90,Recycler
Metal,Nagpur,13-08-26,₹50,Aggregator
Plastic,Nagpur,13-08-26,₹19,Recycler
Glass,Nagpur,13-08-26,₹5,Recycler
PCB,Pune,13-08-26,₹436,Recycler
Battery,Pune,13-08-26,₹110,Aggregator
Mobile,Pune,13-08-26,₹206,Aggregator
Keyboard,Pune,13-08-26,₹30,Recycler
Mouse,Pune,13-08-26,₹39,Recycler
Printer,Pune,13-08-26,₹19,Recycler
Television,Pune,13-08-26,₹22,Recycler
Washing Machine,Pune,13-08-26,₹21,Aggregator
Microwave,Pune,13-08-26,₹18,Aggregator
Player,Pune,13-08-26,₹48,Aggregator
Cable,Pune,13-08-26,₹397,Aggregator
LCD Panel,Pune,13-08-26,₹44,Aggregator
Motor,Pune,13-08-26,₹69,Aggregator
Magnet Assembly,Pune,13-08-26,₹91,Aggregator
Metal,Pune,13-08-26,₹54,Market Survey
Plastic,Pune,13-08-26,₹21,Market Survey
Glass,Pune,13-08-26,₹5,Aggregator
PCB,Mumbai,13-08-26,₹456,Aggregator
Battery,Mumbai,13-08-26,₹120,Market Survey
Mobile,Mumbai,13-08-26,₹236,Recycler
Keyboard,Mumbai,13-08-26,₹29,Aggregator
Mouse,Mumbai,13-08-26,₹40,Aggregator
Printer,Mumbai,13-08-26,₹18,Recycler
Television,Mumbai,13-08-26,₹22,Recycler
Washing Machine,Mumbai,13-08-26,₹23,Recycler
Microwave,Mumbai,13-08-26,₹18,Recycler
Player,Mumbai,13-08-26,₹47,Recycler
Cable,Mumbai,13-08-26,₹405,Aggregator
LCD Panel,Mumbai,13-08-26,₹46,Aggregator
Motor,Mumbai,13-08-26,₹75,Recycler
Magnet Assembly,Mumbai,13-08-26,₹106,Recycler
Metal,Mumbai,13-08-26,₹57,Recycler
Plastic,Mumbai,13-08-26,₹19,Recycler
Glass,Mumbai,13-08-26,₹5,Recycler
PCB,Delhi,13-08-26,₹484,Market Survey
Battery,Delhi,13-08-26,₹115,Recycler
Mobile,Delhi,13-08-26,₹225,Recycler
Keyboard,Delhi,13-08-26,₹30,Market Survey
Mouse,Delhi,13-08-26,₹44,Recycler
Printer,Delhi,13-08-26,₹19,Recycler
Television,Delhi,13-08-26,₹24,Recycler
Washing Machine,Delhi,13-08-26,₹23,Recycler
Microwave,Delhi,13-08-26,₹19,Recycler
Player,Delhi,13-08-26,₹49,Aggregator
Cable,Delhi,13-08-26,₹400,Aggregator
LCD Panel,Delhi,13-08-26,₹49,Market Survey
Motor,Delhi,13-08-26,₹70,Aggregator
Magnet Assembly,Delhi,13-08-26,₹98,Aggregator
Metal,Delhi,13-08-26,₹55,Recycler
Plastic,Delhi,13-08-26,₹23,Recycler
Glass,Delhi,13-08-26,₹5,Aggregator
PCB,Noida,13-08-26,₹432,Aggregator
Battery,Noida,13-08-26,₹107,Market Survey
Mobile,Noida,13-08-26,₹219,Aggregator
Keyboard,Noida,13-08-26,₹29,Market Survey
Mouse,Noida,13-08-26,₹39,Recycler
Printer,Noida,13-08-26,₹19,Recycler
Television,Noida,13-08-26,₹23,Recycler
Washing Machine,Noida,13-08-26,₹22,Recycler
Microwave,Noida,13-08-26,₹17,Recycler
Player,Noida,13-08-26,₹49,Recycler
Cable,Noida,13-08-26,₹429,Market Survey
LCD Panel,Noida,13-08-26,₹46,Recycler
Motor,Noida,13-08-26,₹71,Aggregator
Magnet Assembly,Noida,13-08-26,₹102,Recycler
Metal,Noida,13-08-26,₹57,Recycler
Plastic,Noida,13-08-26,₹21,Recycler
Glass,Noida,13-08-26,₹5,Recycler
PCB,Jaipur,13-08-26,₹384,Aggregator
Battery,Jaipur,13-08-26,₹109,Recycler
Mobile,Jaipur,13-08-26,₹205,Recycler
Keyboard,Jaipur,13-08-26,₹29,Recycler
Mouse,Jaipur,13-08-26,₹40,Market Survey
Printer,Jaipur,13-08-26,₹19,Recycler
Television,Jaipur,13-08-26,₹21,Aggregator
Washing Machine,Jaipur,13-08-26,₹22,Recycler
Microwave,Jaipur,13-08-26,₹17,Market Survey
Player,Jaipur,13-08-26,₹46,Market Survey
Cable,Jaipur,13-08-26,₹368,Aggregator
LCD Panel,Jaipur,13-08-26,₹44,Recycler
Motor,Jaipur,13-08-26,₹73,Recycler
Magnet Assembly,Jaipur,13-08-26,₹93,Recycler
Metal,Jaipur,13-08-26,₹51,Recycler
Plastic,Jaipur,13-08-26,₹20,Recycler
Glass,Jaipur,13-08-26,₹5,Recycler
PCB,Ahmedabad,13-08-26,₹470,Market Survey
Battery,Ahmedabad,13-08-26,₹108,Aggregator
Mobile,Ahmedabad,13-08-26,₹222,Recycler
Keyboard,Ahmedabad,13-08-26,₹29,Recycler
Mouse,Ahmedabad,13-08-26,₹42,Market Survey
Printer,Ahmedabad,13-08-26,₹19,Recycler
Television,Ahmedabad,13-08-26,₹22,Recycler
Washing Machine,Ahmedabad,13-08-26,₹20,Recycler
Microwave,Ahmedabad,13-08-26,₹17,Recycler
Player,Ahmedabad,13-08-26,₹49,Aggregator
Cable,Ahmedabad,13-08-26,₹368,Aggregator
LCD Panel,Ahmedabad,13-08-26,₹46,Recycler
Motor,Ahmedabad,13-08-26,₹74,Aggregator
Magnet Assembly,Ahmedabad,13-08-26,₹97,Recycler
Metal,Ahmedabad,13-08-26,₹52,Recycler
Plastic,Ahmedabad,13-08-26,₹20,Recycler
Glass,Ahmedabad,13-08-26,₹5,Recycler
PCB,Bengaluru,13-08-26,₹452,Aggregator
Battery,Bengaluru,13-08-26,₹112,Aggregator
Mobile,Bengaluru,13-08-26,₹211,Aggregator
Keyboard,Bengaluru,13-08-26,₹29,Recycler
Mouse,Bengaluru,13-08-26,₹40,Recycler
Printer,Bengaluru,13-08-26,₹19,Market Survey
Television,Bengaluru,13-08-26,₹24,Recycler
Washing Machine,Bengaluru,13-08-26,₹20,Recycler
Microwave,Bengaluru,13-08-26,₹17,Aggregator
Player,Bengaluru,13-08-26,₹50,Recycler
Cable,Bengaluru,13-08-26,₹416,Recycler
LCD Panel,Bengaluru,13-08-26,₹47,Recycler
Motor,Bengaluru,13-08-26,₹71,Recycler
Magnet Assembly,Bengaluru,13-08-26,₹95,Recycler
Metal,Bengaluru,13-08-26,₹48,Aggregator
Plastic,Bengaluru,13-08-26,₹21,Recycler
Glass,Bengaluru,13-08-26,₹5,Aggregator
PCB,Hyderabad,13-08-26,₹428,Recycler
Battery,Hyderabad,13-08-26,₹114,Market Survey
Mobile,Hyderabad,13-08-26,₹216,Recycler
Keyboard,Hyderabad,13-08-26,₹30,Recycler
Mouse,Hyderabad,13-08-26,₹37,Market Survey
Printer,Hyderabad,13-08-26,₹18,Aggregator
Television,Hyderabad,13-08-26,₹23,Market Survey
Washing Machine,Hyderabad,13-08-26,₹22,Recycler
Microwave,Hyderabad,13-08-26,₹17,Market Survey
Player,Hyderabad,13-08-26,₹50,Aggregator
Cable,Hyderabad,13-08-26,₹422,Market Survey
LCD Panel,Hyderabad,13-08-26,₹42,Aggregator
Motor,Hyderabad,13-08-26,₹67,Aggregator
Magnet Assembly,Hyderabad,13-08-26,₹94,Aggregator
Metal,Hyderabad,13-08-26,₹50,Recycler
Plastic,Hyderabad,13-08-26,₹20,Recycler
Glass,Hyderabad,13-08-26,₹5,Recycler
PCB,Chennai,13-08-26,₹416,Aggregator
Battery,Chennai,13-08-26,₹112,Recycler
Mobile,Chennai,13-08-26,₹207,Recycler
Keyboard,Chennai,13-08-26,₹31,Market Survey
Mouse,Chennai,13-08-26,₹38,Aggregator
Printer,Chennai,13-08-26,₹18,Recycler
Television,Chennai,13-08-26,₹24,Recycler
Washing Machine,Chennai,13-08-26,₹21,Recycler
Microwave,Chennai,13-08-26,₹17,Market Survey
Player,Chennai,13-08-26,₹48,Aggregator
Cable,Chennai,13-08-26,₹425,Recycler
LCD Panel,Chennai,13-08-26,₹45,Recycler
Motor,Chennai,13-08-26,₹72,Aggregator
Magnet Assembly,Chennai,13-08-26,₹98,Recycler
Metal,Chennai,13-08-26,₹53,Aggregator
Plastic,Chennai,13-08-26,₹20,Recycler
Glass,Chennai,13-08-26,₹5,Recycler
PCB,Kolkata,13-08-26,₹418,Aggregator
Battery,Kolkata,13-08-26,₹114,Recycler
Mobile,Kolkata,13-08-26,₹200,Recycler
Keyboard,Kolkata,13-08-26,₹25,Aggregator
Mouse,Kolkata,13-08-26,₹39,Recycler
Printer,Kolkata,13-08-26,₹19,Recycler
Television,Kolkata,13-08-26,₹22,Recycler
Washing Machine,Kolkata,13-08-26,₹21,Recycler
Microwave,Kolkata,13-08-26,₹17,Recycler
Player,Kolkata,13-08-26,₹48,Recycler
Cable,Kolkata,13-08-26,₹386,Recycler
LCD Panel,Kolkata,13-08-26,₹44,Aggregator
Motor,Kolkata,13-08-26,₹72,Recycler
Magnet Assembly,Kolkata,13-08-26,₹95,Recycler
Metal,Kolkata,13-08-26,₹51,Recycler
Plastic,Kolkata,13-08-26,₹19,Aggregator
Glass,Kolkata,13-08-26,₹5,Recycler
PCB,Lucknow,13-08-26,₹420,Recycler
Battery,Lucknow,13-08-26,₹106,Recycler
Mobile,Lucknow,13-08-26,₹195,Recycler
Keyboard,Lucknow,13-08-26,₹27,Recycler
Mouse,Lucknow,13-08-26,₹34,Market Survey
Printer,Lucknow,13-08-26,₹16,Aggregator
Television,Lucknow,13-08-26,₹21,Recycler
Washing Machine,Lucknow,13-08-26,₹20,Recycler
Microwave,Lucknow,13-08-26,₹16,Recycler
Player,Lucknow,13-08-26,₹45,Recycler
Cable,Lucknow,13-08-26,₹375,Recycler
LCD Panel,Lucknow,13-08-26,₹41,Recycler
Motor,Lucknow,13-08-26,₹68,Recycler
Magnet Assembly,Lucknow,13-08-26,₹100,Recycler
Metal,Lucknow,13-08-26,₹51,Recycler
Plastic,Lucknow,13-08-26,₹19,Market Survey
Glass,Lucknow,13-08-26,₹5,Recycler
PCB,Bhopal,14-08-26,₹387,Recycler
Battery,Bhopal,14-08-26,₹99,Recycler
Mobile,Bhopal,14-08-26,₹200,Recycler
Keyboard,Bhopal,14-08-26,₹27,Aggregator
Mouse,Bhopal,14-08-26,₹35,Aggregator
Printer,Bhopal,14-08-26,₹17,Aggregator
Television,Bhopal,14-08-26,₹20,Aggregator
Washing Machine,Bhopal,14-08-26,₹20,Recycler
Microwave,Bhopal,14-08-26,₹17,Recycler
Player,Bhopal,14-08-26,₹46,Recycler
Cable,Bhopal,14-08-26,₹397,Recycler
LCD Panel,Bhopal,14-08-26,₹41,Recycler
Motor,Bhopal,14-08-26,₹64,Recycler
Magnet Assembly,Bhopal,14-08-26,₹95,Recycler
Metal,Bhopal,14-08-26,₹49,Recycler
Plastic,Bhopal,14-08-26,₹19,Recycler
Glass,Bhopal,14-08-26,₹5,Recycler
PCB,Indore,14-08-26,₹447,Recycler
Battery,Indore,14-08-26,₹113,Recycler
Mobile,Indore,14-08-26,₹210,Aggregator
Keyboard,Indore,14-08-26,₹29,Recycler
Mouse,Indore,14-08-26,₹37,Aggregator
Printer,Indore,14-08-26,₹17,Market Survey
Television,Indore,14-08-26,₹21,Recycler
Washing Machine,Indore,14-08-26,₹20,Aggregator
Microwave,Indore,14-08-26,₹17,Recycler
Player,Indore,14-08-26,₹41,Aggregator
Cable,Indore,14-08-26,₹403,Recycler
LCD Panel,Indore,14-08-26,₹46,Market Survey
Motor,Indore,14-08-26,₹66,Aggregator
Magnet Assembly,Indore,14-08-26,₹90,Aggregator
Metal,Indore,14-08-26,₹50,Aggregator
Plastic,Indore,14-08-26,₹19,Recycler
Glass,Indore,14-08-26,₹5,Recycler
PCB,Raipur,14-08-26,₹426,Recycler
Battery,Raipur,14-08-26,₹105,Recycler
Mobile,Raipur,14-08-26,₹199,Recycler
Keyboard,Raipur,14-08-26,₹29,Market Survey
Mouse,Raipur,14-08-26,₹36,Recycler
Printer,Raipur,14-08-26,₹18,Recycler
Television,Raipur,14-08-26,₹22,Recycler
Washing Machine,Raipur,14-08-26,₹20,Recycler
Microwave,Raipur,14-08-26,₹16,Aggregator
Player,Raipur,14-08-26,₹44,Aggregator
Cable,Raipur,14-08-26,₹380,Recycler
LCD Panel,Raipur,14-08-26,₹44,Recycler
Motor,Raipur,14-08-26,₹64,Aggregator
Magnet Assembly,Raipur,14-08-26,₹93,Market Survey
Metal,Raipur,14-08-26,₹50,Recycler
Plastic,Raipur,14-08-26,₹18,Recycler
Glass,Raipur,14-08-26,₹5,Recycler
PCB,Nagpur,14-08-26,₹420,Recycler
Battery,Nagpur,14-08-26,₹105,Recycler
Mobile,Nagpur,14-08-26,₹209,Recycler
Keyboard,Nagpur,14-08-26,₹27,Recycler
Mouse,Nagpur,14-08-26,₹37,Recycler
Printer,Nagpur,14-08-26,₹18,Recycler
Television,Nagpur,14-08-26,₹22,Aggregator
Washing Machine,Nagpur,14-08-26,₹20,Recycler
Microwave,Nagpur,14-08-26,₹17,Recycler
Player,Nagpur,14-08-26,₹47,Recycler
Cable,Nagpur,14-08-26,₹385,Recycler
LCD Panel,Nagpur,14-08-26,₹43,Recycler
Motor,Nagpur,14-08-26,₹72,Recycler
Magnet Assembly,Nagpur,14-08-26,₹96,Recycler
Metal,Nagpur,14-08-26,₹53,Recycler
Plastic,Nagpur,14-08-26,₹18,Recycler
Glass,Nagpur,14-08-26,₹4,Recycler
PCB,Pune,14-08-26,₹433,Recycler
Battery,Pune,14-08-26,₹122,Recycler
Mobile,Pune,14-08-26,₹204,Recycler
Keyboard,Pune,14-08-26,₹28,Aggregator
Mouse,Pune,14-08-26,₹38,Aggregator
Printer,Pune,14-08-26,₹18,Aggregator
Television,Pune,14-08-26,₹24,Recycler
Washing Machine,Pune,14-08-26,₹23,Recycler
Microwave,Pune,14-08-26,₹17,Aggregator
Player,Pune,14-08-26,₹48,Recycler
Cable,Pune,14-08-26,₹402,Aggregator
LCD Panel,Pune,14-08-26,₹45,Recycler
Motor,Pune,14-08-26,₹76,Recycler
Magnet Assembly,Pune,14-08-26,₹97,Aggregator
Metal,Pune,14-08-26,₹50,Recycler
Plastic,Pune,14-08-26,₹19,Aggregator
Glass,Pune,14-08-26,₹5,Recycler
PCB,Mumbai,14-08-26,₹474,Recycler
Battery,Mumbai,14-08-26,₹113,Aggregator
Mobile,Mumbai,14-08-26,₹219,Recycler
Keyboard,Mumbai,14-08-26,₹28,Recycler
Mouse,Mumbai,14-08-26,₹41,Recycler
Printer,Mumbai,14-08-26,₹20,Recycler
Television,Mumbai,14-08-26,₹23,Recycler
Washing Machine,Mumbai,14-08-26,₹23,Recycler
Microwave,Mumbai,14-08-26,₹18,Recycler
Player,Mumbai,14-08-26,₹50,Aggregator
Cable,Mumbai,14-08-26,₹373,Aggregator
LCD Panel,Mumbai,14-08-26,₹47,Recycler
Motor,Mumbai,14-08-26,₹79,Recycler
Magnet Assembly,Mumbai,14-08-26,₹105,Recycler
Metal,Mumbai,14-08-26,₹57,Aggregator
Plastic,Mumbai,14-08-26,₹21,Recycler
Glass,Mumbai,14-08-26,₹6,Market Survey
PCB,Delhi,14-08-26,₹474,Recycler
Battery,Delhi,14-08-26,₹117,Recycler
Mobile,Delhi,14-08-26,₹212,Aggregator
Keyboard,Delhi,14-08-26,₹30,Recycler
Mouse,Delhi,14-08-26,₹41,Recycler
Printer,Delhi,14-08-26,₹19,Aggregator
Television,Delhi,14-08-26,₹25,Recycler
Washing Machine,Delhi,14-08-26,₹24,Market Survey
Microwave,Delhi,14-08-26,₹18,Recycler
Player,Delhi,14-08-26,₹51,Recycler
Cable,Delhi,14-08-26,₹431,Recycler
LCD Panel,Delhi,14-08-26,₹49,Recycler
Motor,Delhi,14-08-26,₹71,Recycler
Magnet Assembly,Delhi,14-08-26,₹98,Recycler
Metal,Delhi,14-08-26,₹54,Recycler
Plastic,Delhi,14-08-26,₹22,Market Survey
Glass,Delhi,14-08-26,₹5,Aggregator
PCB,Noida,14-08-26,₹419,Recycler
Battery,Noida,14-08-26,₹108,Recycler
Mobile,Noida,14-08-26,₹213,Recycler
Keyboard,Noida,14-08-26,₹29,Recycler
Mouse,Noida,14-08-26,₹39,Aggregator
Printer,Noida,14-08-26,₹18,Recycler
Television,Noida,14-08-26,₹23,Market Survey
Washing Machine,Noida,14-08-26,₹21,Recycler
Microwave,Noida,14-08-26,₹18,Recycler
Player,Noida,14-08-26,₹48,Recycler
Cable,Noida,14-08-26,₹395,Aggregator
LCD Panel,Noida,14-08-26,₹43,Recycler
Motor,Noida,14-08-26,₹69,Aggregator
Magnet Assembly,Noida,14-08-26,₹90,Aggregator
Metal,Noida,14-08-26,₹55,Recycler
Plastic,Noida,14-08-26,₹20,Market Survey
Glass,Noida,14-08-26,₹5,Recycler
PCB,Jaipur,14-08-26,₹424,Recycler
Battery,Jaipur,14-08-26,₹108,Recycler
Mobile,Jaipur,14-08-26,₹211,Market Survey
Keyboard,Jaipur,14-08-26,₹26,Aggregator
Mouse,Jaipur,14-08-26,₹35,Aggregator
Printer,Jaipur,14-08-26,₹19,Recycler
Television,Jaipur,14-08-26,₹20,Aggregator
Washing Machine,Jaipur,14-08-26,₹21,Recycler
Microwave,Jaipur,14-08-26,₹16,Recycler
Player,Jaipur,14-08-26,₹48,Recycler
Cable,Jaipur,14-08-26,₹368,Recycler
LCD Panel,Jaipur,14-08-26,₹46,Recycler
Motor,Jaipur,14-08-26,₹71,Recycler
Magnet Assembly,Jaipur,14-08-26,₹94,Aggregator
Metal,Jaipur,14-08-26,₹51,Recycler
Plastic,Jaipur,14-08-26,₹21,Aggregator
Glass,Jaipur,14-08-26,₹5,Recycler
PCB,Ahmedabad,14-08-26,₹433,Recycler
Battery,Ahmedabad,14-08-26,₹115,Market Survey
Mobile,Ahmedabad,14-08-26,₹201,Recycler
Keyboard,Ahmedabad,14-08-26,₹27,Market Survey
Mouse,Ahmedabad,14-08-26,₹41,Market Survey
Printer,Ahmedabad,14-08-26,₹19,Recycler
Television,Ahmedabad,14-08-26,₹22,Recycler
Washing Machine,Ahmedabad,14-08-26,₹21,Recycler
Microwave,Ahmedabad,14-08-26,₹16,Recycler
Player,Ahmedabad,14-08-26,₹48,Aggregator
Cable,Ahmedabad,14-08-26,₹403,Recycler
LCD Panel,Ahmedabad,14-08-26,₹44,Aggregator
Motor,Ahmedabad,14-08-26,₹80,Recycler
Magnet Assembly,Ahmedabad,14-08-26,₹91,Aggregator
Metal,Ahmedabad,14-08-26,₹55,Recycler
Plastic,Ahmedabad,14-08-26,₹19,Aggregator
Glass,Ahmedabad,14-08-26,₹5,Market Survey
PCB,Bengaluru,14-08-26,₹436,Aggregator
Battery,Bengaluru,14-08-26,₹116,Recycler
Mobile,Bengaluru,14-08-26,₹201,Aggregator
Keyboard,Bengaluru,14-08-26,₹29,Recycler
Mouse,Bengaluru,14-08-26,₹37,Aggregator
Printer,Bengaluru,14-08-26,₹17,Recycler
Television,Bengaluru,14-08-26,₹21,Aggregator
Washing Machine,Bengaluru,14-08-26,₹21,Recycler
Microwave,Bengaluru,14-08-26,₹17,Recycler
Player,Bengaluru,14-08-26,₹47,Recycler
Cable,Bengaluru,14-08-26,₹400,Market Survey
LCD Panel,Bengaluru,14-08-26,₹45,Recycler
Motor,Bengaluru,14-08-26,₹81,Recycler
Magnet Assembly,Bengaluru,14-08-26,₹101,Recycler
Metal,Bengaluru,14-08-26,₹55,Recycler
Plastic,Bengaluru,14-08-26,₹21,Recycler
Glass,Bengaluru,14-08-26,₹5,Aggregator
PCB,Hyderabad,14-08-26,₹415,Recycler
Battery,Hyderabad,14-08-26,₹109,Aggregator
Mobile,Hyderabad,14-08-26,₹212,Market Survey
Keyboard,Hyderabad,14-08-26,₹30,Recycler
Mouse,Hyderabad,14-08-26,₹41,Recycler
Printer,Hyderabad,14-08-26,₹19,Recycler
Television,Hyderabad,14-08-26,₹22,Recycler
Washing Machine,Hyderabad,14-08-26,₹21,Recycler
Microwave,Hyderabad,14-08-26,₹18,Aggregator
Player,Hyderabad,14-08-26,₹48,Recycler
Cable,Hyderabad,14-08-26,₹412,Recycler
LCD Panel,Hyderabad,14-08-26,₹47,Recycler
Motor,Hyderabad,14-08-26,₹73,Recycler
Magnet Assembly,Hyderabad,14-08-26,₹96,Recycler
Metal,Hyderabad,14-08-26,₹52,Recycler
Plastic,Hyderabad,14-08-26,₹21,Recycler
Glass,Hyderabad,14-08-26,₹5,Recycler
PCB,Chennai,14-08-26,₹445,Aggregator
Battery,Chennai,14-08-26,₹111,Aggregator
Mobile,Chennai,14-08-26,₹230,Market Survey
Keyboard,Chennai,14-08-26,₹28,Recycler
Mouse,Chennai,14-08-26,₹38,Recycler
Printer,Chennai,14-08-26,₹20,Recycler
Television,Chennai,14-08-26,₹23,Recycler
Washing Machine,Chennai,14-08-26,₹22,Recycler
Microwave,Chennai,14-08-26,₹17,Recycler
Player,Chennai,14-08-26,₹49,Recycler
Cable,Chennai,14-08-26,₹372,Recycler
LCD Panel,Chennai,14-08-26,₹46,Market Survey
Motor,Chennai,14-08-26,₹77,Recycler
Magnet Assembly,Chennai,14-08-26,₹101,Recycler
Metal,Chennai,14-08-26,₹55,Aggregator
Plastic,Chennai,14-08-26,₹20,Recycler
Glass,Chennai,14-08-26,₹5,Recycler
PCB,Kolkata,14-08-26,₹427,Market Survey
Battery,Kolkata,14-08-26,₹107,Recycler
Mobile,Kolkata,14-08-26,₹206,Recycler
Keyboard,Kolkata,14-08-26,₹25,Aggregator
Mouse,Kolkata,14-08-26,₹35,Aggregator
Printer,Kolkata,14-08-26,₹17,Recycler
Television,Kolkata,14-08-26,₹21,Aggregator
Washing Machine,Kolkata,14-08-26,₹21,Recycler
Microwave,Kolkata,14-08-26,₹17,Market Survey
Player,Kolkata,14-08-26,₹47,Recycler
Cable,Kolkata,14-08-26,₹392,Recycler
LCD Panel,Kolkata,14-08-26,₹44,Aggregator
Motor,Kolkata,14-08-26,₹67,Recycler
Magnet Assembly,Kolkata,14-08-26,₹93,Recycler
Metal,Kolkata,14-08-26,₹51,Recycler
Plastic,Kolkata,14-08-26,₹22,Market Survey
Glass,Kolkata,14-08-26,₹5,Recycler
PCB,Lucknow,14-08-26,₹424,Recycler
Battery,Lucknow,14-08-26,₹94,Aggregator
Mobile,Lucknow,14-08-26,₹189,Recycler
Keyboard,Lucknow,14-08-26,₹26,Recycler
Mouse,Lucknow,14-08-26,₹37,Recycler
Printer,Lucknow,14-08-26,₹18,Recycler
Television,Lucknow,14-08-26,₹20,Aggregator
Washing Machine,Lucknow,14-08-26,₹21,Recycler
Microwave,Lucknow,14-08-26,₹15,Recycler
Player,Lucknow,14-08-26,₹47,Recycler
Cable,Lucknow,14-08-26,₹385,Recycler
LCD Panel,Lucknow,14-08-26,₹42,Recycler
Motor,Lucknow,14-08-26,₹70,Recycler
Magnet Assembly,Lucknow,14-08-26,₹85,Recycler
Metal,Lucknow,14-08-26,₹48,Recycler
Plastic,Lucknow,14-08-26,₹19,Aggregator
Glass,Lucknow,14-08-26,₹5,Recycler
PCB,Bhopal,15-08-26,₹424,Recycler
Battery,Bhopal,15-08-26,₹110,Market Survey
Mobile,Bhopal,15-08-26,₹192,Aggregator
Keyboard,Bhopal,15-08-26,₹26,Recycler
Mouse,Bhopal,15-08-26,₹36,Recycler
Printer,Bhopal,15-08-26,₹17,Aggregator
Television,Bhopal,15-08-26,₹21,Market Survey
Washing Machine,Bhopal,15-08-26,₹21,Recycler
Microwave,Bhopal,15-08-26,₹17,Recycler
Player,Bhopal,15-08-26,₹47,Recycler
Cable,Bhopal,15-08-26,₹374,Recycler
LCD Panel,Bhopal,15-08-26,₹44,Aggregator
Motor,Bhopal,15-08-26,₹68,Aggregator
Magnet Assembly,Bhopal,15-08-26,₹95,Recycler
Metal,Bhopal,15-08-26,₹52,Recycler
Plastic,Bhopal,15-08-26,₹19,Recycler
Glass,Bhopal,15-08-26,₹5,Aggregator
PCB,Indore,15-08-26,₹447,Recycler
Battery,Indore,15-08-26,₹103,Aggregator
Mobile,Indore,15-08-26,₹208,Recycler
Keyboard,Indore,15-08-26,₹28,Recycler
Mouse,Indore,15-08-26,₹37,Recycler
Printer,Indore,15-08-26,₹19,Recycler
Television,Indore,15-08-26,₹22,Recycler
Washing Machine,Indore,15-08-26,₹21,Aggregator
Microwave,Indore,15-08-26,₹17,Recycler
Player,Indore,15-08-26,₹49,Aggregator
Cable,Indore,15-08-26,₹384,Aggregator
LCD Panel,Indore,15-08-26,₹45,Aggregator
Motor,Indore,15-08-26,₹71,Recycler
Magnet Assembly,Indore,15-08-26,₹89,Recycler
Metal,Indore,15-08-26,₹49,Aggregator
Plastic,Indore,15-08-26,₹21,Recycler
Glass,Indore,15-08-26,₹5,Market Survey
PCB,Raipur,15-08-26,₹429,Recycler
Battery,Raipur,15-08-26,₹99,Recycler
Mobile,Raipur,15-08-26,₹204,Recycler
Keyboard,Raipur,15-08-26,₹27,Recycler
Mouse,Raipur,15-08-26,₹38,Recycler
Printer,Raipur,15-08-26,₹17,Recycler
Television,Raipur,15-08-26,₹22,Recycler
Washing Machine,Raipur,15-08-26,₹19,Aggregator
Microwave,Raipur,15-08-26,₹16,Recycler
Player,Raipur,15-08-26,₹41,Recycler
Cable,Raipur,15-08-26,₹382,Aggregator
LCD Panel,Raipur,15-08-26,₹48,Recycler
Motor,Raipur,15-08-26,₹66,Aggregator
Magnet Assembly,Raipur,15-08-26,₹89,Aggregator
Metal,Raipur,15-08-26,₹51,Recycler
Plastic,Raipur,15-08-26,₹20,Recycler
Glass,Raipur,15-08-26,₹5,Aggregator
PCB,Nagpur,15-08-26,₹422,Recycler
Battery,Nagpur,15-08-26,₹115,Aggregator
Mobile,Nagpur,15-08-26,₹209,Recycler
Keyboard,Nagpur,15-08-26,₹28,Recycler
Mouse,Nagpur,15-08-26,₹34,Aggregator
Printer,Nagpur,15-08-26,₹18,Aggregator
Television,Nagpur,15-08-26,₹22,Aggregator
Washing Machine,Nagpur,15-08-26,₹19,Aggregator
Microwave,Nagpur,15-08-26,₹17,Recycler
Player,Nagpur,15-08-26,₹46,Market Survey
Cable,Nagpur,15-08-26,₹385,Recycler
LCD Panel,Nagpur,15-08-26,₹39,Aggregator
Motor,Nagpur,15-08-26,₹68,Recycler
Magnet Assembly,Nagpur,15-08-26,₹92,Recycler
Metal,Nagpur,15-08-26,₹50,Market Survey
Plastic,Nagpur,15-08-26,₹20,Recycler
Glass,Nagpur,15-08-26,₹5,Recycler
PCB,Pune,15-08-26,₹420,Recycler
Battery,Pune,15-08-26,₹114,Recycler
Mobile,Pune,15-08-26,₹220,Aggregator
Keyboard,Pune,15-08-26,₹28,Recycler
Mouse,Pune,15-08-26,₹38,Aggregator
Printer,Pune,15-08-26,₹18,Aggregator
Television,Pune,15-08-26,₹22,Recycler
Washing Machine,Pune,15-08-26,₹21,Aggregator
Microwave,Pune,15-08-26,₹17,Aggregator
Player,Pune,15-08-26,₹49,Aggregator
Cable,Pune,15-08-26,₹384,Recycler
LCD Panel,Pune,15-08-26,₹50,Recycler
Motor,Pune,15-08-26,₹79,Recycler
Magnet Assembly,Pune,15-08-26,₹96,Aggregator
Metal,Pune,15-08-26,₹53,Recycler
Plastic,Pune,15-08-26,₹20,Recycler
Glass,Pune,15-08-26,₹5,Aggregator
PCB,Mumbai,15-08-26,₹431,Recycler
Battery,Mumbai,15-08-26,₹122,Recycler
Mobile,Mumbai,15-08-26,₹214,Aggregator
Keyboard,Mumbai,15-08-26,₹29,Recycler
Mouse,Mumbai,15-08-26,₹41,Recycler
Printer,Mumbai,15-08-26,₹20,Recycler
Television,Mumbai,15-08-26,₹22,Aggregator
Washing Machine,Mumbai,15-08-26,₹22,Market Survey
Microwave,Mumbai,15-08-26,₹19,Recycler
Player,Mumbai,15-08-26,₹49,Aggregator
Cable,Mumbai,15-08-26,₹409,Recycler
LCD Panel,Mumbai,15-08-26,₹47,Aggregator
Motor,Mumbai,15-08-26,₹78,Recycler
Magnet Assembly,Mumbai,15-08-26,₹106,Aggregator
Metal,Mumbai,15-08-26,₹57,Recycler
Plastic,Mumbai,15-08-26,₹20,Aggregator
Glass,Mumbai,15-08-26,₹5,Aggregator
PCB,Delhi,15-08-26,₹474,Recycler
Battery,Delhi,15-08-26,₹121,Recycler
Mobile,Delhi,15-08-26,₹224,Recycler
Keyboard,Delhi,15-08-26,₹30,Recycler
Mouse,Delhi,15-08-26,₹39,Recycler
Printer,Delhi,15-08-26,₹18,Recycler
Television,Delhi,15-08-26,₹24,Recycler
Washing Machine,Delhi,15-08-26,₹23,Recycler
Microwave,Delhi,15-08-26,₹18,Recycler
Player,Delhi,15-08-26,₹48,Recycler
Cable,Delhi,15-08-26,₹413,Recycler
LCD Panel,Delhi,15-08-26,₹48,Aggregator
Motor,Delhi,15-08-26,₹79,Recycler
Magnet Assembly,Delhi,15-08-26,₹104,Recycler
Metal,Delhi,15-08-26,₹57,Recycler
Plastic,Delhi,15-08-26,₹21,Recycler
Glass,Delhi,15-08-26,₹6,Recycler
PCB,Noida,15-08-26,₹466,Recycler
Battery,Noida,15-08-26,₹116,Recycler
Mobile,Noida,15-08-26,₹225,Recycler
Keyboard,Noida,15-08-26,₹30,Recycler
Mouse,Noida,15-08-26,₹40,Aggregator
Printer,Noida,15-08-26,₹18,Aggregator
Television,Noida,15-08-26,₹23,Recycler
Washing Machine,Noida,15-08-26,₹22,Recycler
Microwave,Noida,15-08-26,₹18,Recycler
Player,Noida,15-08-26,₹50,Recycler
Cable,Noida,15-08-26,₹423,Recycler
LCD Panel,Noida,15-08-26,₹49,Recycler
Motor,Noida,15-08-26,₹78,Recycler
Magnet Assembly,Noida,15-08-26,₹93,Aggregator
Metal,Noida,15-08-26,₹55,Recycler
Plastic,Noida,15-08-26,₹22,Market Survey
Glass,Noida,15-08-26,₹5,Aggregator
PCB,Jaipur,15-08-26,₹455,Market Survey
Battery,Jaipur,15-08-26,₹116,Recycler
Mobile,Jaipur,15-08-26,₹213,Recycler
Keyboard,Jaipur,15-08-26,₹27,Aggregator
Mouse,Jaipur,15-08-26,₹37,Aggregator
Printer,Jaipur,15-08-26,₹16,Market Survey
Television,Jaipur,15-08-26,₹23,Recycler
Washing Machine,Jaipur,15-08-26,₹21,Recycler
Microwave,Jaipur,15-08-26,₹17,Aggregator
Player,Jaipur,15-08-26,₹49,Recycler
Cable,Jaipur,15-08-26,₹410,Recycler
LCD Panel,Jaipur,15-08-26,₹45,Recycler
Motor,Jaipur,15-08-26,₹76,Market Survey
Magnet Assembly,Jaipur,15-08-26,₹101,Recycler
Metal,Jaipur,15-08-26,₹51,Recycler
Plastic,Jaipur,15-08-26,₹19,Aggregator
Glass,Jaipur,15-08-26,₹5,Recycler
PCB,Ahmedabad,15-08-26,₹456,Recycler
Battery,Ahmedabad,15-08-26,₹104,Aggregator
Mobile,Ahmedabad,15-08-26,₹218,Recycler
Keyboard,Ahmedabad,15-08-26,₹27,Aggregator
Mouse,Ahmedabad,15-08-26,₹40,Recycler
Printer,Ahmedabad,15-08-26,₹17,Aggregator
Television,Ahmedabad,15-08-26,₹22,Recycler
Washing Machine,Ahmedabad,15-08-26,₹21,Aggregator
Microwave,Ahmedabad,15-08-26,₹17,Aggregator
Player,Ahmedabad,15-08-26,₹50,Recycler
Cable,Ahmedabad,15-08-26,₹400,Recycler
LCD Panel,Ahmedabad,15-08-26,₹47,Recycler
Motor,Ahmedabad,15-08-26,₹78,Recycler
Magnet Assembly,Ahmedabad,15-08-26,₹97,Recycler
Metal,Ahmedabad,15-08-26,₹55,Recycler
Plastic,Ahmedabad,15-08-26,₹21,Recycler
Glass,Ahmedabad,15-08-26,₹5,Recycler
PCB,Bengaluru,15-08-26,₹453,Recycler
Battery,Bengaluru,15-08-26,₹120,Market Survey
Mobile,Bengaluru,15-08-26,₹218,Aggregator
Keyboard,Bengaluru,15-08-26,₹30,Market Survey
Mouse,Bengaluru,15-08-26,₹41,Recycler
Printer,Bengaluru,15-08-26,₹18,Aggregator
Television,Bengaluru,15-08-26,₹24,Recycler
Washing Machine,Bengaluru,15-08-26,₹23,Aggregator
Microwave,Bengaluru,15-08-26,₹17,Recycler
Player,Bengaluru,15-08-26,₹52,Recycler
Cable,Bengaluru,15-08-26,₹377,Aggregator
LCD Panel,Bengaluru,15-08-26,₹50,Recycler
Motor,Bengaluru,15-08-26,₹73,Recycler
Magnet Assembly,Bengaluru,15-08-26,₹93,Market Survey
Metal,Bengaluru,15-08-26,₹61,Recycler
Plastic,Bengaluru,15-08-26,₹21,Aggregator
Glass,Bengaluru,15-08-26,₹5,Recycler
PCB,Hyderabad,15-08-26,₹472,Market Survey
Battery,Hyderabad,15-08-26,₹116,Recycler
Mobile,Hyderabad,15-08-26,₹219,Recycler
Keyboard,Hyderabad,15-08-26,₹30,Aggregator
Mouse,Hyderabad,15-08-26,₹39,Recycler
Printer,Hyderabad,15-08-26,₹19,Recycler
Television,Hyderabad,15-08-26,₹22,Aggregator
Washing Machine,Hyderabad,15-08-26,₹21,Recycler
Microwave,Hyderabad,15-08-26,₹18,Recycler
Player,Hyderabad,15-08-26,₹48,Aggregator
Cable,Hyderabad,15-08-26,₹368,Aggregator
LCD Panel,Hyderabad,15-08-26,₹47,Recycler
Motor,Hyderabad,15-08-26,₹78,Recycler
Magnet Assembly,Hyderabad,15-08-26,₹102,Recycler
Metal,Hyderabad,15-08-26,₹51,Aggregator
Plastic,Hyderabad,15-08-26,₹24,Recycler
Glass,Hyderabad,15-08-26,₹5,Recycler
PCB,Chennai,15-08-26,₹459,Aggregator
Battery,Chennai,15-08-26,₹112,Aggregator
Mobile,Chennai,15-08-26,₹235,Market Survey
Keyboard,Chennai,15-08-26,₹30,Recycler
Mouse,Chennai,15-08-26,₹37,Aggregator
Printer,Chennai,15-08-26,₹18,Recycler
Television,Chennai,15-08-26,₹23,Recycler
Washing Machine,Chennai,15-08-26,₹22,Recycler
Microwave,Chennai,15-08-26,₹18,Recycler
Player,Chennai,15-08-26,₹48,Aggregator
Cable,Chennai,15-08-26,₹396,Recycler
LCD Panel,Chennai,15-08-26,₹45,Aggregator
Motor,Chennai,15-08-26,₹80,Recycler
Magnet Assembly,Chennai,15-08-26,₹99,Recycler
Metal,Chennai,15-08-26,₹55,Recycler
Plastic,Chennai,15-08-26,₹21,Recycler
Glass,Chennai,15-08-26,₹5,Recycler
PCB,Kolkata,15-08-26,₹405,Recycler
Battery,Kolkata,15-08-26,₹107,Market Survey
Mobile,Kolkata,15-08-26,₹201,Aggregator
Keyboard,Kolkata,15-08-26,₹26,Recycler
Mouse,Kolkata,15-08-26,₹38,Recycler
Printer,Kolkata,15-08-26,₹18,Recycler
Television,Kolkata,15-08-26,₹23,Recycler
Washing Machine,Kolkata,15-08-26,₹21,Aggregator
Microwave,Kolkata,15-08-26,₹16,Aggregator
Player,Kolkata,15-08-26,₹45,Recycler
Cable,Kolkata,15-08-26,₹365,Aggregator
LCD Panel,Kolkata,15-08-26,₹43,Aggregator
Motor,Kolkata,15-08-26,₹69,Market Survey
Magnet Assembly,Kolkata,15-08-26,₹99,Recycler
Metal,Kolkata,15-08-26,₹52,Recycler
Plastic,Kolkata,15-08-26,₹21,Recycler
Glass,Kolkata,15-08-26,₹5,Recycler
PCB,Lucknow,15-08-26,₹408,Recycler
Battery,Lucknow,15-08-26,₹111,Recycler
Mobile,Lucknow,15-08-26,₹210,Recycler
Keyboard,Lucknow,15-08-26,₹25,Recycler
Mouse,Lucknow,15-08-26,₹37,Aggregator
Printer,Lucknow,15-08-26,₹17,Aggregator
Television,Lucknow,15-08-26,₹21,Recycler
Washing Machine,Lucknow,15-08-26,₹20,Recycler
Microwave,Lucknow,15-08-26,₹17,Aggregator
Player,Lucknow,15-08-26,₹48,Recycler
Cable,Lucknow,15-08-26,₹389,Recycler
LCD Panel,Lucknow,15-08-26,₹45,Recycler
Motor,Lucknow,15-08-26,₹65,Recycler
Magnet Assembly,Lucknow,15-08-26,₹91,Recycler
Metal,Lucknow,15-08-26,₹51,Recycler
Plastic,Lucknow,15-08-26,₹20,Recycler
Glass,Lucknow,15-08-26,₹5,Recycler
PCB,Bhopal,16-08-26,₹437,Recycler
Battery,Bhopal,16-08-26,₹108,Aggregator
Mobile,Bhopal,16-08-26,₹215,Market Survey
Keyboard,Bhopal,16-08-26,₹29,Recycler
Mouse,Bhopal,16-08-26,₹40,Recycler
Printer,Bhopal,16-08-26,₹17,Recycler
Television,Bhopal,16-08-26,₹21,Recycler
Washing Machine,Bhopal,16-08-26,₹19,Aggregator
Microwave,Bhopal,16-08-26,₹15,Recycler
Player,Bhopal,16-08-26,₹51,Recycler
Cable,Bhopal,16-08-26,₹363,Aggregator
LCD Panel,Bhopal,16-08-26,₹47,Market Survey
Motor,Bhopal,16-08-26,₹71,Aggregator
Magnet Assembly,Bhopal,16-08-26,₹92,Recycler
Metal,Bhopal,16-08-26,₹52,Recycler
Plastic,Bhopal,16-08-26,₹22,Recycler
Glass,Bhopal,16-08-26,₹5,Aggregator
PCB,Indore,16-08-26,₹438,Recycler
Battery,Indore,16-08-26,₹120,Recycler
Mobile,Indore,16-08-26,₹223,Recycler
Keyboard,Indore,16-08-26,₹28,Recycler
Mouse,Indore,16-08-26,₹37,Aggregator
Printer,Indore,16-08-26,₹17,Recycler
Television,Indore,16-08-26,₹23,Recycler
Washing Machine,Indore,16-08-26,₹21,Recycler
Microwave,Indore,16-08-26,₹17,Recycler
Player,Indore,16-08-26,₹46,Aggregator
Cable,Indore,16-08-26,₹396,Recycler
LCD Panel,Indore,16-08-26,₹46,Recycler
Motor,Indore,16-08-26,₹72,Recycler
Magnet Assembly,Indore,16-08-26,₹106,Recycler
Metal,Indore,16-08-26,₹53,Aggregator
Plastic,Indore,16-08-26,₹20,Aggregator
Glass,Indore,16-08-26,₹5,Recycler
PCB,Raipur,16-08-26,₹410,Recycler
Battery,Raipur,16-08-26,₹104,Aggregator
Mobile,Raipur,16-08-26,₹213,Recycler
Keyboard,Raipur,16-08-26,₹28,Recycler
Mouse,Raipur,16-08-26,₹36,Recycler
Printer,Raipur,16-08-26,₹18,Recycler
Television,Raipur,16-08-26,₹22,Recycler
Washing Machine,Raipur,16-08-26,₹18,Aggregator
Microwave,Raipur,16-08-26,₹17,Market Survey
Player,Raipur,16-08-26,₹49,Market Survey
Cable,Raipur,16-08-26,₹401,Market Survey
LCD Panel,Raipur,16-08-26,₹42,Aggregator
Motor,Raipur,16-08-26,₹79,Recycler
Magnet Assembly,Raipur,16-08-26,₹94,Recycler
Metal,Raipur,16-08-26,₹53,Recycler
Plastic,Raipur,16-08-26,₹20,Recycler
Glass,Raipur,16-08-26,₹5,Recycler
PCB,Nagpur,16-08-26,₹410,Recycler
Battery,Nagpur,16-08-26,₹111,Market Survey
Mobile,Nagpur,16-08-26,₹207,Recycler
Keyboard,Nagpur,16-08-26,₹28,Recycler
Mouse,Nagpur,16-08-26,₹37,Market Survey
Printer,Nagpur,16-08-26,₹18,Aggregator
Television,Nagpur,16-08-26,₹22,Recycler
Washing Machine,Nagpur,16-08-26,₹23,Recycler
Microwave,Nagpur,16-08-26,₹17,Recycler
Player,Nagpur,16-08-26,₹49,Market Survey
Cable,Nagpur,16-08-26,₹375,Recycler
LCD Panel,Nagpur,16-08-26,₹44,Aggregator
Motor,Nagpur,16-08-26,₹72,Recycler
Magnet Assembly,Nagpur,16-08-26,₹93,Recycler
Metal,Nagpur,16-08-26,₹50,Aggregator
Plastic,Nagpur,16-08-26,₹19,Aggregator
Glass,Nagpur,16-08-26,₹5,Market Survey
PCB,Pune,16-08-26,₹461,Aggregator
Battery,Pune,16-08-26,₹111,Recycler
Mobile,Pune,16-08-26,₹203,Recycler
Keyboard,Pune,16-08-26,₹29,Recycler
Mouse,Pune,16-08-26,₹37,Recycler
Printer,Pune,16-08-26,₹17,Recycler
Television,Pune,16-08-26,₹22,Aggregator
Washing Machine,Pune,16-08-26,₹22,Recycler
Microwave,Pune,16-08-26,₹17,Recycler
Player,Pune,16-08-26,₹47,Recycler
Cable,Pune,16-08-26,₹421,Recycler
LCD Panel,Pune,16-08-26,₹50,Recycler
Motor,Pune,16-08-26,₹77,Recycler
Magnet Assembly,Pune,16-08-26,₹108,Recycler
Metal,Pune,16-08-26,₹57,Recycler
Plastic,Pune,16-08-26,₹21,Recycler
Glass,Pune,16-08-26,₹5,Aggregator
PCB,Mumbai,16-08-26,₹473,Aggregator
Battery,Mumbai,16-08-26,₹110,Recycler
Mobile,Mumbai,16-08-26,₹244,Recycler
Keyboard,Mumbai,16-08-26,₹31,Recycler
Mouse,Mumbai,16-08-26,₹43,Recycler
Printer,Mumbai,16-08-26,₹18,Aggregator
Television,Mumbai,16-08-26,₹23,Recycler
Washing Machine,Mumbai,16-08-26,₹22,Recycler
Microwave,Mumbai,16-08-26,₹17,Recycler
Player,Mumbai,16-08-26,₹48,Recycler
Cable,Mumbai,16-08-26,₹429,Aggregator
LCD Panel,Mumbai,16-08-26,₹48,Recycler
Motor,Mumbai,16-08-26,₹82,Recycler
Magnet Assembly,Mumbai,16-08-26,₹99,Recycler
Metal,Mumbai,16-08-26,₹55,Recycler
Plastic,Mumbai,16-08-26,₹22,Aggregator
Glass,Mumbai,16-08-26,₹5,Recycler
PCB,Delhi,16-08-26,₹446,Recycler
Battery,Delhi,16-08-26,₹114,Aggregator
Mobile,Delhi,16-08-26,₹233,Recycler
Keyboard,Delhi,16-08-26,₹31,Recycler
Mouse,Delhi,16-08-26,₹39,Recycler
Printer,Delhi,16-08-26,₹19,Market Survey
Television,Delhi,16-08-26,₹24,Recycler
Washing Machine,Delhi,16-08-26,₹24,Recycler
Microwave,Delhi,16-08-26,₹17,Aggregator
Player,Delhi,16-08-26,₹52,Recycler
Cable,Delhi,16-08-26,₹421,Recycler
LCD Panel,Delhi,16-08-26,₹47,Recycler
Motor,Delhi,16-08-26,₹76,Aggregator
Magnet Assembly,Delhi,16-08-26,₹101,Recycler
Metal,Delhi,16-08-26,₹55,Recycler
Plastic,Delhi,16-08-26,₹23,Recycler
Glass,Delhi,16-08-26,₹5,Aggregator
PCB,Noida,16-08-26,₹414,Aggregator
Battery,Noida,16-08-26,₹113,Aggregator
Mobile,Noida,16-08-26,₹229,Market Survey
Keyboard,Noida,16-08-26,₹30,Recycler
Mouse,Noida,16-08-26,₹40,Aggregator
Printer,Noida,16-08-26,₹19,Recycler
Television,Noida,16-08-26,₹24,Aggregator
Washing Machine,Noida,16-08-26,₹21,Aggregator
Microwave,Noida,16-08-26,₹19,Aggregator
Player,Noida,16-08-26,₹48,Recycler
Cable,Noida,16-08-26,₹414,Recycler
LCD Panel,Noida,16-08-26,₹47,Recycler
Motor,Noida,16-08-26,₹72,Recycler
Magnet Assembly,Noida,16-08-26,₹99,Recycler
Metal,Noida,16-08-26,₹54,Market Survey
Plastic,Noida,16-08-26,₹23,Recycler
Glass,Noida,16-08-26,₹6,Recycler
PCB,Jaipur,16-08-26,₹408,Aggregator
Battery,Jaipur,16-08-26,₹109,Aggregator
Mobile,Jaipur,16-08-26,₹202,Aggregator
Keyboard,Jaipur,16-08-26,₹27,Recycler
Mouse,Jaipur,16-08-26,₹38,Recycler
Printer,Jaipur,16-08-26,₹18,Aggregator
Television,Jaipur,16-08-26,₹24,Aggregator
Washing Machine,Jaipur,16-08-26,₹20,Recycler
Microwave,Jaipur,16-08-26,₹17,Aggregator
Player,Jaipur,16-08-26,₹50,Recycler
Cable,Jaipur,16-08-26,₹400,Recycler
LCD Panel,Jaipur,16-08-26,₹45,Recycler
Motor,Jaipur,16-08-26,₹71,Aggregator
Magnet Assembly,Jaipur,16-08-26,₹96,Recycler
Metal,Jaipur,16-08-26,₹52,Aggregator
Plastic,Jaipur,16-08-26,₹19,Recycler
Glass,Jaipur,16-08-26,₹5,Recycler
PCB,Ahmedabad,16-08-26,₹458,Recycler
Battery,Ahmedabad,16-08-26,₹118,Recycler
Mobile,Ahmedabad,16-08-26,₹226,Market Survey
Keyboard,Ahmedabad,16-08-26,₹30,Aggregator
Mouse,Ahmedabad,16-08-26,₹35,Aggregator
Printer,Ahmedabad,16-08-26,₹18,Recycler
Television,Ahmedabad,16-08-26,₹23,Aggregator
Washing Machine,Ahmedabad,16-08-26,₹21,Aggregator
Microwave,Ahmedabad,16-08-26,₹17,Aggregator
Player,Ahmedabad,16-08-26,₹50,Recycler
Cable,Ahmedabad,16-08-26,₹413,Recycler
LCD Panel,Ahmedabad,16-08-26,₹43,Aggregator
Motor,Ahmedabad,16-08-26,₹72,Recycler
Magnet Assembly,Ahmedabad,16-08-26,₹102,Market Survey
Metal,Ahmedabad,16-08-26,₹52,Recycler
Plastic,Ahmedabad,16-08-26,₹21,Recycler
Glass,Ahmedabad,16-08-26,₹5,Market Survey
PCB,Bengaluru,16-08-26,₹428,Aggregator
Battery,Bengaluru,16-08-26,₹116,Recycler
Mobile,Bengaluru,16-08-26,₹221,Aggregator
Keyboard,Bengaluru,16-08-26,₹32,Recycler
Mouse,Bengaluru,16-08-26,₹40,Market Survey
Printer,Bengaluru,16-08-26,₹18,Recycler
Television,Bengaluru,16-08-26,₹22,Recycler
Washing Machine,Bengaluru,16-08-26,₹22,Aggregator
Microwave,Bengaluru,16-08-26,₹19,Recycler
Player,Bengaluru,16-08-26,₹51,Recycler
Cable,Bengaluru,16-08-26,₹414,Recycler
LCD Panel,Bengaluru,16-08-26,₹47,Recycler
Motor,Bengaluru,16-08-26,₹78,Recycler
Magnet Assembly,Bengaluru,16-08-26,₹103,Recycler
Metal,Bengaluru,16-08-26,₹55,Recycler
Plastic,Bengaluru,16-08-26,₹21,Recycler
Glass,Bengaluru,16-08-26,₹6,Market Survey
PCB,Hyderabad,16-08-26,₹483,Recycler
Battery,Hyderabad,16-08-26,₹120,Recycler
Mobile,Hyderabad,16-08-26,₹223,Recycler
Keyboard,Hyderabad,16-08-26,₹30,Recycler
Mouse,Hyderabad,16-08-26,₹38,Aggregator
Printer,Hyderabad,16-08-26,₹19,Aggregator
Television,Hyderabad,16-08-26,₹23,Aggregator
Washing Machine,Hyderabad,16-08-26,₹22,Recycler
Microwave,Hyderabad,16-08-26,₹19,Market Survey
Player,Hyderabad,16-08-26,₹47,Aggregator
Cable,Hyderabad,16-08-26,₹416,Recycler
LCD Panel,Hyderabad,16-08-26,₹52,Recycler
Motor,Hyderabad,16-08-26,₹77,Recycler
Magnet Assembly,Hyderabad,16-08-26,₹98,Aggregator
Metal,Hyderabad,16-08-26,₹55,Recycler
Plastic,Hyderabad,16-08-26,₹20,Aggregator
Glass,Hyderabad,16-08-26,₹5,Recycler
PCB,Chennai,16-08-26,₹465,Recycler
Battery,Chennai,16-08-26,₹119,Market Survey
Mobile,Chennai,16-08-26,₹227,Recycler
Keyboard,Chennai,16-08-26,₹29,Aggregator
Mouse,Chennai,16-08-26,₹38,Recycler
Printer,Chennai,16-08-26,₹18,Recycler
Television,Chennai,16-08-26,₹20,Aggregator
Washing Machine,Chennai,16-08-26,₹21,Recycler
Microwave,Chennai,16-08-26,₹19,Aggregator
Player,Chennai,16-08-26,₹50,Recycler
Cable,Chennai,16-08-26,₹408,Recycler
LCD Panel,Chennai,16-08-26,₹47,Recycler
Motor,Chennai,16-08-26,₹81,Recycler
Magnet Assembly,Chennai,16-08-26,₹103,Recycler
Metal,Chennai,16-08-26,₹53,Recycler
Plastic,Chennai,16-08-26,₹19,Aggregator
Glass,Chennai,16-08-26,₹6,Recycler
PCB,Kolkata,16-08-26,₹444,Recycler
Battery,Kolkata,16-08-26,₹111,Market Survey
Mobile,Kolkata,16-08-26,₹216,Recycler
Keyboard,Kolkata,16-08-26,₹30,Market Survey
Mouse,Kolkata,16-08-26,₹37,Aggregator
Printer,Kolkata,16-08-26,₹18,Aggregator
Television,Kolkata,16-08-26,₹20,Aggregator
Washing Machine,Kolkata,16-08-26,₹21,Aggregator
Microwave,Kolkata,16-08-26,₹17,Aggregator
Player,Kolkata,16-08-26,₹47,Recycler
Cable,Kolkata,16-08-26,₹385,Recycler
LCD Panel,Kolkata,16-08-26,₹42,Aggregator
Motor,Kolkata,16-08-26,₹77,Market Survey
Magnet Assembly,Kolkata,16-08-26,₹96,Recycler
Metal,Kolkata,16-08-26,₹52,Market Survey
Plastic,Kolkata,16-08-26,₹20,Recycler
Glass,Kolkata,16-08-26,₹5,Recycler
PCB,Lucknow,16-08-26,₹429,Aggregator
Battery,Lucknow,16-08-26,₹112,Recycler
Mobile,Lucknow,16-08-26,₹191,Aggregator
Keyboard,Lucknow,16-08-26,₹29,Recycler
Mouse,Lucknow,16-08-26,₹37,Recycler
Printer,Lucknow,16-08-26,₹18,Recycler
Television,Lucknow,16-08-26,₹21,Recycler
Washing Machine,Lucknow,16-08-26,₹20,Aggregator
Microwave,Lucknow,16-08-26,₹17,Recycler
Player,Lucknow,16-08-26,₹47,Recycler
Cable,Lucknow,16-08-26,₹364,Aggregator
LCD Panel,Lucknow,16-08-26,₹41,Aggregator
Motor,Lucknow,16-08-26,₹74,Recycler
Magnet Assembly,Lucknow,16-08-26,₹96,Recycler
Metal,Lucknow,16-08-26,₹47,Aggregator
Plastic,Lucknow,16-08-26,₹19,Recycler
Glass,Lucknow,16-08-26,₹5,Recycler
PCB,Bhopal,17-08-26,₹390,Recycler
Battery,Bhopal,17-08-26,₹108,Recycler
Mobile,Bhopal,17-08-26,₹203,Recycler
Keyboard,Bhopal,17-08-26,₹27,Recycler
Mouse,Bhopal,17-08-26,₹35,Aggregator
Printer,Bhopal,17-08-26,₹17,Recycler
Television,Bhopal,17-08-26,₹20,Recycler
Washing Machine,Bhopal,17-08-26,₹19,Recycler
Microwave,Bhopal,17-08-26,₹15,Recycler
Player,Bhopal,17-08-26,₹47,Recycler
Cable,Bhopal,17-08-26,₹369,Recycler
LCD Panel,Bhopal,17-08-26,₹45,Recycler
Motor,Bhopal,17-08-26,₹71,Recycler
Magnet Assembly,Bhopal,17-08-26,₹79,Aggregator
Metal,Bhopal,17-08-26,₹48,Aggregator
Plastic,Bhopal,17-08-26,₹18,Aggregator
Glass,Bhopal,17-08-26,₹4,Aggregator
PCB,Indore,17-08-26,₹410,Recycler
Battery,Indore,17-08-26,₹95,Aggregator
Mobile,Indore,17-08-26,₹173,Aggregator
Keyboard,Indore,17-08-26,₹25,Recycler
Mouse,Indore,17-08-26,₹36,Recycler
Printer,Indore,17-08-26,₹17,Aggregator
Television,Indore,17-08-26,₹21,Recycler
Washing Machine,Indore,17-08-26,₹19,Aggregator
Microwave,Indore,17-08-26,₹16,Recycler
Player,Indore,17-08-26,₹45,Recycler
Cable,Indore,17-08-26,₹324,Aggregator
LCD Panel,Indore,17-08-26,₹45,Recycler
Motor,Indore,17-08-26,₹64,Recycler
Magnet Assembly,Indore,17-08-26,₹89,Recycler
Metal,Indore,17-08-26,₹51,Recycler
Plastic,Indore,17-08-26,₹20,Market Survey
Glass,Indore,17-08-26,₹5,Recycler
PCB,Raipur,17-08-26,₹359,Aggregator
Battery,Raipur,17-08-26,₹111,Recycler
Mobile,Raipur,17-08-26,₹204,Market Survey
Keyboard,Raipur,17-08-26,₹25,Recycler
Mouse,Raipur,17-08-26,₹33,Aggregator
Printer,Raipur,17-08-26,₹17,Aggregator
Television,Raipur,17-08-26,₹20,Recycler
Washing Machine,Raipur,17-08-26,₹19,Aggregator
Microwave,Raipur,17-08-26,₹15,Recycler
Player,Raipur,17-08-26,₹45,Recycler
Cable,Raipur,17-08-26,₹356,Market Survey
LCD Panel,Raipur,17-08-26,₹42,Recycler
Motor,Raipur,17-08-26,₹71,Recycler
Magnet Assembly,Raipur,17-08-26,₹88,Aggregator
Metal,Raipur,17-08-26,₹48,Aggregator
Plastic,Raipur,17-08-26,₹18,Recycler
Glass,Raipur,17-08-26,₹5,Recycler
PCB,Nagpur,17-08-26,₹405,Recycler
Battery,Nagpur,17-08-26,₹103,Recycler
Mobile,Nagpur,17-08-26,₹190,Aggregator
Keyboard,Nagpur,17-08-26,₹25,Recycler
Mouse,Nagpur,17-08-26,₹34,Aggregator
Printer,Nagpur,17-08-26,₹17,Recycler
Television,Nagpur,17-08-26,₹21,Recycler
Washing Machine,Nagpur,17-08-26,₹20,Recycler
Microwave,Nagpur,17-08-26,₹16,Market Survey
Player,Nagpur,17-08-26,₹46,Aggregator
Cable,Nagpur,17-08-26,₹385,Market Survey
LCD Panel,Nagpur,17-08-26,₹45,Recycler
Motor,Nagpur,17-08-26,₹68,Recycler
Magnet Assembly,Nagpur,17-08-26,₹95,Recycler
Metal,Nagpur,17-08-26,₹52,Recycler
Plastic,Nagpur,17-08-26,₹18,Aggregator
Glass,Nagpur,17-08-26,₹5,Recycler
PCB,Pune,17-08-26,₹424,Recycler
Battery,Pune,17-08-26,₹116,Recycler
Mobile,Pune,17-08-26,₹213,Market Survey
Keyboard,Pune,17-08-26,₹28,Recycler
Mouse,Pune,17-08-26,₹41,Recycler
Printer,Pune,17-08-26,₹16,Recycler
Television,Pune,17-08-26,₹23,Aggregator
Washing Machine,Pune,17-08-26,₹22,Recycler
Microwave,Pune,17-08-26,₹17,Recycler
Player,Pune,17-08-26,₹45,Recycler
Cable,Pune,17-08-26,₹397,Recycler
LCD Panel,Pune,17-08-26,₹45,Recycler
Motor,Pune,17-08-26,₹76,Recycler
Magnet Assembly,Pune,17-08-26,₹95,Recycler
Metal,Pune,17-08-26,₹52,Aggregator
Plastic,Pune,17-08-26,₹19,Aggregator
Glass,Pune,17-08-26,₹5,Recycler
PCB,Mumbai,17-08-26,₹474,Market Survey
Battery,Mumbai,17-08-26,₹113,Aggregator
Mobile,Mumbai,17-08-26,₹232,Recycler
Keyboard,Mumbai,17-08-26,₹28,Recycler
Mouse,Mumbai,17-08-26,₹38,Aggregator
Printer,Mumbai,17-08-26,₹18,Aggregator
Television,Mumbai,17-08-26,₹24,Recycler
Washing Machine,Mumbai,17-08-26,₹21,Aggregator
Microwave,Mumbai,17-08-26,₹18,Recycler
Player,Mumbai,17-08-26,₹48,Recycler
Cable,Mumbai,17-08-26,₹394,Recycler
LCD Panel,Mumbai,17-08-26,₹49,Aggregator
Motor,Mumbai,17-08-26,₹78,Recycler
Magnet Assembly,Mumbai,17-08-26,₹89,Aggregator
Metal,Mumbai,17-08-26,₹54,Aggregator
Plastic,Mumbai,17-08-26,₹21,Recycler
Glass,Mumbai,17-08-26,₹5,Recycler
PCB,Delhi,17-08-26,₹478,Recycler
Battery,Delhi,17-08-26,₹117,Recycler
Mobile,Delhi,17-08-26,₹210,Recycler
Keyboard,Delhi,17-08-26,₹29,Market Survey
Mouse,Delhi,17-08-26,₹37,Recycler
Printer,Delhi,17-08-26,₹18,Recycler
Television,Delhi,17-08-26,₹23,Market Survey
Washing Machine,Delhi,17-08-26,₹24,Recycler
Microwave,Delhi,17-08-26,₹18,Market Survey
Player,Delhi,17-08-26,₹47,Recycler
Cable,Delhi,17-08-26,₹383,Recycler
LCD Panel,Delhi,17-08-26,₹43,Aggregator
Motor,Delhi,17-08-26,₹66,Aggregator
Magnet Assembly,Delhi,17-08-26,₹95,Recycler
Metal,Delhi,17-08-26,₹59,Recycler
Plastic,Delhi,17-08-26,₹21,Recycler
Glass,Delhi,17-08-26,₹5,Recycler
PCB,Noida,17-08-26,₹440,Recycler
Battery,Noida,17-08-26,₹111,Recycler
Mobile,Noida,17-08-26,₹197,Aggregator
Keyboard,Noida,17-08-26,₹27,Recycler
Mouse,Noida,17-08-26,₹40,Market Survey
Printer,Noida,17-08-26,₹17,Aggregator
Television,Noida,17-08-26,₹22,Recycler
Washing Machine,Noida,17-08-26,₹23,Recycler
Microwave,Noida,17-08-26,₹17,Aggregator
Player,Noida,17-08-26,₹53,Recycler
Cable,Noida,17-08-26,₹391,Recycler
LCD Panel,Noida,17-08-26,₹47,Recycler
Motor,Noida,17-08-26,₹71,Recycler
Magnet Assembly,Noida,17-08-26,₹99,Recycler
Metal,Noida,17-08-26,₹52,Recycler
Plastic,Noida,17-08-26,₹21,Recycler
Glass,Noida,17-08-26,₹5,Recycler
PCB,Jaipur,17-08-26,₹410,Recycler
Battery,Jaipur,17-08-26,₹103,Recycler
Mobile,Jaipur,17-08-26,₹203,Recycler
Keyboard,Jaipur,17-08-26,₹27,Market Survey
Mouse,Jaipur,17-08-26,₹38,Recycler
Printer,Jaipur,17-08-26,₹17,Aggregator
Television,Jaipur,17-08-26,₹21,Recycler
Washing Machine,Jaipur,17-08-26,₹20,Recycler
Microwave,Jaipur,17-08-26,₹16,Recycler
Player,Jaipur,17-08-26,₹43,Aggregator
Cable,Jaipur,17-08-26,₹358,Recycler
LCD Panel,Jaipur,17-08-26,₹44,Recycler
Motor,Jaipur,17-08-26,₹73,Aggregator
Magnet Assembly,Jaipur,17-08-26,₹98,Recycler
Metal,Jaipur,17-08-26,₹49,Recycler
Plastic,Jaipur,17-08-26,₹19,Aggregator
Glass,Jaipur,17-08-26,₹5,Aggregator
PCB,Ahmedabad,17-08-26,₹388,Recycler
Battery,Ahmedabad,17-08-26,₹110,Market Survey
Mobile,Ahmedabad,17-08-26,₹200,Aggregator
Keyboard,Ahmedabad,17-08-26,₹25,Aggregator
Mouse,Ahmedabad,17-08-26,₹34,Aggregator
Printer,Ahmedabad,17-08-26,₹19,Market Survey
Television,Ahmedabad,17-08-26,₹23,Recycler
Washing Machine,Ahmedabad,17-08-26,₹20,Aggregator
Microwave,Ahmedabad,17-08-26,₹17,Recycler
Player,Ahmedabad,17-08-26,₹44,Aggregator
Cable,Ahmedabad,17-08-26,₹393,Aggregator
LCD Panel,Ahmedabad,17-08-26,₹47,Recycler
Motor,Ahmedabad,17-08-26,₹80,Recycler
Magnet Assembly,Ahmedabad,17-08-26,₹89,Recycler
Metal,Ahmedabad,17-08-26,₹51,Recycler
Plastic,Ahmedabad,17-08-26,₹20,Aggregator
Glass,Ahmedabad,17-08-26,₹5,Aggregator
PCB,Bengaluru,17-08-26,₹427,Recycler
Battery,Bengaluru,17-08-26,₹111,Aggregator
Mobile,Bengaluru,17-08-26,₹199,Aggregator
Keyboard,Bengaluru,17-08-26,₹29,Recycler
Mouse,Bengaluru,17-08-26,₹34,Aggregator
Printer,Bengaluru,17-08-26,₹18,Recycler
Television,Bengaluru,17-08-26,₹20,Recycler
Washing Machine,Bengaluru,17-08-26,₹21,Recycler
Microwave,Bengaluru,17-08-26,₹18,Recycler
Player,Bengaluru,17-08-26,₹49,Recycler
Cable,Bengaluru,17-08-26,₹426,Market Survey
LCD Panel,Bengaluru,17-08-26,₹44,Market Survey
Motor,Bengaluru,17-08-26,₹77,Aggregator
Magnet Assembly,Bengaluru,17-08-26,₹92,Aggregator
Metal,Bengaluru,17-08-26,₹53,Recycler
Plastic,Bengaluru,17-08-26,₹20,Aggregator
Glass,Bengaluru,17-08-26,₹5,Recycler
PCB,Hyderabad,17-08-26,₹389,Recycler
Battery,Hyderabad,17-08-26,₹122,Recycler
Mobile,Hyderabad,17-08-26,₹222,Recycler
Keyboard,Hyderabad,17-08-26,₹28,Recycler
Mouse,Hyderabad,17-08-26,₹38,Recycler
Printer,Hyderabad,17-08-26,₹18,Recycler
Television,Hyderabad,17-08-26,₹22,Recycler
Washing Machine,Hyderabad,17-08-26,₹20,Aggregator
Microwave,Hyderabad,17-08-26,₹17,Recycler
Player,Hyderabad,17-08-26,₹47,Recycler
Cable,Hyderabad,17-08-26,₹384,Recycler
LCD Panel,Hyderabad,17-08-26,₹44,Aggregator
Motor,Hyderabad,17-08-26,₹72,Recycler
Magnet Assembly,Hyderabad,17-08-26,₹94,Recycler
Metal,Hyderabad,17-08-26,₹52,Market Survey
Plastic,Hyderabad,17-08-26,₹22,Recycler
Glass,Hyderabad,17-08-26,₹5,Recycler
PCB,Chennai,17-08-26,₹413,Recycler
Battery,Chennai,17-08-26,₹111,Recycler
Mobile,Chennai,17-08-26,₹228,Recycler
Keyboard,Chennai,17-08-26,₹27,Aggregator
Mouse,Chennai,17-08-26,₹38,Recycler
Printer,Chennai,17-08-26,₹19,Recycler
Television,Chennai,17-08-26,₹21,Recycler
Washing Machine,Chennai,17-08-26,₹21,Market Survey
Microwave,Chennai,17-08-26,₹17,Aggregator
Player,Chennai,17-08-26,₹48,Recycler
Cable,Chennai,17-08-26,₹373,Recycler
LCD Panel,Chennai,17-08-26,₹44,Recycler
Motor,Chennai,17-08-26,₹69,Aggregator
Magnet Assembly,Chennai,17-08-26,₹93,Recycler
Metal,Chennai,17-08-26,₹54,Recycler
Plastic,Chennai,17-08-26,₹20,Market Survey
Glass,Chennai,17-08-26,₹5,Aggregator
PCB,Kolkata,17-08-26,₹435,Aggregator
Battery,Kolkata,17-08-26,₹100,Recycler
Mobile,Kolkata,17-08-26,₹203,Recycler
Keyboard,Kolkata,17-08-26,₹28,Recycler
Mouse,Kolkata,17-08-26,₹36,Recycler
Printer,Kolkata,17-08-26,₹17,Recycler
Television,Kolkata,17-08-26,₹21,Market Survey
Washing Machine,Kolkata,17-08-26,₹19,Aggregator
Microwave,Kolkata,17-08-26,₹16,Recycler
Player,Kolkata,17-08-26,₹43,Recycler
Cable,Kolkata,17-08-26,₹381,Recycler
LCD Panel,Kolkata,17-08-26,₹46,Aggregator
Motor,Kolkata,17-08-26,₹67,Recycler
Magnet Assembly,Kolkata,17-08-26,₹84,Aggregator
Metal,Kolkata,17-08-26,₹48,Recycler
Plastic,Kolkata,17-08-26,₹19,Aggregator
Glass,Kolkata,17-08-26,₹5,Aggregator
PCB,Lucknow,17-08-26,₹377,Aggregator
Battery,Lucknow,17-08-26,₹104,Recycler
Mobile,Lucknow,17-08-26,₹188,Recycler
Keyboard,Lucknow,17-08-26,₹28,Recycler
Mouse,Lucknow,17-08-26,₹35,Recycler
Printer,Lucknow,17-08-26,₹18,Recycler
Television,Lucknow,17-08-26,₹21,Recycler
Washing Machine,Lucknow,17-08-26,₹19,Aggregator
Microwave,Lucknow,17-08-26,₹16,Aggregator
Player,Lucknow,17-08-26,₹45,Aggregator
Cable,Lucknow,17-08-26,₹353,Recycler
LCD Panel,Lucknow,17-08-26,₹42,Aggregator
Motor,Lucknow,17-08-26,₹68,Aggregator
Magnet Assembly,Lucknow,17-08-26,₹94,Market Survey
Metal,Lucknow,17-08-26,₹47,Aggregator
Plastic,Lucknow,17-08-26,₹19,Recycler
Glass,Lucknow,17-08-26,₹5,Recycler
PCB,Bhopal,18-08-26,₹430,Recycler
Battery,Bhopal,18-08-26,₹98,Recycler
Mobile,Bhopal,18-08-26,₹201,Market Survey
Keyboard,Bhopal,18-08-26,₹27,Recycler
Mouse,Bhopal,18-08-26,₹35,Recycler
Printer,Bhopal,18-08-26,₹16,Aggregator
Television,Bhopal,18-08-26,₹22,Recycler
Washing Machine,Bhopal,18-08-26,₹18,Recycler
Microwave,Bhopal,18-08-26,₹15,Aggregator
Player,Bhopal,18-08-26,₹43,Recycler
Cable,Bhopal,18-08-26,₹369,Recycler
LCD Panel,Bhopal,18-08-26,₹43,Aggregator
Motor,Bhopal,18-08-26,₹67,Recycler
Magnet Assembly,Bhopal,18-08-26,₹85,Recycler
Metal,Bhopal,18-08-26,₹51,Recycler
Plastic,Bhopal,18-08-26,₹18,Aggregator
Glass,Bhopal,18-08-26,₹5,Recycler
PCB,Indore,18-08-26,₹423,Recycler
Battery,Indore,18-08-26,₹103,Aggregator
Mobile,Indore,18-08-26,₹205,Recycler
Keyboard,Indore,18-08-26,₹26,Aggregator
Mouse,Indore,18-08-26,₹35,Recycler
Printer,Indore,18-08-26,₹19,Recycler
Television,Indore,18-08-26,₹22,Recycler
Washing Machine,Indore,18-08-26,₹20,Recycler
Microwave,Indore,18-08-26,₹17,Aggregator
Player,Indore,18-08-26,₹45,Recycler
Cable,Indore,18-08-26,₹374,Aggregator
LCD Panel,Indore,18-08-26,₹43,Aggregator
Motor,Indore,18-08-26,₹71,Recycler
Magnet Assembly,Indore,18-08-26,₹94,Recycler
Metal,Indore,18-08-26,₹45,Aggregator
Plastic,Indore,18-08-26,₹18,Recycler
Glass,Indore,18-08-26,₹5,Market Survey
PCB,Raipur,18-08-26,₹415,Recycler
Battery,Raipur,18-08-26,₹104,Recycler
Mobile,Raipur,18-08-26,₹195,Aggregator
Keyboard,Raipur,18-08-26,₹27,Aggregator
Mouse,Raipur,18-08-26,₹37,Recycler
Printer,Raipur,18-08-26,₹17,Aggregator
Television,Raipur,18-08-26,₹21,Recycler
Washing Machine,Raipur,18-08-26,₹18,Aggregator
Microwave,Raipur,18-08-26,₹16,Aggregator
Player,Raipur,18-08-26,₹42,Aggregator
Cable,Raipur,18-08-26,₹364,Recycler
LCD Panel,Raipur,18-08-26,₹41,Recycler
Motor,Raipur,18-08-26,₹68,Market Survey
Magnet Assembly,Raipur,18-08-26,₹89,Recycler
Metal,Raipur,18-08-26,₹47,Recycler
Plastic,Raipur,18-08-26,₹19,Recycler
Glass,Raipur,18-08-26,₹5,Recycler
PCB,Nagpur,18-08-26,₹406,Recycler
Battery,Nagpur,18-08-26,₹109,Recycler
Mobile,Nagpur,18-08-26,₹203,Aggregator
Keyboard,Nagpur,18-08-26,₹28,Market Survey
Mouse,Nagpur,18-08-26,₹38,Recycler
Printer,Nagpur,18-08-26,₹18,Recycler
Television,Nagpur,18-08-26,₹22,Recycler
Washing Machine,Nagpur,18-08-26,₹18,Recycler
Microwave,Nagpur,18-08-26,₹16,Recycler
Player,Nagpur,18-08-26,₹46,Market Survey
Cable,Nagpur,18-08-26,₹370,Recycler
LCD Panel,Nagpur,18-08-26,₹40,Aggregator
Motor,Nagpur,18-08-26,₹72,Recycler
Magnet Assembly,Nagpur,18-08-26,₹85,Recycler
Metal,Nagpur,18-08-26,₹49,Recycler
Plastic,Nagpur,18-08-26,₹19,Recycler
Glass,Nagpur,18-08-26,₹5,Recycler
PCB,Pune,18-08-26,₹422,Market Survey
Battery,Pune,18-08-26,₹115,Recycler
Mobile,Pune,18-08-26,₹200,Aggregator
Keyboard,Pune,18-08-26,₹29,Recycler
Mouse,Pune,18-08-26,₹35,Recycler
Printer,Pune,18-08-26,₹18,Recycler
Television,Pune,18-08-26,₹24,Recycler
Washing Machine,Pune,18-08-26,₹20,Aggregator
Microwave,Pune,18-08-26,₹17,Recycler
Player,Pune,18-08-26,₹50,Aggregator
Cable,Pune,18-08-26,₹387,Recycler
LCD Panel,Pune,18-08-26,₹47,Recycler
Motor,Pune,18-08-26,₹80,Recycler
Magnet Assembly,Pune,18-08-26,₹100,Aggregator
Metal,Pune,18-08-26,₹50,Recycler
Plastic,Pune,18-08-26,₹20,Recycler
Glass,Pune,18-08-26,₹5,Market Survey
PCB,Mumbai,18-08-26,₹460,Recycler
Battery,Mumbai,18-08-26,₹124,Recycler
Mobile,Mumbai,18-08-26,₹207,Aggregator
Keyboard,Mumbai,18-08-26,₹28,Aggregator
Mouse,Mumbai,18-08-26,₹38,Recycler
Printer,Mumbai,18-08-26,₹19,Recycler
Television,Mumbai,18-08-26,₹25,Recycler
Washing Machine,Mumbai,18-08-26,₹22,Recycler
Microwave,Mumbai,18-08-26,₹19,Recycler
Player,Mumbai,18-08-26,₹47,Recycler
Cable,Mumbai,18-08-26,₹398,Recycler
LCD Panel,Mumbai,18-08-26,₹50,Recycler
Motor,Mumbai,18-08-26,₹76,Recycler
Magnet Assembly,Mumbai,18-08-26,₹106,Recycler
Metal,Mumbai,18-08-26,₹57,Recycler
Plastic,Mumbai,18-08-26,₹21,Recycler
Glass,Mumbai,18-08-26,₹5,Recycler
PCB,Delhi,18-08-26,₹438,Recycler
Battery,Delhi,18-08-26,₹109,Aggregator
Mobile,Delhi,18-08-26,₹225,Recycler
Keyboard,Delhi,18-08-26,₹30,Recycler
Mouse,Delhi,18-08-26,₹42,Recycler
Printer,Delhi,18-08-26,₹19,Aggregator
Television,Delhi,18-08-26,₹23,Aggregator
Washing Machine,Delhi,18-08-26,₹23,Recycler
Microwave,Delhi,18-08-26,₹18,Market Survey
Player,Delhi,18-08-26,₹53,Recycler
Cable,Delhi,18-08-26,₹417,Recycler
LCD Panel,Delhi,18-08-26,₹46,Recycler
Motor,Delhi,18-08-26,₹75,Recycler
Magnet Assembly,Delhi,18-08-26,₹97,Recycler
Metal,Delhi,18-08-26,₹56,Aggregator
Plastic,Delhi,18-08-26,₹20,Recycler
Glass,Delhi,18-08-26,₹5,Recycler
PCB,Noida,18-08-26,₹438,Recycler
Battery,Noida,18-08-26,₹112,Recycler
Mobile,Noida,18-08-26,₹217,Recycler
Keyboard,Noida,18-08-26,₹27,Aggregator
Mouse,Noida,18-08-26,₹40,Recycler
Printer,Noida,18-08-26,₹18,Aggregator
Television,Noida,18-08-26,₹21,Aggregator
Washing Machine,Noida,18-08-26,₹21,Recycler
Microwave,Noida,18-08-26,₹18,Recycler
Player,Noida,18-08-26,₹48,Market Survey
Cable,Noida,18-08-26,₹414,Recycler
LCD Panel,Noida,18-08-26,₹48,Market Survey
Motor,Noida,18-08-26,₹68,Aggregator
Magnet Assembly,Noida,18-08-26,₹98,Recycler
Metal,Noida,18-08-26,₹52,Market Survey
Plastic,Noida,18-08-26,₹19,Recycler
Glass,Noida,18-08-26,₹5,Recycler
PCB,Jaipur,18-08-26,₹417,Recycler
Battery,Jaipur,18-08-26,₹107,Aggregator
Mobile,Jaipur,18-08-26,₹205,Aggregator
Keyboard,Jaipur,18-08-26,₹27,Recycler
Mouse,Jaipur,18-08-26,₹35,Aggregator
Printer,Jaipur,18-08-26,₹16,Aggregator
Television,Jaipur,18-08-26,₹20,Recycler
Washing Machine,Jaipur,18-08-26,₹21,Aggregator
Microwave,Jaipur,18-08-26,₹18,Recycler
Player,Jaipur,18-08-26,₹48,Recycler
Cable,Jaipur,18-08-26,₹369,Recycler
LCD Panel,Jaipur,18-08-26,₹44,Recycler
Motor,Jaipur,18-08-26,₹73,Recycler
Magnet Assembly,Jaipur,18-08-26,₹97,Aggregator
Metal,Jaipur,18-08-26,₹51,Recycler
Plastic,Jaipur,18-08-26,₹19,Aggregator
Glass,Jaipur,18-08-26,₹5,Recycler
PCB,Ahmedabad,18-08-26,₹429,Aggregator
Battery,Ahmedabad,18-08-26,₹117,Recycler
Mobile,Ahmedabad,18-08-26,₹207,Recycler
Keyboard,Ahmedabad,18-08-26,₹29,Recycler
Mouse,Ahmedabad,18-08-26,₹43,Recycler
Printer,Ahmedabad,18-08-26,₹18,Recycler
Television,Ahmedabad,18-08-26,₹22,Recycler
Washing Machine,Ahmedabad,18-08-26,₹21,Market Survey
Microwave,Ahmedabad,18-08-26,₹18,Aggregator
Player,Ahmedabad,18-08-26,₹52,Recycler
Cable,Ahmedabad,18-08-26,₹378,Recycler
LCD Panel,Ahmedabad,18-08-26,₹46,Recycler
Motor,Ahmedabad,18-08-26,₹73,Recycler
Magnet Assembly,Ahmedabad,18-08-26,₹95,Aggregator
Metal,Ahmedabad,18-08-26,₹53,Recycler
Plastic,Ahmedabad,18-08-26,₹20,Aggregator
Glass,Ahmedabad,18-08-26,₹5,Aggregator
PCB,Bengaluru,18-08-26,₹457,Recycler
Battery,Bengaluru,18-08-26,₹113,Market Survey
Mobile,Bengaluru,18-08-26,₹206,Recycler
Keyboard,Bengaluru,18-08-26,₹30,Recycler
Mouse,Bengaluru,18-08-26,₹37,Recycler
Printer,Bengaluru,18-08-26,₹18,Aggregator
Television,Bengaluru,18-08-26,₹24,Recycler
Washing Machine,Bengaluru,18-08-26,₹22,Recycler
Microwave,Bengaluru,18-08-26,₹17,Aggregator
Player,Bengaluru,18-08-26,₹49,Recycler
Cable,Bengaluru,18-08-26,₹414,Recycler
LCD Panel,Bengaluru,18-08-26,₹46,Recycler
Motor,Bengaluru,18-08-26,₹75,Recycler
Magnet Assembly,Bengaluru,18-08-26,₹96,Recycler
Metal,Bengaluru,18-08-26,₹54,Aggregator
Plastic,Bengaluru,18-08-26,₹21,Market Survey
Glass,Bengaluru,18-08-26,₹5,Recycler
PCB,Hyderabad,18-08-26,₹428,Recycler
Battery,Hyderabad,18-08-26,₹107,Recycler
Mobile,Hyderabad,18-08-26,₹203,Recycler
Keyboard,Hyderabad,18-08-26,₹28,Aggregator
Mouse,Hyderabad,18-08-26,₹38,Aggregator
Printer,Hyderabad,18-08-26,₹18,Recycler
Television,Hyderabad,18-08-26,₹21,Aggregator
Washing Machine,Hyderabad,18-08-26,₹21,Recycler
Microwave,Hyderabad,18-08-26,₹18,Recycler
Player,Hyderabad,18-08-26,₹48,Recycler
Cable,Hyderabad,18-08-26,₹431,Recycler
LCD Panel,Hyderabad,18-08-26,₹44,Aggregator
Motor,Hyderabad,18-08-26,₹73,Recycler
Magnet Assembly,Hyderabad,18-08-26,₹91,Recycler
Metal,Hyderabad,18-08-26,₹53,Aggregator
Plastic,Hyderabad,18-08-26,₹20,Recycler
Glass,Hyderabad,18-08-26,₹5,Recycler
PCB,Chennai,18-08-26,₹426,Recycler
Battery,Chennai,18-08-26,₹112,Recycler
Mobile,Chennai,18-08-26,₹213,Aggregator
Keyboard,Chennai,18-08-26,₹28,Recycler
Mouse,Chennai,18-08-26,₹40,Recycler
Printer,Chennai,18-08-26,₹17,Aggregator
Television,Chennai,18-08-26,₹21,Aggregator
Washing Machine,Chennai,18-08-26,₹24,Recycler
Microwave,Chennai,18-08-26,₹17,Recycler
Player,Chennai,18-08-26,₹45,Aggregator
Cable,Chennai,18-08-26,₹413,Recycler
LCD Panel,Chennai,18-08-26,₹45,Market Survey
Motor,Chennai,18-08-26,₹71,Aggregator
Magnet Assembly,Chennai,18-08-26,₹98,Recycler
Metal,Chennai,18-08-26,₹56,Market Survey
Plastic,Chennai,18-08-26,₹19,Recycler
Glass,Chennai,18-08-26,₹5,Recycler
PCB,Kolkata,18-08-26,₹423,Recycler
Battery,Kolkata,18-08-26,₹105,Market Survey
Mobile,Kolkata,18-08-26,₹189,Recycler
Keyboard,Kolkata,18-08-26,₹28,Recycler
Mouse,Kolkata,18-08-26,₹37,Recycler
Printer,Kolkata,18-08-26,₹18,Recycler
Television,Kolkata,18-08-26,₹21,Recycler
Washing Machine,Kolkata,18-08-26,₹23,Recycler
Microwave,Kolkata,18-08-26,₹17,Market Survey
Player,Kolkata,18-08-26,₹46,Recycler
Cable,Kolkata,18-08-26,₹378,Recycler
LCD Panel,Kolkata,18-08-26,₹42,Aggregator
Motor,Kolkata,18-08-26,₹72,Recycler
Magnet Assembly,Kolkata,18-08-26,₹91,Aggregator
Metal,Kolkata,18-08-26,₹49,Aggregator
Plastic,Kolkata,18-08-26,₹21,Recycler
Glass,Kolkata,18-08-26,₹5,Recycler
PCB,Lucknow,18-08-26,₹389,Recycler
Battery,Lucknow,18-08-26,₹107,Recycler
Mobile,Lucknow,18-08-26,₹197,Recycler
Keyboard,Lucknow,18-08-26,₹27,Recycler
Mouse,Lucknow,18-08-26,₹35,Aggregator
Printer,Lucknow,18-08-26,₹16,Recycler
Television,Lucknow,18-08-26,₹21,Recycler
Washing Machine,Lucknow,18-08-26,₹19,Recycler
Microwave,Lucknow,18-08-26,₹16,Aggregator
Player,Lucknow,18-08-26,₹46,Recycler
Cable,Lucknow,18-08-26,₹386,Recycler
LCD Panel,Lucknow,18-08-26,₹43,Recycler
Motor,Lucknow,18-08-26,₹68,Aggregator
Magnet Assembly,Lucknow,18-08-26,₹87,Recycler
Metal,Lucknow,18-08-26,₹49,Aggregator
Plastic,Lucknow,18-08-26,₹19,Recycler
Glass,Lucknow,18-08-26,₹5,Recycler
PCB,Bhopal,19-08-26,₹392,Aggregator
Battery,Bhopal,19-08-26,₹99,Recycler
Mobile,Bhopal,19-08-26,₹205,Market Survey
Keyboard,Bhopal,19-08-26,₹25,Aggregator
Mouse,Bhopal,19-08-26,₹34,Aggregator
Printer,Bhopal,19-08-26,₹17,Recycler
Television,Bhopal,19-08-26,₹21,Aggregator
Washing Machine,Bhopal,19-08-26,₹19,Recycler
Microwave,Bhopal,19-08-26,₹15,Recycler
Player,Bhopal,19-08-26,₹41,Aggregator
Cable,Bhopal,19-08-26,₹361,Recycler
LCD Panel,Bhopal,19-08-26,₹45,Recycler
Motor,Bhopal,19-08-26,₹67,Recycler
Magnet Assembly,Bhopal,19-08-26,₹92,Recycler
Metal,Bhopal,19-08-26,₹50,Aggregator
Plastic,Bhopal,19-08-26,₹17,Recycler
Glass,Bhopal,19-08-26,₹5,Recycler
PCB,Indore,19-08-26,₹392,Recycler
Battery,Indore,19-08-26,₹110,Recycler
Mobile,Indore,19-08-26,₹175,Aggregator
Keyboard,Indore,19-08-26,₹28,Recycler
Mouse,Indore,19-08-26,₹37,Aggregator
Printer,Indore,19-08-26,₹17,Recycler
Television,Indore,19-08-26,₹20,Aggregator
Washing Machine,Indore,19-08-26,₹19,Recycler
Microwave,Indore,19-08-26,₹16,Recycler
Player,Indore,19-08-26,₹45,Recycler
Cable,Indore,19-08-26,₹360,Recycler
LCD Panel,Indore,19-08-26,₹41,Recycler
Motor,Indore,19-08-26,₹67,Recycler
Magnet Assembly,Indore,19-08-26,₹93,Market Survey
Metal,Indore,19-08-26,₹51,Recycler
Plastic,Indore,19-08-26,₹19,Recycler
Glass,Indore,19-08-26,₹5,Aggregator
PCB,Raipur,19-08-26,₹396,Aggregator
Battery,Raipur,19-08-26,₹101,Recycler
Mobile,Raipur,19-08-26,₹185,Recycler
Keyboard,Raipur,19-08-26,₹27,Aggregator
Mouse,Raipur,19-08-26,₹36,Recycler
Printer,Raipur,19-08-26,₹17,Recycler
Television,Raipur,19-08-26,₹21,Aggregator
Washing Machine,Raipur,19-08-26,₹20,Recycler
Microwave,Raipur,19-08-26,₹15,Market Survey
Player,Raipur,19-08-26,₹46,Recycler
Cable,Raipur,19-08-26,₹376,Recycler
LCD Panel,Raipur,19-08-26,₹39,Recycler
Motor,Raipur,19-08-26,₹66,Market Survey
Magnet Assembly,Raipur,19-08-26,₹87,Recycler
Metal,Raipur,19-08-26,₹50,Recycler
Plastic,Raipur,19-08-26,₹18,Recycler
Glass,Raipur,19-08-26,₹4,Recycler
PCB,Nagpur,19-08-26,₹376,Recycler
Battery,Nagpur,19-08-26,₹106,Market Survey
Mobile,Nagpur,19-08-26,₹187,Aggregator
Keyboard,Nagpur,19-08-26,₹27,Recycler
Mouse,Nagpur,19-08-26,₹37,Market Survey
Printer,Nagpur,19-08-26,₹17,Aggregator
Television,Nagpur,19-08-26,₹22,Recycler
Washing Machine,Nagpur,19-08-26,₹20,Recycler
Microwave,Nagpur,19-08-26,₹16,Recycler
Player,Nagpur,19-08-26,₹46,Recycler
Cable,Nagpur,19-08-26,₹348,Aggregator
LCD Panel,Nagpur,19-08-26,₹43,Market Survey
Motor,Nagpur,19-08-26,₹68,Recycler
Magnet Assembly,Nagpur,19-08-26,₹88,Recycler
Metal,Nagpur,19-08-26,₹48,Recycler
Plastic,Nagpur,19-08-26,₹18,Recycler
Glass,Nagpur,19-08-26,₹4,Aggregator
PCB,Pune,19-08-26,₹453,Market Survey
Battery,Pune,19-08-26,₹108,Aggregator
Mobile,Pune,19-08-26,₹189,Aggregator
Keyboard,Pune,19-08-26,₹27,Recycler
Mouse,Pune,19-08-26,₹38,Aggregator
Printer,Pune,19-08-26,₹18,Aggregator
Television,Pune,19-08-26,₹22,Recycler
Washing Machine,Pune,19-08-26,₹22,Recycler
Microwave,Pune,19-08-26,₹17,Aggregator
Player,Pune,19-08-26,₹45,Recycler
Cable,Pune,19-08-26,₹400,Recycler
LCD Panel,Pune,19-08-26,₹44,Recycler
Motor,Pune,19-08-26,₹69,Recycler
Magnet Assembly,Pune,19-08-26,₹92,Aggregator
Metal,Pune,19-08-26,₹54,Recycler
Plastic,Pune,19-08-26,₹19,Aggregator
Glass,Pune,19-08-26,₹5,Recycler
PCB,Mumbai,19-08-26,₹426,Aggregator
Battery,Mumbai,19-08-26,₹112,Recycler
Mobile,Mumbai,19-08-26,₹219,Market Survey
Keyboard,Mumbai,19-08-26,₹31,Recycler
Mouse,Mumbai,19-08-26,₹41,Recycler
Printer,Mumbai,19-08-26,₹18,Aggregator
Television,Mumbai,19-08-26,₹24,Recycler
Washing Machine,Mumbai,19-08-26,₹23,Recycler
Microwave,Mumbai,19-08-26,₹19,Market Survey
Player,Mumbai,19-08-26,₹49,Recycler
Cable,Mumbai,19-08-26,₹395,Recycler
LCD Panel,Mumbai,19-08-26,₹46,Recycler
Motor,Mumbai,19-08-26,₹76,Recycler
Magnet Assembly,Mumbai,19-08-26,₹93,Recycler
Metal,Mumbai,19-08-26,₹49,Aggregator
Plastic,Mumbai,19-08-26,₹22,Recycler
Glass,Mumbai,19-08-26,₹5,Aggregator
PCB,Delhi,19-08-26,₹453,Recycler
Battery,Delhi,19-08-26,₹108,Recycler
Mobile,Delhi,19-08-26,₹221,Aggregator
Keyboard,Delhi,19-08-26,₹27,Recycler
Mouse,Delhi,19-08-26,₹39,Aggregator
Printer,Delhi,19-08-26,₹18,Recycler
Television,Delhi,19-08-26,₹23,Aggregator
Washing Machine,Delhi,19-08-26,₹20,Aggregator
Microwave,Delhi,19-08-26,₹18,Recycler
Player,Delhi,19-08-26,₹52,Recycler
Cable,Delhi,19-08-26,₹400,Recycler
LCD Panel,Delhi,19-08-26,₹47,Recycler
Motor,Delhi,19-08-26,₹75,Recycler
Magnet Assembly,Delhi,19-08-26,₹107,Recycler
Metal,Delhi,19-08-26,₹56,Recycler
Plastic,Delhi,19-08-26,₹20,Recycler
Glass,Delhi,19-08-26,₹5,Recycler
PCB,Noida,19-08-26,₹423,Aggregator
Battery,Noida,19-08-26,₹111,Recycler
Mobile,Noida,19-08-26,₹208,Market Survey
Keyboard,Noida,19-08-26,₹27,Market Survey
Mouse,Noida,19-08-26,₹38,Recycler
Printer,Noida,19-08-26,₹18,Recycler
Television,Noida,19-08-26,₹21,Recycler
Washing Machine,Noida,19-08-26,₹21,Recycler
Microwave,Noida,19-08-26,₹16,Recycler
Player,Noida,19-08-26,₹48,Recycler
Cable,Noida,19-08-26,₹427,Recycler
LCD Panel,Noida,19-08-26,₹46,Aggregator
Motor,Noida,19-08-26,₹69,Aggregator
Magnet Assembly,Noida,19-08-26,₹98,Recycler
Metal,Noida,19-08-26,₹51,Recycler
Plastic,Noida,19-08-26,₹20,Recycler
Glass,Noida,19-08-26,₹5,Aggregator
PCB,Jaipur,19-08-26,₹407,Market Survey
Battery,Jaipur,19-08-26,₹103,Aggregator
Mobile,Jaipur,19-08-26,₹205,Recycler
Keyboard,Jaipur,19-08-26,₹29,Recycler
Mouse,Jaipur,19-08-26,₹39,Recycler
Printer,Jaipur,19-08-26,₹18,Recycler
Television,Jaipur,19-08-26,₹21,Recycler
Washing Machine,Jaipur,19-08-26,₹20,Recycler
Microwave,Jaipur,19-08-26,₹16,Recycler
Player,Jaipur,19-08-26,₹47,Aggregator
Cable,Jaipur,19-08-26,₹345,Aggregator
LCD Panel,Jaipur,19-08-26,₹46,Recycler
Motor,Jaipur,19-08-26,₹69,Aggregator
Magnet Assembly,Jaipur,19-08-26,₹100,Recycler
Metal,Jaipur,19-08-26,₹47,Aggregator
Plastic,Jaipur,19-08-26,₹19,Recycler
Glass,Jaipur,19-08-26,₹5,Aggregator
PCB,Ahmedabad,19-08-26,₹425,Aggregator
Battery,Ahmedabad,19-08-26,₹104,Aggregator
Mobile,Ahmedabad,19-08-26,₹221,Recycler
Keyboard,Ahmedabad,19-08-26,₹28,Market Survey
Mouse,Ahmedabad,19-08-26,₹37,Aggregator
Printer,Ahmedabad,19-08-26,₹19,Market Survey
Television,Ahmedabad,19-08-26,₹21,Recycler
Washing Machine,Ahmedabad,19-08-26,₹21,Aggregator
Microwave,Ahmedabad,19-08-26,₹17,Recycler
Player,Ahmedabad,19-08-26,₹48,Market Survey
Cable,Ahmedabad,19-08-26,₹401,Recycler
LCD Panel,Ahmedabad,19-08-26,₹44,Recycler
Motor,Ahmedabad,19-08-26,₹68,Aggregator
Magnet Assembly,Ahmedabad,19-08-26,₹99,Recycler
Metal,Ahmedabad,19-08-26,₹49,Aggregator
Plastic,Ahmedabad,19-08-26,₹20,Aggregator
Glass,Ahmedabad,19-08-26,₹5,Aggregator
PCB,Bengaluru,19-08-26,₹411,Aggregator
Battery,Bengaluru,19-08-26,₹113,Recycler
Mobile,Bengaluru,19-08-26,₹203,Recycler
Keyboard,Bengaluru,19-08-26,₹28,Recycler
Mouse,Bengaluru,19-08-26,₹39,Recycler
Printer,Bengaluru,19-08-26,₹18,Aggregator
Television,Bengaluru,19-08-26,₹22,Recycler
Washing Machine,Bengaluru,19-08-26,₹20,Recycler
Microwave,Bengaluru,19-08-26,₹16,Aggregator
Player,Bengaluru,19-08-26,₹51,Market Survey
Cable,Bengaluru,19-08-26,₹423,Market Survey
LCD Panel,Bengaluru,19-08-26,₹46,Recycler
Motor,Bengaluru,19-08-26,₹74,Market Survey
Magnet Assembly,Bengaluru,19-08-26,₹101,Recycler
Metal,Bengaluru,19-08-26,₹55,Aggregator
Plastic,Bengaluru,19-08-26,₹18,Aggregator
Glass,Bengaluru,19-08-26,₹5,Market Survey
PCB,Hyderabad,19-08-26,₹436,Aggregator
Battery,Hyderabad,19-08-26,₹103,Recycler
Mobile,Hyderabad,19-08-26,₹200,Aggregator
Keyboard,Hyderabad,19-08-26,₹29,Recycler
Mouse,Hyderabad,19-08-26,₹37,Recycler
Printer,Hyderabad,19-08-26,₹18,Market Survey
Television,Hyderabad,19-08-26,₹22,Market Survey
Washing Machine,Hyderabad,19-08-26,₹21,Market Survey
Microwave,Hyderabad,19-08-26,₹16,Aggregator
Player,Hyderabad,19-08-26,₹47,Aggregator
Cable,Hyderabad,19-08-26,₹373,Aggregator
LCD Panel,Hyderabad,19-08-26,₹44,Aggregator
Motor,Hyderabad,19-08-26,₹65,Recycler
Magnet Assembly,Hyderabad,19-08-26,₹92,Market Survey
Metal,Hyderabad,19-08-26,₹52,Market Survey
Plastic,Hyderabad,19-08-26,₹20,Recycler
Glass,Hyderabad,19-08-26,₹5,Recycler
PCB,Chennai,19-08-26,₹417,Recycler
Battery,Chennai,19-08-26,₹107,Aggregator
Mobile,Chennai,19-08-26,₹185,Aggregator
Keyboard,Chennai,19-08-26,₹28,Recycler
Mouse,Chennai,19-08-26,₹36,Recycler
Printer,Chennai,19-08-26,₹19,Recycler
Television,Chennai,19-08-26,₹21,Aggregator
Washing Machine,Chennai,19-08-26,₹21,Recycler
Microwave,Chennai,19-08-26,₹18,Market Survey
Player,Chennai,19-08-26,₹46,Recycler
Cable,Chennai,19-08-26,₹360,Aggregator
LCD Panel,Chennai,19-08-26,₹43,Aggregator
Motor,Chennai,19-08-26,₹69,Recycler
Magnet Assembly,Chennai,19-08-26,₹97,Recycler
Metal,Chennai,19-08-26,₹48,Aggregator
Plastic,Chennai,19-08-26,₹20,Aggregator
Glass,Chennai,19-08-26,₹5,Recycler
PCB,Kolkata,19-08-26,₹424,Recycler
Battery,Kolkata,19-08-26,₹108,Aggregator
Mobile,Kolkata,19-08-26,₹191,Recycler
Keyboard,Kolkata,19-08-26,₹28,Recycler
Mouse,Kolkata,19-08-26,₹34,Recycler
Printer,Kolkata,19-08-26,₹17,Recycler
Television,Kolkata,19-08-26,₹21,Recycler
Washing Machine,Kolkata,19-08-26,₹20,Market Survey
Microwave,Kolkata,19-08-26,₹16,Recycler
Player,Kolkata,19-08-26,₹47,Recycler
Cable,Kolkata,19-08-26,₹330,Aggregator
LCD Panel,Kolkata,19-08-26,₹43,Aggregator
Motor,Kolkata,19-08-26,₹70,Market Survey
Magnet Assembly,Kolkata,19-08-26,₹93,Recycler
Metal,Kolkata,19-08-26,₹48,Aggregator
Plastic,Kolkata,19-08-26,₹21,Recycler
Glass,Kolkata,19-08-26,₹5,Recycler
PCB,Lucknow,19-08-26,₹415,Recycler
Battery,Lucknow,19-08-26,₹100,Recycler
Mobile,Lucknow,19-08-26,₹198,Recycler
Keyboard,Lucknow,19-08-26,₹27,Aggregator
Mouse,Lucknow,19-08-26,₹36,Recycler
Printer,Lucknow,19-08-26,₹17,Recycler
Television,Lucknow,19-08-26,₹21,Market Survey
Washing Machine,Lucknow,19-08-26,₹19,Recycler
Microwave,Lucknow,19-08-26,₹17,Market Survey
Player,Lucknow,19-08-26,₹45,Recycler
Cable,Lucknow,19-08-26,₹376,Recycler
LCD Panel,Lucknow,19-08-26,₹38,Aggregator
Motor,Lucknow,19-08-26,₹69,Recycler
Magnet Assembly,Lucknow,19-08-26,₹91,Recycler
Metal,Lucknow,19-08-26,₹49,Recycler
Plastic,Lucknow,19-08-26,₹20,Market Survey
Glass,Lucknow,19-08-26,₹4,Aggregator
PCB,Bhopal,20-08-26,₹381,Aggregator
Battery,Bhopal,20-08-26,₹100,Recycler
Mobile,Bhopal,20-08-26,₹181,Aggregator
Keyboard,Bhopal,20-08-26,₹26,Recycler
Mouse,Bhopal,20-08-26,₹32,Aggregator
Printer,Bhopal,20-08-26,₹17,Recycler
Television,Bhopal,20-08-26,₹20,Recycler
Washing Machine,Bhopal,20-08-26,₹20,Market Survey
Microwave,Bhopal,20-08-26,₹16,Recycler
Player,Bhopal,20-08-26,₹46,Market Survey
Cable,Bhopal,20-08-26,₹325,Aggregator
LCD Panel,Bhopal,20-08-26,₹41,Recycler
Motor,Bhopal,20-08-26,₹64,Recycler
Magnet Assembly,Bhopal,20-08-26,₹91,Market Survey
Metal,Bhopal,20-08-26,₹48,Recycler
Plastic,Bhopal,20-08-26,₹18,Aggregator
Glass,Bhopal,20-08-26,₹4,Recycler
PCB,Indore,20-08-26,₹425,Recycler
Battery,Indore,20-08-26,₹105,Recycler
Mobile,Indore,20-08-26,₹191,Recycler
Keyboard,Indore,20-08-26,₹28,Recycler
Mouse,Indore,20-08-26,₹38,Recycler
Printer,Indore,20-08-26,₹18,Aggregator
Television,Indore,20-08-26,₹21,Aggregator
Washing Machine,Indore,20-08-26,₹21,Recycler
Microwave,Indore,20-08-26,₹16,Recycler
Player,Indore,20-08-26,₹44,Recycler
Cable,Indore,20-08-26,₹394,Recycler
LCD Panel,Indore,20-08-26,₹40,Aggregator
Motor,Indore,20-08-26,₹71,Recycler
Magnet Assembly,Indore,20-08-26,₹92,Recycler
Metal,Indore,20-08-26,₹48,Recycler
Plastic,Indore,20-08-26,₹19,Recycler
Glass,Indore,20-08-26,₹4,Aggregator
PCB,Raipur,20-08-26,₹393,Recycler
Battery,Raipur,20-08-26,₹96,Recycler
Mobile,Raipur,20-08-26,₹176,Aggregator
Keyboard,Raipur,20-08-26,₹26,Recycler
Mouse,Raipur,20-08-26,₹34,Recycler
Printer,Raipur,20-08-26,₹17,Recycler
Television,Raipur,20-08-26,₹22,Recycler
Washing Machine,Raipur,20-08-26,₹19,Aggregator
Microwave,Raipur,20-08-26,₹16,Recycler
Player,Raipur,20-08-26,₹45,Recycler
Cable,Raipur,20-08-26,₹349,Aggregator
LCD Panel,Raipur,20-08-26,₹40,Recycler
Motor,Raipur,20-08-26,₹67,Recycler
Magnet Assembly,Raipur,20-08-26,₹82,Recycler
Metal,Raipur,20-08-26,₹48,Aggregator
Plastic,Raipur,20-08-26,₹19,Recycler
Glass,Raipur,20-08-26,₹5,Recycler
PCB,Nagpur,20-08-26,₹402,Aggregator
Battery,Nagpur,20-08-26,₹102,Market Survey
Mobile,Nagpur,20-08-26,₹191,Recycler
Keyboard,Nagpur,20-08-26,₹26,Recycler
Mouse,Nagpur,20-08-26,₹36,Recycler
Printer,Nagpur,20-08-26,₹17,Aggregator
Television,Nagpur,20-08-26,₹19,Recycler
Washing Machine,Nagpur,20-08-26,₹19,Aggregator
Microwave,Nagpur,20-08-26,₹17,Recycler
Player,Nagpur,20-08-26,₹49,Market Survey
Cable,Nagpur,20-08-26,₹369,Recycler
LCD Panel,Nagpur,20-08-26,₹43,Recycler
Motor,Nagpur,20-08-26,₹76,Market Survey
Magnet Assembly,Nagpur,20-08-26,₹89,Recycler
Metal,Nagpur,20-08-26,₹52,Market Survey
Plastic,Nagpur,20-08-26,₹19,Recycler
Glass,Nagpur,20-08-26,₹5,Aggregator
PCB,Pune,20-08-26,₹417,Aggregator
Battery,Pune,20-08-26,₹107,Recycler
Mobile,Pune,20-08-26,₹210,Recycler
Keyboard,Pune,20-08-26,₹29,Aggregator
Mouse,Pune,20-08-26,₹37,Recycler
Printer,Pune,20-08-26,₹16,Aggregator
Television,Pune,20-08-26,₹24,Recycler
Washing Machine,Pune,20-08-26,₹20,Recycler
Microwave,Pune,20-08-26,₹17,Recycler
Player,Pune,20-08-26,₹48,Market Survey
Cable,Pune,20-08-26,₹377,Aggregator
LCD Panel,Pune,20-08-26,₹45,Recycler
Motor,Pune,20-08-26,₹71,Recycler
Magnet Assembly,Pune,20-08-26,₹85,Aggregator
Metal,Pune,20-08-26,₹53,Recycler
Plastic,Pune,20-08-26,₹20,Recycler
Glass,Pune,20-08-26,₹5,Market Survey
PCB,Mumbai,20-08-26,₹431,Recycler
Battery,Mumbai,20-08-26,₹112,Aggregator
Mobile,Mumbai,20-08-26,₹213,Recycler
Keyboard,Mumbai,20-08-26,₹26,Recycler
Mouse,Mumbai,20-08-26,₹41,Recycler
Printer,Mumbai,20-08-26,₹19,Recycler
Television,Mumbai,20-08-26,₹23,Recycler
Washing Machine,Mumbai,20-08-26,₹21,Aggregator
Microwave,Mumbai,20-08-26,₹18,Recycler
Player,Mumbai,20-08-26,₹45,Aggregator
Cable,Mumbai,20-08-26,₹407,Recycler
LCD Panel,Mumbai,20-08-26,₹43,Aggregator
Motor,Mumbai,20-08-26,₹74,Recycler
Magnet Assembly,Mumbai,20-08-26,₹99,Recycler
Metal,Mumbai,20-08-26,₹48,Recycler
Plastic,Mumbai,20-08-26,₹20,Recycler
Glass,Mumbai,20-08-26,₹5,Aggregator
PCB,Delhi,20-08-26,₹467,Recycler
Battery,Delhi,20-08-26,₹113,Recycler
Mobile,Delhi,20-08-26,₹224,Recycler
Keyboard,Delhi,20-08-26,₹29,Recycler
Mouse,Delhi,20-08-26,₹40,Market Survey
Printer,Delhi,20-08-26,₹17,Recycler
Television,Delhi,20-08-26,₹21,Recycler
Washing Machine,Delhi,20-08-26,₹20,Aggregator
Microwave,Delhi,20-08-26,₹17,Recycler
Player,Delhi,20-08-26,₹47,Aggregator
Cable,Delhi,20-08-26,₹414,Recycler
LCD Panel,Delhi,20-08-26,₹48,Recycler
Motor,Delhi,20-08-26,₹75,Recycler
Magnet Assembly,Delhi,20-08-26,₹97,Recycler
Metal,Delhi,20-08-26,₹55,Recycler
Plastic,Delhi,20-08-26,₹21,Aggregator
Glass,Delhi,20-08-26,₹5,Aggregator
PCB,Noida,20-08-26,₹453,Recycler
Battery,Noida,20-08-26,₹123,Recycler
Mobile,Noida,20-08-26,₹190,Aggregator
Keyboard,Noida,20-08-26,₹26,Aggregator
Mouse,Noida,20-08-26,₹39,Recycler
Printer,Noida,20-08-26,₹18,Aggregator
Television,Noida,20-08-26,₹21,Market Survey
Washing Machine,Noida,20-08-26,₹20,Aggregator
Microwave,Noida,20-08-26,₹17,Aggregator
Player,Noida,20-08-26,₹49,Recycler
Cable,Noida,20-08-26,₹395,Recycler
LCD Panel,Noida,20-08-26,₹45,Recycler
Motor,Noida,20-08-26,₹68,Aggregator
Magnet Assembly,Noida,20-08-26,₹86,Market Survey
Metal,Noida,20-08-26,₹48,Aggregator
Plastic,Noida,20-08-26,₹20,Recycler
Glass,Noida,20-08-26,₹5,Aggregator
PCB,Jaipur,20-08-26,₹433,Recycler
Battery,Jaipur,20-08-26,₹108,Recycler
Mobile,Jaipur,20-08-26,₹207,Recycler
Keyboard,Jaipur,20-08-26,₹28,Recycler
Mouse,Jaipur,20-08-26,₹37,Aggregator
Printer,Jaipur,20-08-26,₹17,Recycler
Television,Jaipur,20-08-26,₹21,Recycler
Washing Machine,Jaipur,20-08-26,₹20,Market Survey
Microwave,Jaipur,20-08-26,₹16,Recycler
Player,Jaipur,20-08-26,₹47,Recycler
Cable,Jaipur,20-08-26,₹359,Market Survey
LCD Panel,Jaipur,20-08-26,₹43,Aggregator
Motor,Jaipur,20-08-26,₹65,Aggregator
Magnet Assembly,Jaipur,20-08-26,₹92,Market Survey
Metal,Jaipur,20-08-26,₹46,Aggregator
Plastic,Jaipur,20-08-26,₹19,Aggregator
Glass,Jaipur,20-08-26,₹5,Recycler
PCB,Ahmedabad,20-08-26,₹417,Aggregator
Battery,Ahmedabad,20-08-26,₹108,Recycler
Mobile,Ahmedabad,20-08-26,₹218,Recycler
Keyboard,Ahmedabad,20-08-26,₹29,Recycler
Mouse,Ahmedabad,20-08-26,₹38,Aggregator
Printer,Ahmedabad,20-08-26,₹17,Recycler
Television,Ahmedabad,20-08-26,₹22,Recycler
Washing Machine,Ahmedabad,20-08-26,₹21,Recycler
Microwave,Ahmedabad,20-08-26,₹18,Recycler
Player,Ahmedabad,20-08-26,₹46,Recycler
Cable,Ahmedabad,20-08-26,₹375,Market Survey
LCD Panel,Ahmedabad,20-08-26,₹43,Recycler
Motor,Ahmedabad,20-08-26,₹70,Aggregator
Magnet Assembly,Ahmedabad,20-08-26,₹87,Recycler
Metal,Ahmedabad,20-08-26,₹52,Recycler
Plastic,Ahmedabad,20-08-26,₹18,Aggregator
Glass,Ahmedabad,20-08-26,₹5,Aggregator
PCB,Bengaluru,20-08-26,₹440,Recycler
Battery,Bengaluru,20-08-26,₹105,Recycler
Mobile,Bengaluru,20-08-26,₹209,Aggregator
Keyboard,Bengaluru,20-08-26,₹27,Recycler
Mouse,Bengaluru,20-08-26,₹38,Aggregator
Printer,Bengaluru,20-08-26,₹18,Recycler
Television,Bengaluru,20-08-26,₹22,Recycler
Washing Machine,Bengaluru,20-08-26,₹21,Recycler
Microwave,Bengaluru,20-08-26,₹17,Recycler
Player,Bengaluru,20-08-26,₹51,Recycler
Cable,Bengaluru,20-08-26,₹380,Recycler
LCD Panel,Bengaluru,20-08-26,₹46,Recycler
Motor,Bengaluru,20-08-26,₹72,Aggregator
Magnet Assembly,Bengaluru,20-08-26,₹87,Recycler
Metal,Bengaluru,20-08-26,₹49,Aggregator
Plastic,Bengaluru,20-08-26,₹19,Aggregator
Glass,Bengaluru,20-08-26,₹5,Recycler
PCB,Hyderabad,20-08-26,₹454,Recycler
Battery,Hyderabad,20-08-26,₹110,Aggregator
Mobile,Hyderabad,20-08-26,₹215,Recycler
Keyboard,Hyderabad,20-08-26,₹28,Recycler
Mouse,Hyderabad,20-08-26,₹40,Market Survey
Printer,Hyderabad,20-08-26,₹19,Recycler
Television,Hyderabad,20-08-26,₹22,Aggregator
Washing Machine,Hyderabad,20-08-26,₹22,Aggregator
Microwave,Hyderabad,20-08-26,₹18,Recycler
Player,Hyderabad,20-08-26,₹47,Recycler
Cable,Hyderabad,20-08-26,₹400,Recycler
LCD Panel,Hyderabad,20-08-26,₹42,Recycler
Motor,Hyderabad,20-08-26,₹68,Market Survey
Magnet Assembly,Hyderabad,20-08-26,₹92,Recycler
Metal,Hyderabad,20-08-26,₹54,Recycler
Plastic,Hyderabad,20-08-26,₹20,Recycler
Glass,Hyderabad,20-08-26,₹5,Recycler
PCB,Chennai,20-08-26,₹442,Market Survey
Battery,Chennai,20-08-26,₹115,Market Survey
Mobile,Chennai,20-08-26,₹205,Aggregator
Keyboard,Chennai,20-08-26,₹27,Recycler
Mouse,Chennai,20-08-26,₹38,Recycler
Printer,Chennai,20-08-26,₹18,Recycler
Television,Chennai,20-08-26,₹23,Recycler
Washing Machine,Chennai,20-08-26,₹20,Aggregator
Microwave,Chennai,20-08-26,₹16,Recycler
Player,Chennai,20-08-26,₹47,Recycler
Cable,Chennai,20-08-26,₹382,Market Survey
LCD Panel,Chennai,20-08-26,₹46,Recycler
Motor,Chennai,20-08-26,₹75,Market Survey
Magnet Assembly,Chennai,20-08-26,₹94,Recycler
Metal,Chennai,20-08-26,₹52,Recycler
Plastic,Chennai,20-08-26,₹21,Recycler
Glass,Chennai,20-08-26,₹5,Recycler
PCB,Kolkata,20-08-26,₹417,Recycler
Battery,Kolkata,20-08-26,₹102,Aggregator
Mobile,Kolkata,20-08-26,₹197,Recycler
Keyboard,Kolkata,20-08-26,₹26,Recycler
Mouse,Kolkata,20-08-26,₹37,Recycler
Printer,Kolkata,20-08-26,₹15,Aggregator
Television,Kolkata,20-08-26,₹20,Recycler
Washing Machine,Kolkata,20-08-26,₹20,Aggregator
Microwave,Kolkata,20-08-26,₹16,Recycler
Player,Kolkata,20-08-26,₹47,Market Survey
Cable,Kolkata,20-08-26,₹363,Recycler
LCD Panel,Kolkata,20-08-26,₹40,Aggregator
Motor,Kolkata,20-08-26,₹67,Aggregator
Magnet Assembly,Kolkata,20-08-26,₹96,Recycler
Metal,Kolkata,20-08-26,₹51,Recycler
Plastic,Kolkata,20-08-26,₹20,Recycler
Glass,Kolkata,20-08-26,₹5,Aggregator
PCB,Lucknow,20-08-26,₹415,Recycler
Battery,Lucknow,20-08-26,₹100,Aggregator
Mobile,Lucknow,20-08-26,₹204,Market Survey
Keyboard,Lucknow,20-08-26,₹26,Recycler
Mouse,Lucknow,20-08-26,₹35,Aggregator
Printer,Lucknow,20-08-26,₹17,Recycler
Television,Lucknow,20-08-26,₹20,Market Survey
Washing Machine,Lucknow,20-08-26,₹19,Aggregator
Microwave,Lucknow,20-08-26,₹16,Recycler
Player,Lucknow,20-08-26,₹45,Market Survey
Cable,Lucknow,20-08-26,₹360,Aggregator
LCD Panel,Lucknow,20-08-26,₹42,Recycler
Motor,Lucknow,20-08-26,₹68,Recycler
Magnet Assembly,Lucknow,20-08-26,₹83,Aggregator
Metal,Lucknow,20-08-26,₹52,Recycler
Plastic,Lucknow,20-08-26,₹18,Aggregator
Glass,Lucknow,20-08-26,₹5,Recycler
PCB,Bhopal,21-08-26,₹401,Recycler
Battery,Bhopal,21-08-26,₹104,Recycler
Mobile,Bhopal,21-08-26,₹199,Recycler
Keyboard,Bhopal,21-08-26,₹26,Recycler
Mouse,Bhopal,21-08-26,₹35,Aggregator
Printer,Bhopal,21-08-26,₹16,Market Survey
Television,Bhopal,21-08-26,₹22,Recycler
Washing Machine,Bhopal,21-08-26,₹19,Recycler
Microwave,Bhopal,21-08-26,₹17,Recycler
Player,Bhopal,21-08-26,₹47,Recycler
Cable,Bhopal,21-08-26,₹337,Aggregator
LCD Panel,Bhopal,21-08-26,₹41,Recycler
Motor,Bhopal,21-08-26,₹71,Recycler
Magnet Assembly,Bhopal,21-08-26,₹92,Recycler
Metal,Bhopal,21-08-26,₹47,Recycler
Plastic,Bhopal,21-08-26,₹19,Aggregator
Glass,Bhopal,21-08-26,₹5,Recycler
PCB,Indore,21-08-26,₹410,Recycler
Battery,Indore,21-08-26,₹108,Recycler
Mobile,Indore,21-08-26,₹203,Recycler
Keyboard,Indore,21-08-26,₹27,Aggregator
Mouse,Indore,21-08-26,₹38,Recycler
Printer,Indore,21-08-26,₹17,Recycler
Television,Indore,21-08-26,₹23,Recycler
Washing Machine,Indore,21-08-26,₹20,Aggregator
Microwave,Indore,21-08-26,₹17,Recycler
Player,Indore,21-08-26,₹45,Recycler
Cable,Indore,21-08-26,₹369,Recycler
LCD Panel,Indore,21-08-26,₹40,Recycler
Motor,Indore,21-08-26,₹68,Recycler
Magnet Assembly,Indore,21-08-26,₹97,Recycler
Metal,Indore,21-08-26,₹49,Recycler
Plastic,Indore,21-08-26,₹19,Recycler
Glass,Indore,21-08-26,₹5,Recycler
PCB,Raipur,21-08-26,₹390,Aggregator
Battery,Raipur,21-08-26,₹104,Recycler
Mobile,Raipur,21-08-26,₹195,Recycler
Keyboard,Raipur,21-08-26,₹25,Aggregator
Mouse,Raipur,21-08-26,₹36,Aggregator
Printer,Raipur,21-08-26,₹17,Recycler
Television,Raipur,21-08-26,₹21,Recycler
Washing Machine,Raipur,21-08-26,₹19,Aggregator
Microwave,Raipur,21-08-26,₹16,Aggregator
Player,Raipur,21-08-26,₹44,Recycler
Cable,Raipur,21-08-26,₹332,Recycler
LCD Panel,Raipur,21-08-26,₹43,Market Survey
Motor,Raipur,21-08-26,₹71,Recycler
Magnet Assembly,Raipur,21-08-26,₹84,Aggregator
Metal,Raipur,21-08-26,₹51,Recycler
Plastic,Raipur,21-08-26,₹18,Recycler
Glass,Raipur,21-08-26,₹4,Aggregator
PCB,Nagpur,21-08-26,₹422,Recycler
Battery,Nagpur,21-08-26,₹97,Recycler
Mobile,Nagpur,21-08-26,₹197,Aggregator
Keyboard,Nagpur,21-08-26,₹26,Market Survey
Mouse,Nagpur,21-08-26,₹35,Recycler
Printer,Nagpur,21-08-26,₹17,Recycler
Television,Nagpur,21-08-26,₹21,Recycler
Washing Machine,Nagpur,21-08-26,₹19,Aggregator
Microwave,Nagpur,21-08-26,₹16,Aggregator
Player,Nagpur,21-08-26,₹48,Aggregator
Cable,Nagpur,21-08-26,₹337,Aggregator
LCD Panel,Nagpur,21-08-26,₹44,Recycler
Motor,Nagpur,21-08-26,₹66,Market Survey
Magnet Assembly,Nagpur,21-08-26,₹97,Recycler
Metal,Nagpur,21-08-26,₹51,Recycler
Plastic,Nagpur,21-08-26,₹19,Recycler
Glass,Nagpur,21-08-26,₹5,Recycler
PCB,Pune,21-08-26,₹477,Recycler
Battery,Pune,21-08-26,₹110,Recycler
Mobile,Pune,21-08-26,₹204,Recycler
Keyboard,Pune,21-08-26,₹27,Recycler
Mouse,Pune,21-08-26,₹37,Recycler
Printer,Pune,21-08-26,₹18,Recycler
Television,Pune,21-08-26,₹22,Recycler
Washing Machine,Pune,21-08-26,₹20,Recycler
Microwave,Pune,21-08-26,₹17,Recycler
Player,Pune,21-08-26,₹47,Recycler
Cable,Pune,21-08-26,₹418,Aggregator
LCD Panel,Pune,21-08-26,₹46,Recycler
Motor,Pune,21-08-26,₹74,Recycler
Magnet Assembly,Pune,21-08-26,₹92,Aggregator
Metal,Pune,21-08-26,₹50,Aggregator
Plastic,Pune,21-08-26,₹20,Aggregator
Glass,Pune,21-08-26,₹5,Aggregator
PCB,Mumbai,21-08-26,₹424,Recycler
Battery,Mumbai,21-08-26,₹122,Recycler
Mobile,Mumbai,21-08-26,₹216,Aggregator
Keyboard,Mumbai,21-08-26,₹30,Aggregator
Mouse,Mumbai,21-08-26,₹40,Recycler
Printer,Mumbai,21-08-26,₹19,Recycler
Television,Mumbai,21-08-26,₹23,Recycler
Washing Machine,Mumbai,21-08-26,₹21,Recycler
Microwave,Mumbai,21-08-26,₹18,Recycler
Player,Mumbai,21-08-26,₹50,Recycler
Cable,Mumbai,21-08-26,₹410,Recycler
LCD Panel,Mumbai,21-08-26,₹46,Recycler
Motor,Mumbai,21-08-26,₹75,Aggregator
Magnet Assembly,Mumbai,21-08-26,₹93,Recycler
Metal,Mumbai,21-08-26,₹52,Market Survey
Plastic,Mumbai,21-08-26,₹22,Recycler
Glass,Mumbai,21-08-26,₹5,Aggregator
PCB,Delhi,21-08-26,₹436,Recycler
Battery,Delhi,21-08-26,₹114,Recycler
Mobile,Delhi,21-08-26,₹199,Recycler
Keyboard,Delhi,21-08-26,₹28,Recycler
Mouse,Delhi,21-08-26,₹42,Recycler
Printer,Delhi,21-08-26,₹17,Recycler
Television,Delhi,21-08-26,₹22,Recycler
Washing Machine,Delhi,21-08-26,₹20,Recycler
Microwave,Delhi,21-08-26,₹18,Recycler
Player,Delhi,21-08-26,₹46,Recycler
Cable,Delhi,21-08-26,₹425,Recycler
LCD Panel,Delhi,21-08-26,₹46,Market Survey
Motor,Delhi,21-08-26,₹77,Aggregator
Magnet Assembly,Delhi,21-08-26,₹93,Aggregator
Metal,Delhi,21-08-26,₹55,Recycler
Plastic,Delhi,21-08-26,₹21,Recycler
Glass,Delhi,21-08-26,₹5,Recycler
PCB,Noida,21-08-26,₹457,Aggregator
Battery,Noida,21-08-26,₹114,Recycler
Mobile,Noida,21-08-26,₹210,Recycler
Keyboard,Noida,21-08-26,₹27,Aggregator
Mouse,Noida,21-08-26,₹41,Recycler
Printer,Noida,21-08-26,₹18,Recycler
Television,Noida,21-08-26,₹21,Aggregator
Washing Machine,Noida,21-08-26,₹21,Recycler
Microwave,Noida,21-08-26,₹15,Aggregator
Player,Noida,21-08-26,₹48,Recycler
Cable,Noida,21-08-26,₹395,Recycler
LCD Panel,Noida,21-08-26,₹45,Recycler
Motor,Noida,21-08-26,₹72,Recycler
Magnet Assembly,Noida,21-08-26,₹102,Recycler
Metal,Noida,21-08-26,₹50,Recycler
Plastic,Noida,21-08-26,₹20,Recycler
Glass,Noida,21-08-26,₹5,Recycler
PCB,Jaipur,21-08-26,₹413,Aggregator
Battery,Jaipur,21-08-26,₹109,Recycler
Mobile,Jaipur,21-08-26,₹206,Aggregator
Keyboard,Jaipur,21-08-26,₹27,Recycler
Mouse,Jaipur,21-08-26,₹39,Aggregator
Printer,Jaipur,21-08-26,₹17,Recycler
Television,Jaipur,21-08-26,₹21,Recycler
Washing Machine,Jaipur,21-08-26,₹20,Recycler
Microwave,Jaipur,21-08-26,₹15,Aggregator
Player,Jaipur,21-08-26,₹46,Recycler
Cable,Jaipur,21-08-26,₹397,Recycler
LCD Panel,Jaipur,21-08-26,₹44,Recycler
Motor,Jaipur,21-08-26,₹71,Aggregator
Magnet Assembly,Jaipur,21-08-26,₹97,Recycler
Metal,Jaipur,21-08-26,₹49,Aggregator
Plastic,Jaipur,21-08-26,₹18,Aggregator
Glass,Jaipur,21-08-26,₹5,Market Survey
PCB,Ahmedabad,21-08-26,₹445,Aggregator
Battery,Ahmedabad,21-08-26,₹110,Recycler
Mobile,Ahmedabad,21-08-26,₹200,Recycler
Keyboard,Ahmedabad,21-08-26,₹26,Recycler
Mouse,Ahmedabad,21-08-26,₹37,Recycler
Printer,Ahmedabad,21-08-26,₹18,Recycler
Television,Ahmedabad,21-08-26,₹22,Recycler
Washing Machine,Ahmedabad,21-08-26,₹21,Recycler
Microwave,Ahmedabad,21-08-26,₹17,Recycler
Player,Ahmedabad,21-08-26,₹47,Recycler
Cable,Ahmedabad,21-08-26,₹392,Market Survey
LCD Panel,Ahmedabad,21-08-26,₹44,Market Survey
Motor,Ahmedabad,21-08-26,₹69,Recycler
Magnet Assembly,Ahmedabad,21-08-26,₹94,Recycler
Metal,Ahmedabad,21-08-26,₹54,Recycler
Plastic,Ahmedabad,21-08-26,₹21,Recycler
Glass,Ahmedabad,21-08-26,₹5,Recycler
PCB,Bengaluru,21-08-26,₹422,Market Survey
Battery,Bengaluru,21-08-26,₹120,Recycler
Mobile,Bengaluru,21-08-26,₹223,Aggregator
Keyboard,Bengaluru,21-08-26,₹28,Market Survey
Mouse,Bengaluru,21-08-26,₹39,Recycler
Printer,Bengaluru,21-08-26,₹18,Recycler
Television,Bengaluru,21-08-26,₹21,Recycler
Washing Machine,Bengaluru,21-08-26,₹22,Recycler
Microwave,Bengaluru,21-08-26,₹18,Recycler
Player,Bengaluru,21-08-26,₹48,Recycler
Cable,Bengaluru,21-08-26,₹425,Recycler
LCD Panel,Bengaluru,21-08-26,₹47,Market Survey
Motor,Bengaluru,21-08-26,₹77,Recycler
Magnet Assembly,Bengaluru,21-08-26,₹101,Recycler
Metal,Bengaluru,21-08-26,₹51,Recycler
Plastic,Bengaluru,21-08-26,₹20,Aggregator
Glass,Bengaluru,21-08-26,₹5,Recycler
PCB,Hyderabad,21-08-26,₹476,Recycler
Battery,Hyderabad,21-08-26,₹108,Recycler
Mobile,Hyderabad,21-08-26,₹221,Recycler
Keyboard,Hyderabad,21-08-26,₹27,Recycler
Mouse,Hyderabad,21-08-26,₹38,Recycler
Printer,Hyderabad,21-08-26,₹17,Recycler
Television,Hyderabad,21-08-26,₹22,Aggregator
Washing Machine,Hyderabad,21-08-26,₹21,Recycler
Microwave,Hyderabad,21-08-26,₹16,Recycler
Player,Hyderabad,21-08-26,₹50,Recycler
Cable,Hyderabad,21-08-26,₹381,Recycler
LCD Panel,Hyderabad,21-08-26,₹45,Market Survey
Motor,Hyderabad,21-08-26,₹75,Market Survey
Magnet Assembly,Hyderabad,21-08-26,₹97,Market Survey
Metal,Hyderabad,21-08-26,₹50,Aggregator
Plastic,Hyderabad,21-08-26,₹20,Recycler
Glass,Hyderabad,21-08-26,₹5,Market Survey
PCB,Chennai,21-08-26,₹449,Aggregator
Battery,Chennai,21-08-26,₹108,Market Survey
Mobile,Chennai,21-08-26,₹228,Recycler
Keyboard,Chennai,21-08-26,₹26,Aggregator
Mouse,Chennai,21-08-26,₹39,Aggregator
Printer,Chennai,21-08-26,₹18,Recycler
Television,Chennai,21-08-26,₹23,Recycler
Washing Machine,Chennai,21-08-26,₹22,Aggregator
Microwave,Chennai,21-08-26,₹17,Recycler
Player,Chennai,21-08-26,₹49,Aggregator
Cable,Chennai,21-08-26,₹373,Recycler
LCD Panel,Chennai,21-08-26,₹45,Recycler
Motor,Chennai,21-08-26,₹71,Recycler
Magnet Assembly,Chennai,21-08-26,₹97,Recycler
Metal,Chennai,21-08-26,₹52,Recycler
Plastic,Chennai,21-08-26,₹20,Recycler
Glass,Chennai,21-08-26,₹5,Recycler
PCB,Kolkata,21-08-26,₹420,Market Survey
Battery,Kolkata,21-08-26,₹109,Recycler
Mobile,Kolkata,21-08-26,₹202,Recycler
Keyboard,Kolkata,21-08-26,₹28,Recycler
Mouse,Kolkata,21-08-26,₹36,Recycler
Printer,Kolkata,21-08-26,₹17,Recycler
Television,Kolkata,21-08-26,₹22,Recycler
Washing Machine,Kolkata,21-08-26,₹20,Recycler
Microwave,Kolkata,21-08-26,₹17,Recycler
Player,Kolkata,21-08-26,₹47,Recycler
Cable,Kolkata,21-08-26,₹353,Aggregator
LCD Panel,Kolkata,21-08-26,₹39,Recycler
Motor,Kolkata,21-08-26,₹69,Aggregator
Magnet Assembly,Kolkata,21-08-26,₹97,Recycler
Metal,Kolkata,21-08-26,₹52,Recycler
Plastic,Kolkata,21-08-26,₹20,Recycler
Glass,Kolkata,21-08-26,₹4,Aggregator
PCB,Lucknow,21-08-26,₹441,Recycler
Battery,Lucknow,21-08-26,₹103,Recycler
Mobile,Lucknow,21-08-26,₹202,Recycler
Keyboard,Lucknow,21-08-26,₹27,Recycler
Mouse,Lucknow,21-08-26,₹35,Recycler
Printer,Lucknow,21-08-26,₹17,Aggregator
Television,Lucknow,21-08-26,₹21,Recycler
Washing Machine,Lucknow,21-08-26,₹20,Aggregator
Microwave,Lucknow,21-08-26,₹15,Recycler
Player,Lucknow,21-08-26,₹43,Recycler
Cable,Lucknow,21-08-26,₹339,Recycler
LCD Panel,Lucknow,21-08-26,₹44,Recycler
Motor,Lucknow,21-08-26,₹62,Aggregator
Magnet Assembly,Lucknow,21-08-26,₹82,Aggregator
Metal,Lucknow,21-08-26,₹50,Recycler
Plastic,Lucknow,21-08-26,₹19,Recycler
Glass,Lucknow,21-08-26,₹5,Market Survey
PCB,Bhopal,22-08-26,₹424,Recycler
Battery,Bhopal,22-08-26,₹109,Aggregator
Mobile,Bhopal,22-08-26,₹212,Recycler
Keyboard,Bhopal,22-08-26,₹26,Recycler
Mouse,Bhopal,22-08-26,₹40,Recycler
Printer,Bhopal,22-08-26,₹18,Aggregator
Television,Bhopal,22-08-26,₹21,Recycler
Washing Machine,Bhopal,22-08-26,₹20,Aggregator
Microwave,Bhopal,22-08-26,₹17,Recycler
Player,Bhopal,22-08-26,₹48,Recycler
Cable,Bhopal,22-08-26,₹380,Recycler
LCD Panel,Bhopal,22-08-26,₹45,Recycler
Motor,Bhopal,22-08-26,₹65,Aggregator
Magnet Assembly,Bhopal,22-08-26,₹97,Recycler
Metal,Bhopal,22-08-26,₹52,Recycler
Plastic,Bhopal,22-08-26,₹20,Recycler
Glass,Bhopal,22-08-26,₹5,Recycler
PCB,Indore,22-08-26,₹422,Recycler
Battery,Indore,22-08-26,₹112,Aggregator
Mobile,Indore,22-08-26,₹212,Aggregator
Keyboard,Indore,22-08-26,₹29,Recycler
Mouse,Indore,22-08-26,₹40,Recycler
Printer,Indore,22-08-26,₹18,Recycler
Television,Indore,22-08-26,₹22,Aggregator
Washing Machine,Indore,22-08-26,₹21,Aggregator
Microwave,Indore,22-08-26,₹17,Recycler
Player,Indore,22-08-26,₹47,Recycler
Cable,Indore,22-08-26,₹403,Market Survey
LCD Panel,Indore,22-08-26,₹47,Recycler
Motor,Indore,22-08-26,₹73,Recycler
Magnet Assembly,Indore,22-08-26,₹90,Aggregator
Metal,Indore,22-08-26,₹53,Aggregator
Plastic,Indore,22-08-26,₹20,Recycler
Glass,Indore,22-08-26,₹5,Recycler
PCB,Raipur,22-08-26,₹403,Recycler
Battery,Raipur,22-08-26,₹102,Recycler
Mobile,Raipur,22-08-26,₹203,Recycler
Keyboard,Raipur,22-08-26,₹27,Recycler
Mouse,Raipur,22-08-26,₹39,Recycler
Printer,Raipur,22-08-26,₹17,Recycler
Television,Raipur,22-08-26,₹20,Aggregator
Washing Machine,Raipur,22-08-26,₹22,Recycler
Microwave,Raipur,22-08-26,₹16,Recycler
Player,Raipur,22-08-26,₹49,Recycler
Cable,Raipur,22-08-26,₹408,Recycler
LCD Panel,Raipur,22-08-26,₹46,Market Survey
Motor,Raipur,22-08-26,₹70,Aggregator
Magnet Assembly,Raipur,22-08-26,₹90,Aggregator
Metal,Raipur,22-08-26,₹53,Recycler
Plastic,Raipur,22-08-26,₹19,Aggregator
Glass,Raipur,22-08-26,₹5,Recycler
PCB,Nagpur,22-08-26,₹415,Recycler
Battery,Nagpur,22-08-26,₹109,Recycler
Mobile,Nagpur,22-08-26,₹211,Aggregator
Keyboard,Nagpur,22-08-26,₹28,Recycler
Mouse,Nagpur,22-08-26,₹39,Recycler
Printer,Nagpur,22-08-26,₹19,Market Survey
Television,Nagpur,22-08-26,₹21,Aggregator
Washing Machine,Nagpur,22-08-26,₹20,Recycler
Microwave,Nagpur,22-08-26,₹17,Recycler
Player,Nagpur,22-08-26,₹52,Aggregator
Cable,Nagpur,22-08-26,₹376,Recycler
LCD Panel,Nagpur,22-08-26,₹45,Market Survey
Motor,Nagpur,22-08-26,₹62,Aggregator
Magnet Assembly,Nagpur,22-08-26,₹95,Recycler
Metal,Nagpur,22-08-26,₹53,Aggregator
Plastic,Nagpur,22-08-26,₹19,Recycler
Glass,Nagpur,22-08-26,₹5,Recycler
PCB,Pune,22-08-26,₹428,Aggregator
Battery,Pune,22-08-26,₹116,Market Survey
Mobile,Pune,22-08-26,₹229,Recycler
Keyboard,Pune,22-08-26,₹30,Recycler
Mouse,Pune,22-08-26,₹41,Market Survey
Printer,Pune,22-08-26,₹20,Aggregator
Television,Pune,22-08-26,₹23,Recycler
Washing Machine,Pune,22-08-26,₹21,Recycler
Microwave,Pune,22-08-26,₹17,Recycler
Player,Pune,22-08-26,₹50,Recycler
Cable,Pune,22-08-26,₹441,Recycler
LCD Panel,Pune,22-08-26,₹46,Recycler
Motor,Pune,22-08-26,₹79,Recycler
Magnet Assembly,Pune,22-08-26,₹98,Aggregator
Metal,Pune,22-08-26,₹56,Aggregator
Plastic,Pune,22-08-26,₹21,Market Survey
Glass,Pune,22-08-26,₹5,Recycler
PCB,Mumbai,22-08-26,₹474,Recycler
Battery,Mumbai,22-08-26,₹119,Recycler
Mobile,Mumbai,22-08-26,₹231,Recycler
Keyboard,Mumbai,22-08-26,₹28,Aggregator
Mouse,Mumbai,22-08-26,₹40,Recycler
Printer,Mumbai,22-08-26,₹20,Recycler
Television,Mumbai,22-08-26,₹23,Recycler
Washing Machine,Mumbai,22-08-26,₹20,Recycler
Microwave,Mumbai,22-08-26,₹18,Aggregator
Player,Mumbai,22-08-26,₹51,Recycler
Cable,Mumbai,22-08-26,₹439,Aggregator
LCD Panel,Mumbai,22-08-26,₹50,Recycler
Motor,Mumbai,22-08-26,₹75,Market Survey
Magnet Assembly,Mumbai,22-08-26,₹101,Recycler
Metal,Mumbai,22-08-26,₹54,Aggregator
Plastic,Mumbai,22-08-26,₹21,Market Survey
Glass,Mumbai,22-08-26,₹6,Recycler
PCB,Delhi,22-08-26,₹438,Aggregator
Battery,Delhi,22-08-26,₹125,Recycler
Mobile,Delhi,22-08-26,₹233,Recycler
Keyboard,Delhi,22-08-26,₹32,Market Survey
Mouse,Delhi,22-08-26,₹37,Aggregator
Printer,Delhi,22-08-26,₹20,Market Survey
Television,Delhi,22-08-26,₹23,Recycler
Washing Machine,Delhi,22-08-26,₹22,Aggregator
Microwave,Delhi,22-08-26,₹18,Recycler
Player,Delhi,22-08-26,₹55,Recycler
Cable,Delhi,22-08-26,₹412,Recycler
LCD Panel,Delhi,22-08-26,₹48,Recycler
Motor,Delhi,22-08-26,₹73,Recycler
Magnet Assembly,Delhi,22-08-26,₹94,Aggregator
Metal,Delhi,22-08-26,₹60,Market Survey
Plastic,Delhi,22-08-26,₹21,Recycler
Glass,Delhi,22-08-26,₹5,Recycler
PCB,Noida,22-08-26,₹431,Recycler
Battery,Noida,22-08-26,₹113,Recycler
Mobile,Noida,22-08-26,₹234,Recycler
Keyboard,Noida,22-08-26,₹31,Recycler
Mouse,Noida,22-08-26,₹39,Recycler
Printer,Noida,22-08-26,₹19,Aggregator
Television,Noida,22-08-26,₹24,Recycler
Washing Machine,Noida,22-08-26,₹23,Recycler
Microwave,Noida,22-08-26,₹19,Recycler
Player,Noida,22-08-26,₹52,Recycler
Cable,Noida,22-08-26,₹390,Recycler
LCD Panel,Noida,22-08-26,₹51,Market Survey
Motor,Noida,22-08-26,₹78,Recycler
Magnet Assembly,Noida,22-08-26,₹98,Recycler
Metal,Noida,22-08-26,₹59,Recycler
Plastic,Noida,22-08-26,₹21,Recycler
Glass,Noida,22-08-26,₹5,Recycler
PCB,Jaipur,22-08-26,₹454,Recycler
Battery,Jaipur,22-08-26,₹117,Aggregator
Mobile,Jaipur,22-08-26,₹224,Recycler
Keyboard,Jaipur,22-08-26,₹30,Recycler
Mouse,Jaipur,22-08-26,₹38,Recycler
Printer,Jaipur,22-08-26,₹19,Recycler
Television,Jaipur,22-08-26,₹23,Recycler
Washing Machine,Jaipur,22-08-26,₹23,Recycler
Microwave,Jaipur,22-08-26,₹17,Recycler
Player,Jaipur,22-08-26,₹51,Market Survey
Cable,Jaipur,22-08-26,₹381,Recycler
LCD Panel,Jaipur,22-08-26,₹47,Recycler
Motor,Jaipur,22-08-26,₹75,Market Survey
Magnet Assembly,Jaipur,22-08-26,₹104,Recycler
Metal,Jaipur,22-08-26,₹50,Recycler
Plastic,Jaipur,22-08-26,₹20,Recycler
Glass,Jaipur,22-08-26,₹5,Recycler
PCB,Ahmedabad,22-08-26,₹453,Recycler
Battery,Ahmedabad,22-08-26,₹113,Aggregator
Mobile,Ahmedabad,22-08-26,₹209,Aggregator
Keyboard,Ahmedabad,22-08-26,₹28,Aggregator
Mouse,Ahmedabad,22-08-26,₹42,Market Survey
Printer,Ahmedabad,22-08-26,₹19,Recycler
Television,Ahmedabad,22-08-26,₹23,Recycler
Washing Machine,Ahmedabad,22-08-26,₹22,Recycler
Microwave,Ahmedabad,22-08-26,₹18,Recycler
Player,Ahmedabad,22-08-26,₹48,Recycler
Cable,Ahmedabad,22-08-26,₹409,Market Survey
LCD Panel,Ahmedabad,22-08-26,₹46,Recycler
Motor,Ahmedabad,22-08-26,₹75,Recycler
Magnet Assembly,Ahmedabad,22-08-26,₹92,Recycler
Metal,Ahmedabad,22-08-26,₹49,Recycler
Plastic,Ahmedabad,22-08-26,₹20,Recycler
Glass,Ahmedabad,22-08-26,₹5,Recycler
PCB,Bengaluru,22-08-26,₹454,Aggregator
Battery,Bengaluru,22-08-26,₹124,Market Survey
Mobile,Bengaluru,22-08-26,₹226,Recycler
Keyboard,Bengaluru,22-08-26,₹28,Recycler
Mouse,Bengaluru,22-08-26,₹40,Recycler
Printer,Bengaluru,22-08-26,₹18,Aggregator
Television,Bengaluru,22-08-26,₹22,Aggregator
Washing Machine,Bengaluru,22-08-26,₹23,Recycler
Microwave,Bengaluru,22-08-26,₹19,Aggregator
Player,Bengaluru,22-08-26,₹49,Recycler
Cable,Bengaluru,22-08-26,₹409,Aggregator
LCD Panel,Bengaluru,22-08-26,₹49,Recycler
Motor,Bengaluru,22-08-26,₹75,Aggregator
Magnet Assembly,Bengaluru,22-08-26,₹105,Market Survey
Metal,Bengaluru,22-08-26,₹57,Aggregator
Plastic,Bengaluru,22-08-26,₹22,Aggregator
Glass,Bengaluru,22-08-26,₹5,Aggregator
PCB,Hyderabad,22-08-26,₹430,Recycler
Battery,Hyderabad,22-08-26,₹110,Aggregator
Mobile,Hyderabad,22-08-26,₹208,Aggregator
Keyboard,Hyderabad,22-08-26,₹28,Recycler
Mouse,Hyderabad,22-08-26,₹42,Market Survey
Printer,Hyderabad,22-08-26,₹19,Recycler
Television,Hyderabad,22-08-26,₹23,Recycler
Washing Machine,Hyderabad,22-08-26,₹21,Aggregator
Microwave,Hyderabad,22-08-26,₹18,Aggregator
Player,Hyderabad,22-08-26,₹49,Aggregator
Cable,Hyderabad,22-08-26,₹384,Aggregator
LCD Panel,Hyderabad,22-08-26,₹47,Recycler
Motor,Hyderabad,22-08-26,₹76,Recycler
Magnet Assembly,Hyderabad,22-08-26,₹99,Recycler
Metal,Hyderabad,22-08-26,₹60,Recycler
Plastic,Hyderabad,22-08-26,₹20,Aggregator
Glass,Hyderabad,22-08-26,₹5,Recycler
PCB,Chennai,22-08-26,₹448,Recycler
Battery,Chennai,22-08-26,₹117,Recycler
Mobile,Chennai,22-08-26,₹227,Recycler
Keyboard,Chennai,22-08-26,₹30,Recycler
Mouse,Chennai,22-08-26,₹38,Aggregator
Printer,Chennai,22-08-26,₹19,Recycler
Television,Chennai,22-08-26,₹25,Recycler
Washing Machine,Chennai,22-08-26,₹23,Recycler
Microwave,Chennai,22-08-26,₹18,Recycler
Player,Chennai,22-08-26,₹51,Recycler
Cable,Chennai,22-08-26,₹419,Aggregator
LCD Panel,Chennai,22-08-26,₹49,Recycler
Motor,Chennai,22-08-26,₹78,Recycler
Magnet Assembly,Chennai,22-08-26,₹98,Market Survey
Metal,Chennai,22-08-26,₹56,Recycler
Plastic,Chennai,22-08-26,₹21,Aggregator
Glass,Chennai,22-08-26,₹5,Recycler
PCB,Kolkata,22-08-26,₹448,Recycler
Battery,Kolkata,22-08-26,₹112,Recycler
Mobile,Kolkata,22-08-26,₹217,Recycler
Keyboard,Kolkata,22-08-26,₹27,Aggregator
Mouse,Kolkata,22-08-26,₹39,Recycler
Printer,Kolkata,22-08-26,₹20,Market Survey
Television,Kolkata,22-08-26,₹22,Recycler
Washing Machine,Kolkata,22-08-26,₹21,Recycler
Microwave,Kolkata,22-08-26,₹18,Recycler
Player,Kolkata,22-08-26,₹48,Recycler
Cable,Kolkata,22-08-26,₹394,Recycler
LCD Panel,Kolkata,22-08-26,₹46,Recycler
Motor,Kolkata,22-08-26,₹77,Recycler
Magnet Assembly,Kolkata,22-08-26,₹92,Recycler
Metal,Kolkata,22-08-26,₹53,Recycler
Plastic,Kolkata,22-08-26,₹21,Recycler
Glass,Kolkata,22-08-26,₹5,Recycler
PCB,Lucknow,22-08-26,₹404,Recycler
Battery,Lucknow,22-08-26,₹103,Aggregator
Mobile,Lucknow,22-08-26,₹201,Aggregator
Keyboard,Lucknow,22-08-26,₹28,Recycler
Mouse,Lucknow,22-08-26,₹38,Aggregator
Printer,Lucknow,22-08-26,₹17,Recycler
Television,Lucknow,22-08-26,₹21,Aggregator
Washing Machine,Lucknow,22-08-26,₹20,Market Survey
Microwave,Lucknow,22-08-26,₹18,Aggregator
Player,Lucknow,22-08-26,₹44,Aggregator
Cable,Lucknow,22-08-26,₹386,Recycler
LCD Panel,Lucknow,22-08-26,₹43,Aggregator
Motor,Lucknow,22-08-26,₹72,Market Survey
Magnet Assembly,Lucknow,22-08-26,₹88,Aggregator
Metal,Lucknow,22-08-26,₹47,Aggregator
Plastic,Lucknow,22-08-26,₹21,Recycler
Glass,Lucknow,22-08-26,₹5,Recycler
PCB,Bhopal,23-08-26,₹437,Aggregator
Battery,Bhopal,23-08-26,₹101,Aggregator
Mobile,Bhopal,23-08-26,₹218,Recycler
Keyboard,Bhopal,23-08-26,₹27,Aggregator
Mouse,Bhopal,23-08-26,₹36,Recycler
Printer,Bhopal,23-08-26,₹19,Recycler
Television,Bhopal,23-08-26,₹21,Recycler
Washing Machine,Bhopal,23-08-26,₹20,Aggregator
Microwave,Bhopal,23-08-26,₹17,Recycler
Player,Bhopal,23-08-26,₹46,Aggregator
Cable,Bhopal,23-08-26,₹382,Recycler
LCD Panel,Bhopal,23-08-26,₹42,Aggregator
Motor,Bhopal,23-08-26,₹73,Recycler
Magnet Assembly,Bhopal,23-08-26,₹93,Recycler
Metal,Bhopal,23-08-26,₹50,Aggregator
Plastic,Bhopal,23-08-26,₹19,Recycler
Glass,Bhopal,23-08-26,₹5,Recycler
PCB,Indore,23-08-26,₹425,Aggregator
Battery,Indore,23-08-26,₹100,Aggregator
Mobile,Indore,23-08-26,₹216,Aggregator
Keyboard,Indore,23-08-26,₹28,Recycler
Mouse,Indore,23-08-26,₹39,Recycler
Printer,Indore,23-08-26,₹19,Recycler
Television,Indore,23-08-26,₹21,Aggregator
Washing Machine,Indore,23-08-26,₹21,Aggregator
Microwave,Indore,23-08-26,₹17,Recycler
Player,Indore,23-08-26,₹47,Recycler
Cable,Indore,23-08-26,₹386,Recycler
LCD Panel,Indore,23-08-26,₹45,Recycler
Motor,Indore,23-08-26,₹74,Recycler
Magnet Assembly,Indore,23-08-26,₹99,Market Survey
Metal,Indore,23-08-26,₹53,Recycler
Plastic,Indore,23-08-26,₹20,Recycler
Glass,Indore,23-08-26,₹5,Aggregator
PCB,Raipur,23-08-26,₹423,Recycler
Battery,Raipur,23-08-26,₹115,Recycler
Mobile,Raipur,23-08-26,₹205,Recycler
Keyboard,Raipur,23-08-26,₹29,Market Survey
Mouse,Raipur,23-08-26,₹38,Market Survey
Printer,Raipur,23-08-26,₹18,Recycler
Television,Raipur,23-08-26,₹22,Recycler
Washing Machine,Raipur,23-08-26,₹21,Recycler
Microwave,Raipur,23-08-26,₹17,Recycler
Player,Raipur,23-08-26,₹48,Market Survey
Cable,Raipur,23-08-26,₹380,Aggregator
LCD Panel,Raipur,23-08-26,₹41,Recycler
Motor,Raipur,23-08-26,₹68,Recycler
Magnet Assembly,Raipur,23-08-26,₹90,Aggregator
Metal,Raipur,23-08-26,₹52,Market Survey
Plastic,Raipur,23-08-26,₹19,Recycler
Glass,Raipur,23-08-26,₹5,Market Survey
PCB,Nagpur,23-08-26,₹418,Aggregator
Battery,Nagpur,23-08-26,₹105,Recycler
Mobile,Nagpur,23-08-26,₹203,Market Survey
Keyboard,Nagpur,23-08-26,₹26,Recycler
Mouse,Nagpur,23-08-26,₹39,Recycler
Printer,Nagpur,23-08-26,₹17,Aggregator
Television,Nagpur,23-08-26,₹22,Recycler
Washing Machine,Nagpur,23-08-26,₹20,Aggregator
Microwave,Nagpur,23-08-26,₹17,Recycler
Player,Nagpur,23-08-26,₹46,Recycler
Cable,Nagpur,23-08-26,₹385,Aggregator
LCD Panel,Nagpur,23-08-26,₹46,Recycler
Motor,Nagpur,23-08-26,₹77,Recycler
Magnet Assembly,Nagpur,23-08-26,₹99,Recycler
Metal,Nagpur,23-08-26,₹52,Recycler
Plastic,Nagpur,23-08-26,₹20,Aggregator
Glass,Nagpur,23-08-26,₹5,Recycler
PCB,Pune,23-08-26,₹420,Aggregator
Battery,Pune,23-08-26,₹112,Recycler
Mobile,Pune,23-08-26,₹215,Aggregator
Keyboard,Pune,23-08-26,₹29,Aggregator
Mouse,Pune,23-08-26,₹41,Recycler
Printer,Pune,23-08-26,₹18,Aggregator
Television,Pune,23-08-26,₹24,Recycler
Washing Machine,Pune,23-08-26,₹23,Aggregator
Microwave,Pune,23-08-26,₹18,Recycler
Player,Pune,23-08-26,₹49,Recycler
Cable,Pune,23-08-26,₹427,Recycler
LCD Panel,Pune,23-08-26,₹46,Aggregator
Motor,Pune,23-08-26,₹75,Recycler
Magnet Assembly,Pune,23-08-26,₹93,Aggregator
Metal,Pune,23-08-26,₹52,Recycler
Plastic,Pune,23-08-26,₹23,Recycler
Glass,Pune,23-08-26,₹5,Recycler
PCB,Mumbai,23-08-26,₹476,Aggregator
Battery,Mumbai,23-08-26,₹125,Recycler
Mobile,Mumbai,23-08-26,₹216,Aggregator
Keyboard,Mumbai,23-08-26,₹31,Recycler
Mouse,Mumbai,23-08-26,₹41,Recycler
Printer,Mumbai,23-08-26,₹22,Recycler
Television,Mumbai,23-08-26,₹24,Recycler
Washing Machine,Mumbai,23-08-26,₹23,Recycler
Microwave,Mumbai,23-08-26,₹18,Aggregator
Player,Mumbai,23-08-26,₹55,Recycler
Cable,Mumbai,23-08-26,₹415,Recycler
LCD Panel,Mumbai,23-08-26,₹47,Recycler
Motor,Mumbai,23-08-26,₹80,Recycler
Magnet Assembly,Mumbai,23-08-26,₹104,Recycler
Metal,Mumbai,23-08-26,₹53,Aggregator
Plastic,Mumbai,23-08-26,₹22,Recycler
Glass,Mumbai,23-08-26,₹5,Recycler
PCB,Delhi,23-08-26,₹466,Market Survey
Battery,Delhi,23-08-26,₹118,Recycler
Mobile,Delhi,23-08-26,₹247,Market Survey
Keyboard,Delhi,23-08-26,₹31,Recycler
Mouse,Delhi,23-08-26,₹44,Market Survey
Printer,Delhi,23-08-26,₹20,Market Survey
Television,Delhi,23-08-26,₹23,Recycler
Washing Machine,Delhi,23-08-26,₹23,Recycler
Microwave,Delhi,23-08-26,₹18,Aggregator
Player,Delhi,23-08-26,₹47,Aggregator
Cable,Delhi,23-08-26,₹390,Aggregator
LCD Panel,Delhi,23-08-26,₹48,Recycler
Motor,Delhi,23-08-26,₹73,Recycler
Magnet Assembly,Delhi,23-08-26,₹94,Recycler
Metal,Delhi,23-08-26,₹56,Recycler
Plastic,Delhi,23-08-26,₹21,Recycler
Glass,Delhi,23-08-26,₹6,Recycler
PCB,Noida,23-08-26,₹475,Recycler
Battery,Noida,23-08-26,₹119,Recycler
Mobile,Noida,23-08-26,₹212,Aggregator
Keyboard,Noida,23-08-26,₹28,Recycler
Mouse,Noida,23-08-26,₹40,Market Survey
Printer,Noida,23-08-26,₹20,Aggregator
Television,Noida,23-08-26,₹24,Recycler
Washing Machine,Noida,23-08-26,₹22,Aggregator
Microwave,Noida,23-08-26,₹17,Aggregator
Player,Noida,23-08-26,₹49,Recycler
Cable,Noida,23-08-26,₹414,Market Survey
LCD Panel,Noida,23-08-26,₹46,Recycler
Motor,Noida,23-08-26,₹77,Market Survey
Magnet Assembly,Noida,23-08-26,₹96,Aggregator
Metal,Noida,23-08-26,₹54,Recycler
Plastic,Noida,23-08-26,₹20,Aggregator
Glass,Noida,23-08-26,₹5,Market Survey
PCB,Jaipur,23-08-26,₹471,Recycler
Battery,Jaipur,23-08-26,₹113,Recycler
Mobile,Jaipur,23-08-26,₹212,Recycler
Keyboard,Jaipur,23-08-26,₹29,Aggregator
Mouse,Jaipur,23-08-26,₹39,Aggregator
Printer,Jaipur,23-08-26,₹18,Recycler
Television,Jaipur,23-08-26,₹23,Recycler
Washing Machine,Jaipur,23-08-26,₹22,Recycler
Microwave,Jaipur,23-08-26,₹16,Recycler
Player,Jaipur,23-08-26,₹49,Recycler
Cable,Jaipur,23-08-26,₹395,Recycler
LCD Panel,Jaipur,23-08-26,₹42,Aggregator
Motor,Jaipur,23-08-26,₹74,Recycler
Magnet Assembly,Jaipur,23-08-26,₹101,Recycler
Metal,Jaipur,23-08-26,₹55,Recycler
Plastic,Jaipur,23-08-26,₹21,Aggregator
Glass,Jaipur,23-08-26,₹5,Recycler
PCB,Ahmedabad,23-08-26,₹424,Market Survey
Battery,Ahmedabad,23-08-26,₹113,Aggregator
Mobile,Ahmedabad,23-08-26,₹227,Recycler
Keyboard,Ahmedabad,23-08-26,₹27,Aggregator
Mouse,Ahmedabad,23-08-26,₹40,Recycler
Printer,Ahmedabad,23-08-26,₹19,Recycler
Television,Ahmedabad,23-08-26,₹23,Aggregator
Washing Machine,Ahmedabad,23-08-26,₹23,Recycler
Microwave,Ahmedabad,23-08-26,₹17,Recycler
Player,Ahmedabad,23-08-26,₹53,Recycler
Cable,Ahmedabad,23-08-26,₹372,Aggregator
LCD Panel,Ahmedabad,23-08-26,₹43,Aggregator
Motor,Ahmedabad,23-08-26,₹73,Recycler
Magnet Assembly,Ahmedabad,23-08-26,₹92,Recycler
Metal,Ahmedabad,23-08-26,₹57,Market Survey
Plastic,Ahmedabad,23-08-26,₹19,Recycler
Glass,Ahmedabad,23-08-26,₹5,Recycler
PCB,Bengaluru,23-08-26,₹442,Recycler
Battery,Bengaluru,23-08-26,₹116,Recycler
Mobile,Bengaluru,23-08-26,₹226,Recycler
Keyboard,Bengaluru,23-08-26,₹31,Recycler
Mouse,Bengaluru,23-08-26,₹41,Recycler
Printer,Bengaluru,23-08-26,₹19,Aggregator
Television,Bengaluru,23-08-26,₹22,Recycler
Washing Machine,Bengaluru,23-08-26,₹23,Recycler
Microwave,Bengaluru,23-08-26,₹20,Recycler
Player,Bengaluru,23-08-26,₹51,Aggregator
Cable,Bengaluru,23-08-26,₹410,Recycler
LCD Panel,Bengaluru,23-08-26,₹47,Recycler
Motor,Bengaluru,23-08-26,₹73,Aggregator
Magnet Assembly,Bengaluru,23-08-26,₹100,Recycler
Metal,Bengaluru,23-08-26,₹54,Recycler
Plastic,Bengaluru,23-08-26,₹21,Aggregator
Glass,Bengaluru,23-08-26,₹5,Recycler
PCB,Hyderabad,23-08-26,₹442,Aggregator
Battery,Hyderabad,23-08-26,₹116,Recycler
Mobile,Hyderabad,23-08-26,₹214,Recycler
Keyboard,Hyderabad,23-08-26,₹29,Recycler
Mouse,Hyderabad,23-08-26,₹41,Recycler
Printer,Hyderabad,23-08-26,₹19,Aggregator
Television,Hyderabad,23-08-26,₹22,Recycler
Washing Machine,Hyderabad,23-08-26,₹21,Aggregator
Microwave,Hyderabad,23-08-26,₹17,Recycler
Player,Hyderabad,23-08-26,₹52,Recycler
Cable,Hyderabad,23-08-26,₹391,Recycler
LCD Panel,Hyderabad,23-08-26,₹46,Market Survey
Motor,Hyderabad,23-08-26,₹76,Aggregator
Magnet Assembly,Hyderabad,23-08-26,₹90,Aggregator
Metal,Hyderabad,23-08-26,₹52,Recycler
Plastic,Hyderabad,23-08-26,₹22,Recycler
Glass,Hyderabad,23-08-26,₹5,Aggregator
PCB,Chennai,23-08-26,₹456,Recycler
Battery,Chennai,23-08-26,₹110,Recycler
Mobile,Chennai,23-08-26,₹234,Recycler
Keyboard,Chennai,23-08-26,₹29,Recycler
Mouse,Chennai,23-08-26,₹40,Aggregator
Printer,Chennai,23-08-26,₹19,Recycler
Television,Chennai,23-08-26,₹22,Recycler
Washing Machine,Chennai,23-08-26,₹21,Recycler
Microwave,Chennai,23-08-26,₹17,Aggregator
Player,Chennai,23-08-26,₹51,Aggregator
Cable,Chennai,23-08-26,₹426,Aggregator
LCD Panel,Chennai,23-08-26,₹47,Recycler
Motor,Chennai,23-08-26,₹69,Market Survey
Magnet Assembly,Chennai,23-08-26,₹99,Recycler
Metal,Chennai,23-08-26,₹51,Recycler
Plastic,Chennai,23-08-26,₹22,Aggregator
Glass,Chennai,23-08-26,₹5,Aggregator
PCB,Kolkata,23-08-26,₹468,Market Survey
Battery,Kolkata,23-08-26,₹106,Aggregator
Mobile,Kolkata,23-08-26,₹224,Recycler
Keyboard,Kolkata,23-08-26,₹27,Aggregator
Mouse,Kolkata,23-08-26,₹37,Recycler
Printer,Kolkata,23-08-26,₹18,Aggregator
Television,Kolkata,23-08-26,₹23,Recycler
Washing Machine,Kolkata,23-08-26,₹22,Recycler
Microwave,Kolkata,23-08-26,₹18,Aggregator
Player,Kolkata,23-08-26,₹49,Recycler
Cable,Kolkata,23-08-26,₹382,Recycler
LCD Panel,Kolkata,23-08-26,₹46,Recycler
Motor,Kolkata,23-08-26,₹72,Aggregator
Magnet Assembly,Kolkata,23-08-26,₹100,Recycler
Metal,Kolkata,23-08-26,₹54,Recycler
Plastic,Kolkata,23-08-26,₹20,Recycler
Glass,Kolkata,23-08-26,₹5,Aggregator
PCB,Lucknow,23-08-26,₹415,Market Survey
Battery,Lucknow,23-08-26,₹113,Recycler
Mobile,Lucknow,23-08-26,₹210,Aggregator
Keyboard,Lucknow,23-08-26,₹30,Market Survey
Mouse,Lucknow,23-08-26,₹40,Recycler
Printer,Lucknow,23-08-26,₹16,Recycler
Television,Lucknow,23-08-26,₹22,Recycler
Washing Machine,Lucknow,23-08-26,₹21,Aggregator
Microwave,Lucknow,23-08-26,₹16,Recycler
Player,Lucknow,23-08-26,₹49,Recycler
Cable,Lucknow,23-08-26,₹355,Recycler
LCD Panel,Lucknow,23-08-26,₹40,Recycler
Motor,Lucknow,23-08-26,₹75,Recycler
Magnet Assembly,Lucknow,23-08-26,₹99,Recycler
Metal,Lucknow,23-08-26,₹56,Recycler
Plastic,Lucknow,23-08-26,₹20,Market Survey
Glass,Lucknow,23-08-26,₹5,Aggregator
PCB,Bhopal,24-08-26,₹375,Recycler
Battery,Bhopal,24-08-26,₹108,Recycler
Mobile,Bhopal,24-08-26,₹203,Recycler
Keyboard,Bhopal,24-08-26,₹26,Market Survey
Mouse,Bhopal,24-08-26,₹34,Aggregator
Printer,Bhopal,24-08-26,₹18,Market Survey
Television,Bhopal,24-08-26,₹22,Aggregator
Washing Machine,Bhopal,24-08-26,₹19,Aggregator
Microwave,Bhopal,24-08-26,₹17,Recycler
Player,Bhopal,24-08-26,₹42,Market Survey
Cable,Bhopal,24-08-26,₹387,Recycler
LCD Panel,Bhopal,24-08-26,₹43,Aggregator
Motor,Bhopal,24-08-26,₹69,Recycler
Magnet Assembly,Bhopal,24-08-26,₹87,Recycler
Metal,Bhopal,24-08-26,₹55,Market Survey
Plastic,Bhopal,24-08-26,₹19,Aggregator
Glass,Bhopal,24-08-26,₹5,Recycler
PCB,Indore,24-08-26,₹439,Recycler
Battery,Indore,24-08-26,₹114,Aggregator
Mobile,Indore,24-08-26,₹201,Recycler
Keyboard,Indore,24-08-26,₹27,Recycler
Mouse,Indore,24-08-26,₹37,Recycler
Printer,Indore,24-08-26,₹19,Recycler
Television,Indore,24-08-26,₹22,Aggregator
Washing Machine,Indore,24-08-26,₹20,Recycler
Microwave,Indore,24-08-26,₹17,Market Survey
Player,Indore,24-08-26,₹45,Aggregator
Cable,Indore,24-08-26,₹400,Recycler
LCD Panel,Indore,24-08-26,₹46,Recycler
Motor,Indore,24-08-26,₹79,Market Survey
Magnet Assembly,Indore,24-08-26,₹95,Recycler
Metal,Indore,24-08-26,₹54,Recycler
Plastic,Indore,24-08-26,₹21,Recycler
Glass,Indore,24-08-26,₹5,Aggregator
PCB,Raipur,24-08-26,₹399,Aggregator
Battery,Raipur,24-08-26,₹104,Aggregator
Mobile,Raipur,24-08-26,₹193,Aggregator
Keyboard,Raipur,24-08-26,₹28,Market Survey
Mouse,Raipur,24-08-26,₹37,Aggregator
Printer,Raipur,24-08-26,₹17,Aggregator
Television,Raipur,24-08-26,₹21,Aggregator
Washing Machine,Raipur,24-08-26,₹19,Recycler
Microwave,Raipur,24-08-26,₹15,Aggregator
Player,Raipur,24-08-26,₹42,Aggregator
Cable,Raipur,24-08-26,₹350,Recycler
LCD Panel,Raipur,24-08-26,₹42,Aggregator
Motor,Raipur,24-08-26,₹74,Recycler
Magnet Assembly,Raipur,24-08-26,₹94,Aggregator
Metal,Raipur,24-08-26,₹45,Recycler
Plastic,Raipur,24-08-26,₹20,Recycler
Glass,Raipur,24-08-26,₹5,Recycler
PCB,Nagpur,24-08-26,₹437,Recycler
Battery,Nagpur,24-08-26,₹108,Recycler
Mobile,Nagpur,24-08-26,₹209,Recycler
Keyboard,Nagpur,24-08-26,₹28,Recycler
Mouse,Nagpur,24-08-26,₹38,Recycler
Printer,Nagpur,24-08-26,₹18,Recycler
Television,Nagpur,24-08-26,₹22,Market Survey
Washing Machine,Nagpur,24-08-26,₹19,Recycler
Microwave,Nagpur,24-08-26,₹16,Recycler
Player,Nagpur,24-08-26,₹48,Recycler
Cable,Nagpur,24-08-26,₹387,Recycler
LCD Panel,Nagpur,24-08-26,₹44,Market Survey
Motor,Nagpur,24-08-26,₹70,Recycler
Magnet Assembly,Nagpur,24-08-26,₹95,Market Survey
Metal,Nagpur,24-08-26,₹52,Recycler
Plastic,Nagpur,24-08-26,₹21,Recycler
Glass,Nagpur,24-08-26,₹5,Recycler
PCB,Pune,24-08-26,₹447,Recycler
Battery,Pune,24-08-26,₹118,Recycler
Mobile,Pune,24-08-26,₹233,Recycler
Keyboard,Pune,24-08-26,₹29,Market Survey
Mouse,Pune,24-08-26,₹40,Recycler
Printer,Pune,24-08-26,₹19,Aggregator
Television,Pune,24-08-26,₹20,Aggregator
Washing Machine,Pune,24-08-26,₹21,Recycler
Microwave,Pune,24-08-26,₹18,Aggregator
Player,Pune,24-08-26,₹48,Aggregator
Cable,Pune,24-08-26,₹386,Recycler
LCD Panel,Pune,24-08-26,₹43,Aggregator
Motor,Pune,24-08-26,₹76,Recycler
Magnet Assembly,Pune,24-08-26,₹97,Market Survey
Metal,Pune,24-08-26,₹52,Market Survey
Plastic,Pune,24-08-26,₹19,Aggregator
Glass,Pune,24-08-26,₹5,Aggregator
PCB,Mumbai,24-08-26,₹459,Market Survey
Battery,Mumbai,24-08-26,₹114,Recycler
Mobile,Mumbai,24-08-26,₹240,Recycler
Keyboard,Mumbai,24-08-26,₹31,Recycler
Mouse,Mumbai,24-08-26,₹41,Market Survey
Printer,Mumbai,24-08-26,₹18,Recycler
Television,Mumbai,24-08-26,₹25,Market Survey
Washing Machine,Mumbai,24-08-26,₹21,Aggregator
Microwave,Mumbai,24-08-26,₹17,Recycler
Player,Mumbai,24-08-26,₹52,Recycler
Cable,Mumbai,24-08-26,₹411,Recycler
LCD Panel,Mumbai,24-08-26,₹50,Recycler
Motor,Mumbai,24-08-26,₹70,Aggregator
Magnet Assembly,Mumbai,24-08-26,₹105,Recycler
Metal,Mumbai,24-08-26,₹55,Recycler
Plastic,Mumbai,24-08-26,₹22,Recycler
Glass,Mumbai,24-08-26,₹5,Aggregator
PCB,Delhi,24-08-26,₹484,Recycler
Battery,Delhi,24-08-26,₹113,Recycler
Mobile,Delhi,24-08-26,₹214,Recycler
Keyboard,Delhi,24-08-26,₹29,Aggregator
Mouse,Delhi,24-08-26,₹41,Recycler
Printer,Delhi,24-08-26,₹19,Market Survey
Television,Delhi,24-08-26,₹23,Recycler
Washing Machine,Delhi,24-08-26,₹21,Aggregator
Microwave,Delhi,24-08-26,₹19,Recycler
Player,Delhi,24-08-26,₹53,Aggregator
Cable,Delhi,24-08-26,₹422,Recycler
LCD Panel,Delhi,24-08-26,₹44,Aggregator
Motor,Delhi,24-08-26,₹75,Aggregator
Magnet Assembly,Delhi,24-08-26,₹101,Aggregator
Metal,Delhi,24-08-26,₹52,Aggregator
Plastic,Delhi,24-08-26,₹22,Recycler
Glass,Delhi,24-08-26,₹5,Recycler
PCB,Noida,24-08-26,₹438,Market Survey
Battery,Noida,24-08-26,₹114,Recycler
Mobile,Noida,24-08-26,₹205,Aggregator
Keyboard,Noida,24-08-26,₹27,Aggregator
Mouse,Noida,24-08-26,₹40,Recycler
Printer,Noida,24-08-26,₹19,Market Survey
Television,Noida,24-08-26,₹24,Market Survey
Washing Machine,Noida,24-08-26,₹22,Recycler
Microwave,Noida,24-08-26,₹18,Recycler
Player,Noida,24-08-26,₹47,Recycler
Cable,Noida,24-08-26,₹421,Market Survey
LCD Panel,Noida,24-08-26,₹49,Aggregator
Motor,Noida,24-08-26,₹73,Recycler
Magnet Assembly,Noida,24-08-26,₹91,Recycler
Metal,Noida,24-08-26,₹50,Recycler
Plastic,Noida,24-08-26,₹20,Aggregator
Glass,Noida,24-08-26,₹5,Aggregator
PCB,Jaipur,24-08-26,₹458,Recycler
Battery,Jaipur,24-08-26,₹107,Recycler
Mobile,Jaipur,24-08-26,₹211,Recycler
Keyboard,Jaipur,24-08-26,₹28,Recycler
Mouse,Jaipur,24-08-26,₹39,Aggregator
Printer,Jaipur,24-08-26,₹18,Market Survey
Television,Jaipur,24-08-26,₹23,Recycler
Washing Machine,Jaipur,24-08-26,₹21,Recycler
Microwave,Jaipur,24-08-26,₹16,Aggregator
Player,Jaipur,24-08-26,₹50,Recycler
Cable,Jaipur,24-08-26,₹401,Recycler
LCD Panel,Jaipur,24-08-26,₹45,Recycler
Motor,Jaipur,24-08-26,₹74,Recycler
Magnet Assembly,Jaipur,24-08-26,₹95,Market Survey
Metal,Jaipur,24-08-26,₹57,Recycler
Plastic,Jaipur,24-08-26,₹20,Recycler
Glass,Jaipur,24-08-26,₹5,Aggregator
PCB,Ahmedabad,24-08-26,₹486,Recycler
Battery,Ahmedabad,24-08-26,₹111,Recycler
Mobile,Ahmedabad,24-08-26,₹226,Recycler
Keyboard,Ahmedabad,24-08-26,₹28,Aggregator
Mouse,Ahmedabad,24-08-26,₹37,Recycler
Printer,Ahmedabad,24-08-26,₹19,Recycler
Television,Ahmedabad,24-08-26,₹22,Aggregator
Washing Machine,Ahmedabad,24-08-26,₹22,Recycler
Microwave,Ahmedabad,24-08-26,₹17,Recycler
Player,Ahmedabad,24-08-26,₹49,Recycler
Cable,Ahmedabad,24-08-26,₹388,Recycler
LCD Panel,Ahmedabad,24-08-26,₹46,Recycler
Motor,Ahmedabad,24-08-26,₹75,Recycler
Magnet Assembly,Ahmedabad,24-08-26,₹102,Recycler
Metal,Ahmedabad,24-08-26,₹55,Recycler
Plastic,Ahmedabad,24-08-26,₹20,Recycler
Glass,Ahmedabad,24-08-26,₹5,Recycler
PCB,Bengaluru,24-08-26,₹446,Recycler
Battery,Bengaluru,24-08-26,₹117,Recycler
Mobile,Bengaluru,24-08-26,₹214,Recycler
Keyboard,Bengaluru,24-08-26,₹29,Recycler
Mouse,Bengaluru,24-08-26,₹40,Recycler
Printer,Bengaluru,24-08-26,₹18,Recycler
Television,Bengaluru,24-08-26,₹24,Recycler
Washing Machine,Bengaluru,24-08-26,₹22,Aggregator
Microwave,Bengaluru,24-08-26,₹18,Recycler
Player,Bengaluru,24-08-26,₹50,Market Survey
Cable,Bengaluru,24-08-26,₹422,Recycler
LCD Panel,Bengaluru,24-08-26,₹48,Recycler
Motor,Bengaluru,24-08-26,₹78,Recycler
Magnet Assembly,Bengaluru,24-08-26,₹92,Aggregator
Metal,Bengaluru,24-08-26,₹53,Recycler
Plastic,Bengaluru,24-08-26,₹23,Recycler
Glass,Bengaluru,24-08-26,₹5,Recycler
PCB,Hyderabad,24-08-26,₹437,Recycler
Battery,Hyderabad,24-08-26,₹107,Recycler
Mobile,Hyderabad,24-08-26,₹216,Recycler
Keyboard,Hyderabad,24-08-26,₹30,Recycler
Mouse,Hyderabad,24-08-26,₹39,Recycler
Printer,Hyderabad,24-08-26,₹19,Recycler
Television,Hyderabad,24-08-26,₹23,Recycler
Washing Machine,Hyderabad,24-08-26,₹21,Recycler
Microwave,Hyderabad,24-08-26,₹18,Recycler
Player,Hyderabad,24-08-26,₹48,Aggregator
Cable,Hyderabad,24-08-26,₹425,Recycler
LCD Panel,Hyderabad,24-08-26,₹45,Recycler
Motor,Hyderabad,24-08-26,₹75,Recycler
Magnet Assembly,Hyderabad,24-08-26,₹101,Recycler
Metal,Hyderabad,24-08-26,₹52,Recycler
Plastic,Hyderabad,24-08-26,₹21,Recycler
Glass,Hyderabad,24-08-26,₹5,Aggregator
PCB,Chennai,24-08-26,₹434,Aggregator
Battery,Chennai,24-08-26,₹111,Aggregator
Mobile,Chennai,24-08-26,₹206,Recycler
Keyboard,Chennai,24-08-26,₹29,Recycler
Mouse,Chennai,24-08-26,₹40,Recycler
Printer,Chennai,24-08-26,₹18,Recycler
Television,Chennai,24-08-26,₹23,Recycler
Washing Machine,Chennai,24-08-26,₹21,Recycler
Microwave,Chennai,24-08-26,₹18,Recycler
Player,Chennai,24-08-26,₹53,Recycler
Cable,Chennai,24-08-26,₹423,Recycler
LCD Panel,Chennai,24-08-26,₹47,Market Survey
Motor,Chennai,24-08-26,₹70,Aggregator
Magnet Assembly,Chennai,24-08-26,₹91,Recycler
Metal,Chennai,24-08-26,₹55,Market Survey
Plastic,Chennai,24-08-26,₹18,Aggregator
Glass,Chennai,24-08-26,₹5,Recycler
PCB,Kolkata,24-08-26,₹402,Recycler
Battery,Kolkata,24-08-26,₹107,Recycler
Mobile,Kolkata,24-08-26,₹206,Recycler
Keyboard,Kolkata,24-08-26,₹30,Recycler
Mouse,Kolkata,24-08-26,₹38,Aggregator
Printer,Kolkata,24-08-26,₹18,Recycler
Television,Kolkata,24-08-26,₹20,Aggregator
Washing Machine,Kolkata,24-08-26,₹20,Recycler
Microwave,Kolkata,24-08-26,₹16,Aggregator
Player,Kolkata,24-08-26,₹49,Recycler
Cable,Kolkata,24-08-26,₹382,Recycler
LCD Panel,Kolkata,24-08-26,₹45,Market Survey
Motor,Kolkata,24-08-26,₹72,Recycler
Magnet Assembly,Kolkata,24-08-26,₹86,Recycler
Metal,Kolkata,24-08-26,₹51,Recycler
Plastic,Kolkata,24-08-26,₹19,Recycler
Glass,Kolkata,24-08-26,₹5,Recycler
PCB,Lucknow,24-08-26,₹401,Recycler
Battery,Lucknow,24-08-26,₹109,Recycler
Mobile,Lucknow,24-08-26,₹197,Recycler
Keyboard,Lucknow,24-08-26,₹28,Recycler
Mouse,Lucknow,24-08-26,₹37,Recycler
Printer,Lucknow,24-08-26,₹17,Recycler
Television,Lucknow,24-08-26,₹21,Recycler
Washing Machine,Lucknow,24-08-26,₹20,Recycler
Microwave,Lucknow,24-08-26,₹16,Market Survey
Player,Lucknow,24-08-26,₹47,Recycler
Cable,Lucknow,24-08-26,₹385,Recycler
LCD Panel,Lucknow,24-08-26,₹41,Aggregator
Motor,Lucknow,24-08-26,₹68,Market Survey
Magnet Assembly,Lucknow,24-08-26,₹89,Aggregator
Metal,Lucknow,24-08-26,₹49,Aggregator
Plastic,Lucknow,24-08-26,₹19,Recycler
Glass,Lucknow,24-08-26,₹5,Market Survey
PCB,Bhopal,25-08-26,₹402,Recycler
Battery,Bhopal,25-08-26,₹101,Aggregator
Mobile,Bhopal,25-08-26,₹190,Aggregator
Keyboard,Bhopal,25-08-26,₹27,Market Survey
Mouse,Bhopal,25-08-26,₹36,Recycler
Printer,Bhopal,25-08-26,₹16,Aggregator
Television,Bhopal,25-08-26,₹19,Recycler
Washing Machine,Bhopal,25-08-26,₹19,Recycler
Microwave,Bhopal,25-08-26,₹16,Aggregator
Player,Bhopal,25-08-26,₹46,Recycler
Cable,Bhopal,25-08-26,₹358,Recycler
LCD Panel,Bhopal,25-08-26,₹43,Recycler
Motor,Bhopal,25-08-26,₹70,Recycler
Magnet Assembly,Bhopal,25-08-26,₹85,Aggregator
Metal,Bhopal,25-08-26,₹46,Aggregator
Plastic,Bhopal,25-08-26,₹19,Recycler
Glass,Bhopal,25-08-26,₹5,Aggregator
PCB,Indore,25-08-26,₹380,Aggregator
Battery,Indore,25-08-26,₹109,Recycler
Mobile,Indore,25-08-26,₹198,Aggregator
Keyboard,Indore,25-08-26,₹26,Recycler
Mouse,Indore,25-08-26,₹35,Recycler
Printer,Indore,25-08-26,₹18,Recycler
Television,Indore,25-08-26,₹20,Recycler
Washing Machine,Indore,25-08-26,₹20,Market Survey
Microwave,Indore,25-08-26,₹17,Recycler
Player,Indore,25-08-26,₹45,Recycler
Cable,Indore,25-08-26,₹356,Aggregator
LCD Panel,Indore,25-08-26,₹46,Aggregator
Motor,Indore,25-08-26,₹69,Recycler
Magnet Assembly,Indore,25-08-26,₹95,Recycler
Metal,Indore,25-08-26,₹48,Recycler
Plastic,Indore,25-08-26,₹20,Market Survey
Glass,Indore,25-08-26,₹5,Recycler
PCB,Raipur,25-08-26,₹387,Recycler
Battery,Raipur,25-08-26,₹103,Recycler
Mobile,Raipur,25-08-26,₹208,Aggregator
Keyboard,Raipur,25-08-26,₹25,Recycler
Mouse,Raipur,25-08-26,₹36,Recycler
Printer,Raipur,25-08-26,₹16,Aggregator
Television,Raipur,25-08-26,₹20,Recycler
Washing Machine,Raipur,25-08-26,₹19,Aggregator
Microwave,Raipur,25-08-26,₹15,Recycler
Player,Raipur,25-08-26,₹45,Market Survey
Cable,Raipur,25-08-26,₹369,Aggregator
LCD Panel,Raipur,25-08-26,₹39,Recycler
Motor,Raipur,25-08-26,₹64,Recycler
Magnet Assembly,Raipur,25-08-26,₹90,Recycler
Metal,Raipur,25-08-26,₹47,Recycler
Plastic,Raipur,25-08-26,₹18,Recycler
Glass,Raipur,25-08-26,₹4,Recycler
PCB,Nagpur,25-08-26,₹403,Recycler
Battery,Nagpur,25-08-26,₹108,Recycler
Mobile,Nagpur,25-08-26,₹205,Recycler
Keyboard,Nagpur,25-08-26,₹25,Recycler
Mouse,Nagpur,25-08-26,₹36,Recycler
Printer,Nagpur,25-08-26,₹17,Recycler
Television,Nagpur,25-08-26,₹22,Recycler
Washing Machine,Nagpur,25-08-26,₹19,Aggregator
Microwave,Nagpur,25-08-26,₹17,Recycler
Player,Nagpur,25-08-26,₹46,Recycler
Cable,Nagpur,25-08-26,₹366,Recycler
LCD Panel,Nagpur,25-08-26,₹41,Recycler
Motor,Nagpur,25-08-26,₹68,Aggregator
Magnet Assembly,Nagpur,25-08-26,₹90,Recycler
Metal,Nagpur,25-08-26,₹48,Aggregator
Plastic,Nagpur,25-08-26,₹19,Recycler
Glass,Nagpur,25-08-26,₹5,Recycler
PCB,Pune,25-08-26,₹399,Recycler
Battery,Pune,25-08-26,₹113,Recycler
Mobile,Pune,25-08-26,₹225,Recycler
Keyboard,Pune,25-08-26,₹29,Recycler
Mouse,Pune,25-08-26,₹34,Aggregator
Printer,Pune,25-08-26,₹16,Market Survey
Television,Pune,25-08-26,₹21,Aggregator
Washing Machine,Pune,25-08-26,₹21,Recycler
Microwave,Pune,25-08-26,₹17,Recycler
Player,Pune,25-08-26,₹51,Market Survey
Cable,Pune,25-08-26,₹410,Recycler
LCD Panel,Pune,25-08-26,₹44,Aggregator
Motor,Pune,25-08-26,₹73,Recycler
Magnet Assembly,Pune,25-08-26,₹103,Market Survey
Metal,Pune,25-08-26,₹55,Recycler
Plastic,Pune,25-08-26,₹21,Recycler
Glass,Pune,25-08-26,₹5,Market Survey
PCB,Mumbai,25-08-26,₹464,Recycler
Battery,Mumbai,25-08-26,₹115,Market Survey
Mobile,Mumbai,25-08-26,₹225,Recycler
Keyboard,Mumbai,25-08-26,₹27,Aggregator
Mouse,Mumbai,25-08-26,₹39,Recycler
Printer,Mumbai,25-08-26,₹19,Aggregator
Television,Mumbai,25-08-26,₹23,Aggregator
Washing Machine,Mumbai,25-08-26,₹21,Recycler
Microwave,Mumbai,25-08-26,₹18,Aggregator
Player,Mumbai,25-08-26,₹49,Recycler
Cable,Mumbai,25-08-26,₹410,Market Survey
LCD Panel,Mumbai,25-08-26,₹48,Recycler
Motor,Mumbai,25-08-26,₹73,Aggregator
Magnet Assembly,Mumbai,25-08-26,₹93,Recycler
Metal,Mumbai,25-08-26,₹56,Recycler
Plastic,Mumbai,25-08-26,₹21,Recycler
Glass,Mumbai,25-08-26,₹5,Aggregator
PCB,Delhi,25-08-26,₹439,Recycler
Battery,Delhi,25-08-26,₹109,Recycler
Mobile,Delhi,25-08-26,₹221,Market Survey
Keyboard,Delhi,25-08-26,₹27,Aggregator
Mouse,Delhi,25-08-26,₹40,Recycler
Printer,Delhi,25-08-26,₹20,Recycler
Television,Delhi,25-08-26,₹22,Aggregator
Washing Machine,Delhi,25-08-26,₹21,Aggregator
Microwave,Delhi,25-08-26,₹18,Recycler
Player,Delhi,25-08-26,₹50,Recycler
Cable,Delhi,25-08-26,₹400,Recycler
LCD Panel,Delhi,25-08-26,₹44,Market Survey
Motor,Delhi,25-08-26,₹74,Recycler
Magnet Assembly,Delhi,25-08-26,₹94,Aggregator
Metal,Delhi,25-08-26,₹55,Recycler
Plastic,Delhi,25-08-26,₹20,Recycler
Glass,Delhi,25-08-26,₹5,Recycler
PCB,Noida,25-08-26,₹462,Recycler
Battery,Noida,25-08-26,₹115,Market Survey
Mobile,Noida,25-08-26,₹223,Recycler
Keyboard,Noida,25-08-26,₹25,Aggregator
Mouse,Noida,25-08-26,₹37,Recycler
Printer,Noida,25-08-26,₹18,Recycler
Television,Noida,25-08-26,₹22,Recycler
Washing Machine,Noida,25-08-26,₹23,Market Survey
Microwave,Noida,25-08-26,₹17,Recycler
Player,Noida,25-08-26,₹49,Recycler
Cable,Noida,25-08-26,₹421,Recycler
LCD Panel,Noida,25-08-26,₹50,Recycler
Motor,Noida,25-08-26,₹75,Recycler
Magnet Assembly,Noida,25-08-26,₹95,Aggregator
Metal,Noida,25-08-26,₹47,Aggregator
Plastic,Noida,25-08-26,₹21,Market Survey
Glass,Noida,25-08-26,₹5,Recycler
PCB,Jaipur,25-08-26,₹404,Aggregator
Battery,Jaipur,25-08-26,₹107,Recycler
Mobile,Jaipur,25-08-26,₹207,Recycler
Keyboard,Jaipur,25-08-26,₹26,Aggregator
Mouse,Jaipur,25-08-26,₹39,Market Survey
Printer,Jaipur,25-08-26,₹17,Recycler
Television,Jaipur,25-08-26,₹21,Market Survey
Washing Machine,Jaipur,25-08-26,₹20,Recycler
Microwave,Jaipur,25-08-26,₹16,Recycler
Player,Jaipur,25-08-26,₹44,Recycler
Cable,Jaipur,25-08-26,₹389,Aggregator
LCD Panel,Jaipur,25-08-26,₹42,Recycler
Motor,Jaipur,25-08-26,₹68,Recycler
Magnet Assembly,Jaipur,25-08-26,₹91,Recycler
Metal,Jaipur,25-08-26,₹51,Recycler
Plastic,Jaipur,25-08-26,₹19,Recycler
Glass,Jaipur,25-08-26,₹5,Recycler
PCB,Ahmedabad,25-08-26,₹411,Market Survey
Battery,Ahmedabad,25-08-26,₹108,Market Survey
Mobile,Ahmedabad,25-08-26,₹212,Recycler
Keyboard,Ahmedabad,25-08-26,₹27,Aggregator
Mouse,Ahmedabad,25-08-26,₹36,Recycler
Printer,Ahmedabad,25-08-26,₹17,Aggregator
Television,Ahmedabad,25-08-26,₹21,Recycler
Washing Machine,Ahmedabad,25-08-26,₹20,Recycler
Microwave,Ahmedabad,25-08-26,₹18,Recycler
Player,Ahmedabad,25-08-26,₹48,Recycler
Cable,Ahmedabad,25-08-26,₹389,Market Survey
LCD Panel,Ahmedabad,25-08-26,₹40,Aggregator
Motor,Ahmedabad,25-08-26,₹75,Recycler
Magnet Assembly,Ahmedabad,25-08-26,₹95,Market Survey
Metal,Ahmedabad,25-08-26,₹47,Aggregator
Plastic,Ahmedabad,25-08-26,₹19,Market Survey
Glass,Ahmedabad,25-08-26,₹5,Recycler
PCB,Bengaluru,25-08-26,₹451,Recycler
Battery,Bengaluru,25-08-26,₹110,Recycler
Mobile,Bengaluru,25-08-26,₹221,Recycler
Keyboard,Bengaluru,25-08-26,₹29,Recycler
Mouse,Bengaluru,25-08-26,₹38,Recycler
Printer,Bengaluru,25-08-26,₹19,Aggregator
Television,Bengaluru,25-08-26,₹22,Recycler
Washing Machine,Bengaluru,25-08-26,₹21,Market Survey
Microwave,Bengaluru,25-08-26,₹19,Recycler
Player,Bengaluru,25-08-26,₹46,Recycler
Cable,Bengaluru,25-08-26,₹378,Recycler
LCD Panel,Bengaluru,25-08-26,₹42,Aggregator
Motor,Bengaluru,25-08-26,₹79,Recycler
Magnet Assembly,Bengaluru,25-08-26,₹96,Recycler
Metal,Bengaluru,25-08-26,₹52,Recycler
Plastic,Bengaluru,25-08-26,₹19,Aggregator
Glass,Bengaluru,25-08-26,₹5,Recycler
PCB,Hyderabad,25-08-26,₹448,Recycler
Battery,Hyderabad,25-08-26,₹118,Recycler
Mobile,Hyderabad,25-08-26,₹219,Recycler
Keyboard,Hyderabad,25-08-26,₹27,Aggregator
Mouse,Hyderabad,25-08-26,₹39,Aggregator
Printer,Hyderabad,25-08-26,₹18,Recycler
Television,Hyderabad,25-08-26,₹22,Recycler
Washing Machine,Hyderabad,25-08-26,₹20,Recycler
Microwave,Hyderabad,25-08-26,₹17,Market Survey
Player,Hyderabad,25-08-26,₹47,Aggregator
Cable,Hyderabad,25-08-26,₹357,Aggregator
LCD Panel,Hyderabad,25-08-26,₹46,Recycler
Motor,Hyderabad,25-08-26,₹73,Aggregator
Magnet Assembly,Hyderabad,25-08-26,₹97,Recycler
Metal,Hyderabad,25-08-26,₹49,Aggregator
Plastic,Hyderabad,25-08-26,₹19,Aggregator
Glass,Hyderabad,25-08-26,₹5,Recycler
PCB,Chennai,25-08-26,₹476,Recycler
Battery,Chennai,25-08-26,₹108,Recycler
Mobile,Chennai,25-08-26,₹177,Aggregator
Keyboard,Chennai,25-08-26,₹29,Recycler
Mouse,Chennai,25-08-26,₹38,Aggregator
Printer,Chennai,25-08-26,₹18,Aggregator
Television,Chennai,25-08-26,₹21,Recycler
Washing Machine,Chennai,25-08-26,₹22,Market Survey
Microwave,Chennai,25-08-26,₹16,Recycler
Player,Chennai,25-08-26,₹52,Recycler
Cable,Chennai,25-08-26,₹367,Aggregator
LCD Panel,Chennai,25-08-26,₹44,Recycler
Motor,Chennai,25-08-26,₹70,Aggregator
Magnet Assembly,Chennai,25-08-26,₹96,Recycler
Metal,Chennai,25-08-26,₹53,Recycler
Plastic,Chennai,25-08-26,₹21,Market Survey
Glass,Chennai,25-08-26,₹5,Recycler
PCB,Kolkata,25-08-26,₹449,Recycler
Battery,Kolkata,25-08-26,₹101,Aggregator
Mobile,Kolkata,25-08-26,₹194,Recycler
Keyboard,Kolkata,25-08-26,₹27,Recycler
Mouse,Kolkata,25-08-26,₹37,Recycler
Printer,Kolkata,25-08-26,₹16,Recycler
Television,Kolkata,25-08-26,₹22,Market Survey
Washing Machine,Kolkata,25-08-26,₹20,Recycler
Microwave,Kolkata,25-08-26,₹16,Recycler
Player,Kolkata,25-08-26,₹47,Recycler
Cable,Kolkata,25-08-26,₹378,Recycler
LCD Panel,Kolkata,25-08-26,₹42,Recycler
Motor,Kolkata,25-08-26,₹65,Recycler
Magnet Assembly,Kolkata,25-08-26,₹94,Recycler
Metal,Kolkata,25-08-26,₹44,Aggregator
Plastic,Kolkata,25-08-26,₹19,Recycler
Glass,Kolkata,25-08-26,₹5,Recycler
PCB,Lucknow,25-08-26,₹439,Recycler
Battery,Lucknow,25-08-26,₹108,Recycler
Mobile,Lucknow,25-08-26,₹208,Recycler
Keyboard,Lucknow,25-08-26,₹26,Recycler
Mouse,Lucknow,25-08-26,₹35,Aggregator
Printer,Lucknow,25-08-26,₹16,Recycler
Television,Lucknow,25-08-26,₹20,Recycler
Washing Machine,Lucknow,25-08-26,₹21,Market Survey
Microwave,Lucknow,25-08-26,₹16,Aggregator
Player,Lucknow,25-08-26,₹47,Recycler
Cable,Lucknow,25-08-26,₹359,Recycler
LCD Panel,Lucknow,25-08-26,₹43,Recycler
Motor,Lucknow,25-08-26,₹72,Recycler
Magnet Assembly,Lucknow,25-08-26,₹90,Recycler
Metal,Lucknow,25-08-26,₹51,Aggregator
Plastic,Lucknow,25-08-26,₹20,Recycler
Glass,Lucknow,25-08-26,₹5,Recycler
PCB,Bhopal,26-08-26,₹429,Recycler
Battery,Bhopal,26-08-26,₹115,Recycler
Mobile,Bhopal,26-08-26,₹203,Recycler
Keyboard,Bhopal,26-08-26,₹28,Recycler
Mouse,Bhopal,26-08-26,₹36,Recycler
Printer,Bhopal,26-08-26,₹18,Aggregator
Television,Bhopal,26-08-26,₹24,Recycler
Washing Machine,Bhopal,26-08-26,₹22,Recycler
Microwave,Bhopal,26-08-26,₹15,Recycler
Player,Bhopal,26-08-26,₹46,Aggregator
Cable,Bhopal,26-08-26,₹366,Recycler
LCD Panel,Bhopal,26-08-26,₹45,Recycler
Motor,Bhopal,26-08-26,₹74,Aggregator
Magnet Assembly,Bhopal,26-08-26,₹88,Recycler
Metal,Bhopal,26-08-26,₹51,Recycler
Plastic,Bhopal,26-08-26,₹20,Recycler
Glass,Bhopal,26-08-26,₹5,Recycler
PCB,Indore,26-08-26,₹453,Recycler
Battery,Indore,26-08-26,₹116,Recycler
Mobile,Indore,26-08-26,₹203,Recycler
Keyboard,Indore,26-08-26,₹28,Aggregator
Mouse,Indore,26-08-26,₹39,Recycler
Printer,Indore,26-08-26,₹20,Market Survey
Television,Indore,26-08-26,₹23,Recycler
Washing Machine,Indore,26-08-26,₹22,Recycler
Microwave,Indore,26-08-26,₹17,Market Survey
Player,Indore,26-08-26,₹52,Recycler
Cable,Indore,26-08-26,₹378,Recycler
LCD Panel,Indore,26-08-26,₹42,Recycler
Motor,Indore,26-08-26,₹69,Aggregator
Magnet Assembly,Indore,26-08-26,₹96,Market Survey
Metal,Indore,26-08-26,₹51,Market Survey
Plastic,Indore,26-08-26,₹21,Recycler
Glass,Indore,26-08-26,₹5,Aggregator
PCB,Raipur,26-08-26,₹426,Recycler
Battery,Raipur,26-08-26,₹112,Recycler
Mobile,Raipur,26-08-26,₹204,Recycler
Keyboard,Raipur,26-08-26,₹29,Recycler
Mouse,Raipur,26-08-26,₹36,Recycler
Printer,Raipur,26-08-26,₹17,Recycler
Television,Raipur,26-08-26,₹21,Aggregator
Washing Machine,Raipur,26-08-26,₹21,Recycler
Microwave,Raipur,26-08-26,₹16,Aggregator
Player,Raipur,26-08-26,₹46,Market Survey
Cable,Raipur,26-08-26,₹388,Market Survey
LCD Panel,Raipur,26-08-26,₹46,Recycler
Motor,Raipur,26-08-26,₹70,Recycler
Magnet Assembly,Raipur,26-08-26,₹95,Aggregator
Metal,Raipur,26-08-26,₹48,Recycler
Plastic,Raipur,26-08-26,₹19,Recycler
Glass,Raipur,26-08-26,₹5,Market Survey
PCB,Nagpur,26-08-26,₹430,Recycler
Battery,Nagpur,26-08-26,₹105,Recycler
Mobile,Nagpur,26-08-26,₹195,Aggregator
Keyboard,Nagpur,26-08-26,₹26,Aggregator
Mouse,Nagpur,26-08-26,₹39,Recycler
Printer,Nagpur,26-08-26,₹19,Recycler
Television,Nagpur,26-08-26,₹23,Recycler
Washing Machine,Nagpur,26-08-26,₹22,Recycler
Microwave,Nagpur,26-08-26,₹16,Aggregator
Player,Nagpur,26-08-26,₹47,Recycler
Cable,Nagpur,26-08-26,₹415,Recycler
LCD Panel,Nagpur,26-08-26,₹46,Recycler
Motor,Nagpur,26-08-26,₹68,Aggregator
Magnet Assembly,Nagpur,26-08-26,₹98,Recycler
Metal,Nagpur,26-08-26,₹51,Recycler
Plastic,Nagpur,26-08-26,₹21,Recycler
Glass,Nagpur,26-08-26,₹5,Recycler
PCB,Pune,26-08-26,₹441,Recycler
Battery,Pune,26-08-26,₹119,Recycler
Mobile,Pune,26-08-26,₹215,Aggregator
Keyboard,Pune,26-08-26,₹29,Recycler
Mouse,Pune,26-08-26,₹40,Aggregator
Printer,Pune,26-08-26,₹19,Recycler
Television,Pune,26-08-26,₹21,Aggregator
Washing Machine,Pune,26-08-26,₹23,Recycler
Microwave,Pune,26-08-26,₹18,Recycler
Player,Pune,26-08-26,₹50,Recycler
Cable,Pune,26-08-26,₹401,Recycler
LCD Panel,Pune,26-08-26,₹52,Recycler
Motor,Pune,26-08-26,₹75,Recycler
Magnet Assembly,Pune,26-08-26,₹97,Aggregator
Metal,Pune,26-08-26,₹53,Recycler
Plastic,Pune,26-08-26,₹21,Recycler
Glass,Pune,26-08-26,₹5,Recycler
PCB,Mumbai,26-08-26,₹501,Recycler
Battery,Mumbai,26-08-26,₹125,Recycler
Mobile,Mumbai,26-08-26,₹238,Recycler
Keyboard,Mumbai,26-08-26,₹31,Recycler
Mouse,Mumbai,26-08-26,₹42,Recycler
Printer,Mumbai,26-08-26,₹20,Market Survey
Television,Mumbai,26-08-26,₹25,Recycler
Washing Machine,Mumbai,26-08-26,₹23,Aggregator
Microwave,Mumbai,26-08-26,₹19,Recycler
Player,Mumbai,26-08-26,₹51,Aggregator
Cable,Mumbai,26-08-26,₹430,Recycler
LCD Panel,Mumbai,26-08-26,₹49,Recycler
Motor,Mumbai,26-08-26,₹73,Recycler
Magnet Assembly,Mumbai,26-08-26,₹102,Aggregator
Metal,Mumbai,26-08-26,₹59,Aggregator
Plastic,Mumbai,26-08-26,₹22,Recycler
Glass,Mumbai,26-08-26,₹5,Recycler
PCB,Delhi,26-08-26,₹458,Recycler
Battery,Delhi,26-08-26,₹123,Recycler
Mobile,Delhi,26-08-26,₹238,Recycler
Keyboard,Delhi,26-08-26,₹28,Recycler
Mouse,Delhi,26-08-26,₹42,Recycler
Printer,Delhi,26-08-26,₹20,Recycler
Television,Delhi,26-08-26,₹23,Recycler
Washing Machine,Delhi,26-08-26,₹25,Recycler
Microwave,Delhi,26-08-26,₹20,Recycler
Player,Delhi,26-08-26,₹48,Aggregator
Cable,Delhi,26-08-26,₹449,Recycler
LCD Panel,Delhi,26-08-26,₹45,Aggregator
Motor,Delhi,26-08-26,₹82,Aggregator
Magnet Assembly,Delhi,26-08-26,₹97,Recycler
Metal,Delhi,26-08-26,₹59,Recycler
Plastic,Delhi,26-08-26,₹21,Recycler
Glass,Delhi,26-08-26,₹5,Recycler
PCB,Noida,26-08-26,₹438,Aggregator
Battery,Noida,26-08-26,₹116,Recycler
Mobile,Noida,26-08-26,₹228,Recycler
Keyboard,Noida,26-08-26,₹30,Recycler
Mouse,Noida,26-08-26,₹40,Recycler
Printer,Noida,26-08-26,₹19,Recycler
Television,Noida,26-08-26,₹25,Market Survey
Washing Machine,Noida,26-08-26,₹22,Aggregator
Microwave,Noida,26-08-26,₹18,Recycler
Player,Noida,26-08-26,₹51,Recycler
Cable,Noida,26-08-26,₹423,Recycler
LCD Panel,Noida,26-08-26,₹46,Recycler
Motor,Noida,26-08-26,₹78,Recycler
Magnet Assembly,Noida,26-08-26,₹100,Recycler
Metal,Noida,26-08-26,₹56,Recycler
Plastic,Noida,26-08-26,₹22,Recycler
Glass,Noida,26-08-26,₹5,Recycler
PCB,Jaipur,26-08-26,₹459,Recycler
Battery,Jaipur,26-08-26,₹115,Market Survey
Mobile,Jaipur,26-08-26,₹196,Recycler
Keyboard,Jaipur,26-08-26,₹29,Recycler
Mouse,Jaipur,26-08-26,₹41,Recycler
Printer,Jaipur,26-08-26,₹18,Recycler
Television,Jaipur,26-08-26,₹22,Recycler
Washing Machine,Jaipur,26-08-26,₹21,Aggregator
Microwave,Jaipur,26-08-26,₹17,Aggregator
Player,Jaipur,26-08-26,₹47,Aggregator
Cable,Jaipur,26-08-26,₹397,Market Survey
LCD Panel,Jaipur,26-08-26,₹45,Aggregator
Motor,Jaipur,26-08-26,₹75,Recycler
Magnet Assembly,Jaipur,26-08-26,₹92,Recycler
Metal,Jaipur,26-08-26,₹56,Recycler
Plastic,Jaipur,26-08-26,₹22,Recycler
Glass,Jaipur,26-08-26,₹5,Aggregator
PCB,Ahmedabad,26-08-26,₹428,Recycler
Battery,Ahmedabad,26-08-26,₹124,Recycler
Mobile,Ahmedabad,26-08-26,₹218,Recycler
Keyboard,Ahmedabad,26-08-26,₹30,Recycler
Mouse,Ahmedabad,26-08-26,₹41,Recycler
Printer,Ahmedabad,26-08-26,₹19,Market Survey
Television,Ahmedabad,26-08-26,₹22,Aggregator
Washing Machine,Ahmedabad,26-08-26,₹21,Recycler
Microwave,Ahmedabad,26-08-26,₹18,Recycler
Player,Ahmedabad,26-08-26,₹52,Recycler
Cable,Ahmedabad,26-08-26,₹407,Recycler
LCD Panel,Ahmedabad,26-08-26,₹46,Recycler
Motor,Ahmedabad,26-08-26,₹81,Recycler
Magnet Assembly,Ahmedabad,26-08-26,₹99,Recycler
Metal,Ahmedabad,26-08-26,₹52,Recycler
Plastic,Ahmedabad,26-08-26,₹21,Recycler
Glass,Ahmedabad,26-08-26,₹5,Recycler
PCB,Bengaluru,26-08-26,₹447,Aggregator
Battery,Bengaluru,26-08-26,₹112,Aggregator
Mobile,Bengaluru,26-08-26,₹234,Market Survey
Keyboard,Bengaluru,26-08-26,₹28,Aggregator
Mouse,Bengaluru,26-08-26,₹41,Recycler
Printer,Bengaluru,26-08-26,₹19,Aggregator
Television,Bengaluru,26-08-26,₹24,Recycler
Washing Machine,Bengaluru,26-08-26,₹22,Recycler
Microwave,Bengaluru,26-08-26,₹17,Aggregator
Player,Bengaluru,26-08-26,₹55,Aggregator
Cable,Bengaluru,26-08-26,₹428,Recycler
LCD Panel,Bengaluru,26-08-26,₹45,Aggregator
Motor,Bengaluru,26-08-26,₹77,Recycler
Magnet Assembly,Bengaluru,26-08-26,₹101,Recycler
Metal,Bengaluru,26-08-26,₹56,Aggregator
Plastic,Bengaluru,26-08-26,₹21,Recycler
Glass,Bengaluru,26-08-26,₹5,Market Survey
PCB,Hyderabad,26-08-26,₹414,Aggregator
Battery,Hyderabad,26-08-26,₹111,Aggregator
Mobile,Hyderabad,26-08-26,₹211,Aggregator
Keyboard,Hyderabad,26-08-26,₹29,Market Survey
Mouse,Hyderabad,26-08-26,₹40,Aggregator
Printer,Hyderabad,26-08-26,₹19,Recycler
Television,Hyderabad,26-08-26,₹24,Recycler
Washing Machine,Hyderabad,26-08-26,₹22,Aggregator
Microwave,Hyderabad,26-08-26,₹18,Recycler
Player,Hyderabad,26-08-26,₹49,Recycler
Cable,Hyderabad,26-08-26,₹405,Aggregator
LCD Panel,Hyderabad,26-08-26,₹45,Recycler
Motor,Hyderabad,26-08-26,₹77,Recycler
Magnet Assembly,Hyderabad,26-08-26,₹95,Aggregator
Metal,Hyderabad,26-08-26,₹53,Market Survey
Plastic,Hyderabad,26-08-26,₹20,Recycler
Glass,Hyderabad,26-08-26,₹5,Aggregator
PCB,Chennai,26-08-26,₹472,Market Survey
Battery,Chennai,26-08-26,₹113,Aggregator
Mobile,Chennai,26-08-26,₹218,Recycler
Keyboard,Chennai,26-08-26,₹28,Recycler
Mouse,Chennai,26-08-26,₹40,Aggregator
Printer,Chennai,26-08-26,₹19,Recycler
Television,Chennai,26-08-26,₹24,Recycler
Washing Machine,Chennai,26-08-26,₹22,Recycler
Microwave,Chennai,26-08-26,₹18,Recycler
Player,Chennai,26-08-26,₹53,Recycler
Cable,Chennai,26-08-26,₹404,Recycler
LCD Panel,Chennai,26-08-26,₹49,Aggregator
Motor,Chennai,26-08-26,₹77,Recycler
Magnet Assembly,Chennai,26-08-26,₹95,Recycler
Metal,Chennai,26-08-26,₹57,Recycler
Plastic,Chennai,26-08-26,₹20,Aggregator
Glass,Chennai,26-08-26,₹5,Recycler
PCB,Kolkata,26-08-26,₹452,Market Survey
Battery,Kolkata,26-08-26,₹120,Market Survey
Mobile,Kolkata,26-08-26,₹208,Recycler
Keyboard,Kolkata,26-08-26,₹27,Recycler
Mouse,Kolkata,26-08-26,₹39,Market Survey
Printer,Kolkata,26-08-26,₹19,Recycler
Television,Kolkata,26-08-26,₹21,Aggregator
Washing Machine,Kolkata,26-08-26,₹21,Recycler
Microwave,Kolkata,26-08-26,₹17,Aggregator
Player,Kolkata,26-08-26,₹47,Recycler
Cable,Kolkata,26-08-26,₹345,Aggregator
LCD Panel,Kolkata,26-08-26,₹45,Market Survey
Motor,Kolkata,26-08-26,₹67,Recycler
Magnet Assembly,Kolkata,26-08-26,₹98,Recycler
Metal,Kolkata,26-08-26,₹51,Aggregator
Plastic,Kolkata,26-08-26,₹20,Aggregator
Glass,Kolkata,26-08-26,₹5,Recycler
PCB,Lucknow,26-08-26,₹449,Market Survey
Battery,Lucknow,26-08-26,₹116,Recycler
Mobile,Lucknow,26-08-26,₹220,Recycler
Keyboard,Lucknow,26-08-26,₹27,Aggregator
Mouse,Lucknow,26-08-26,₹36,Aggregator
Printer,Lucknow,26-08-26,₹19,Recycler
Television,Lucknow,26-08-26,₹22,Recycler
Washing Machine,Lucknow,26-08-26,₹20,Recycler
Microwave,Lucknow,26-08-26,₹15,Aggregator
Player,Lucknow,26-08-26,₹47,Recycler
Cable,Lucknow,26-08-26,₹410,Recycler
LCD Panel,Lucknow,26-08-26,₹46,Recycler
Motor,Lucknow,26-08-26,₹69,Aggregator
Magnet Assembly,Lucknow,26-08-26,₹92,Aggregator
Metal,Lucknow,26-08-26,₹50,Recycler
Plastic,Lucknow,26-08-26,₹20,Recycler
Glass,Lucknow,26-08-26,₹5,Recycler
PCB,Bhopal,27-08-26,₹401,Recycler
Battery,Bhopal,27-08-26,₹115,Recycler
Mobile,Bhopal,27-08-26,₹204,Recycler
Keyboard,Bhopal,27-08-26,₹27,Recycler
Mouse,Bhopal,27-08-26,₹38,Aggregator
Printer,Bhopal,27-08-26,₹17,Recycler
Television,Bhopal,27-08-26,₹21,Market Survey
Washing Machine,Bhopal,27-08-26,₹20,Recycler
Microwave,Bhopal,27-08-26,₹17,Recycler
Player,Bhopal,27-08-26,₹47,Recycler
Cable,Bhopal,27-08-26,₹372,Recycler
LCD Panel,Bhopal,27-08-26,₹43,Recycler
Motor,Bhopal,27-08-26,₹71,Recycler
Magnet Assembly,Bhopal,27-08-26,₹92,Aggregator
Metal,Bhopal,27-08-26,₹50,Aggregator
Plastic,Bhopal,27-08-26,₹19,Recycler
Glass,Bhopal,27-08-26,₹5,Recycler
PCB,Indore,27-08-26,₹423,Recycler
Battery,Indore,27-08-26,₹114,Recycler
Mobile,Indore,27-08-26,₹206,Recycler
Keyboard,Indore,27-08-26,₹27,Recycler
Mouse,Indore,27-08-26,₹39,Aggregator
Printer,Indore,27-08-26,₹17,Recycler
Television,Indore,27-08-26,₹22,Recycler
Washing Machine,Indore,27-08-26,₹21,Recycler
Microwave,Indore,27-08-26,₹17,Recycler
Player,Indore,27-08-26,₹49,Recycler
Cable,Indore,27-08-26,₹367,Recycler
LCD Panel,Indore,27-08-26,₹47,Recycler
Motor,Indore,27-08-26,₹70,Recycler
Magnet Assembly,Indore,27-08-26,₹95,Aggregator
Metal,Indore,27-08-26,₹51,Market Survey
Plastic,Indore,27-08-26,₹19,Recycler
Glass,Indore,27-08-26,₹5,Recycler
PCB,Raipur,27-08-26,₹432,Market Survey
Battery,Raipur,27-08-26,₹107,Aggregator
Mobile,Raipur,27-08-26,₹206,Recycler
Keyboard,Raipur,27-08-26,₹26,Recycler
Mouse,Raipur,27-08-26,₹37,Recycler
Printer,Raipur,27-08-26,₹18,Recycler
Television,Raipur,27-08-26,₹23,Recycler
Washing Machine,Raipur,27-08-26,₹20,Aggregator
Microwave,Raipur,27-08-26,₹16,Recycler
Player,Raipur,27-08-26,₹48,Recycler
Cable,Raipur,27-08-26,₹382,Recycler
LCD Panel,Raipur,27-08-26,₹41,Recycler
Motor,Raipur,27-08-26,₹73,Market Survey
Magnet Assembly,Raipur,27-08-26,₹89,Market Survey
Metal,Raipur,27-08-26,₹49,Recycler
Plastic,Raipur,27-08-26,₹19,Recycler
Glass,Raipur,27-08-26,₹5,Aggregator
PCB,Nagpur,27-08-26,₹416,Recycler
Battery,Nagpur,27-08-26,₹105,Recycler
Mobile,Nagpur,27-08-26,₹225,Recycler
Keyboard,Nagpur,27-08-26,₹28,Recycler
Mouse,Nagpur,27-08-26,₹38,Aggregator
Printer,Nagpur,27-08-26,₹17,Recycler
Television,Nagpur,27-08-26,₹23,Market Survey
Washing Machine,Nagpur,27-08-26,₹21,Recycler
Microwave,Nagpur,27-08-26,₹17,Recycler
Player,Nagpur,27-08-26,₹50,Recycler
Cable,Nagpur,27-08-26,₹354,Market Survey
LCD Panel,Nagpur,27-08-26,₹46,Recycler
Motor,Nagpur,27-08-26,₹70,Recycler
Magnet Assembly,Nagpur,27-08-26,₹94,Recycler
Metal,Nagpur,27-08-26,₹51,Recycler
Plastic,Nagpur,27-08-26,₹20,Recycler
Glass,Nagpur,27-08-26,₹5,Market Survey
PCB,Pune,27-08-26,₹453,Recycler
Battery,Pune,27-08-26,₹115,Recycler
Mobile,Pune,27-08-26,₹211,Aggregator
Keyboard,Pune,27-08-26,₹30,Recycler
Mouse,Pune,27-08-26,₹42,Market Survey
Printer,Pune,27-08-26,₹19,Recycler
Television,Pune,27-08-26,₹24,Market Survey
Washing Machine,Pune,27-08-26,₹22,Recycler
Microwave,Pune,27-08-26,₹18,Market Survey
Player,Pune,27-08-26,₹51,Recycler
Cable,Pune,27-08-26,₹397,Recycler
LCD Panel,Pune,27-08-26,₹52,Market Survey
Motor,Pune,27-08-26,₹75,Market Survey
Magnet Assembly,Pune,27-08-26,₹101,Recycler
Metal,Pune,27-08-26,₹55,Recycler
Plastic,Pune,27-08-26,₹21,Recycler
Glass,Pune,27-08-26,₹5,Recycler
PCB,Mumbai,27-08-26,₹487,Recycler
Battery,Mumbai,27-08-26,₹124,Aggregator
Mobile,Mumbai,27-08-26,₹207,Aggregator
Keyboard,Mumbai,27-08-26,₹29,Recycler
Mouse,Mumbai,27-08-26,₹43,Market Survey
Printer,Mumbai,27-08-26,₹20,Aggregator
Television,Mumbai,27-08-26,₹25,Recycler
Washing Machine,Mumbai,27-08-26,₹23,Recycler
Microwave,Mumbai,27-08-26,₹18,Recycler
Player,Mumbai,27-08-26,₹56,Recycler
Cable,Mumbai,27-08-26,₹424,Recycler
LCD Panel,Mumbai,27-08-26,₹49,Recycler
Motor,Mumbai,27-08-26,₹81,Recycler
Magnet Assembly,Mumbai,27-08-26,₹102,Recycler
Metal,Mumbai,27-08-26,₹52,Aggregator
Plastic,Mumbai,27-08-26,₹21,Aggregator
Glass,Mumbai,27-08-26,₹5,Recycler
PCB,Delhi,27-08-26,₹476,Recycler
Battery,Delhi,27-08-26,₹121,Aggregator
Mobile,Delhi,27-08-26,₹222,Recycler
Keyboard,Delhi,27-08-26,₹32,Recycler
Mouse,Delhi,27-08-26,₹39,Recycler
Printer,Delhi,27-08-26,₹20,Recycler
Television,Delhi,27-08-26,₹23,Recycler
Washing Machine,Delhi,27-08-26,₹23,Aggregator
Microwave,Delhi,27-08-26,₹18,Recycler
Player,Delhi,27-08-26,₹51,Recycler
Cable,Delhi,27-08-26,₹427,Recycler
LCD Panel,Delhi,27-08-26,₹47,Aggregator
Motor,Delhi,27-08-26,₹77,Recycler
Magnet Assembly,Delhi,27-08-26,₹98,Recycler
Metal,Delhi,27-08-26,₹52,Market Survey
Plastic,Delhi,27-08-26,₹22,Recycler
Glass,Delhi,27-08-26,₹5,Recycler
PCB,Noida,27-08-26,₹454,Market Survey
Battery,Noida,27-08-26,₹116,Recycler
Mobile,Noida,27-08-26,₹227,Aggregator
Keyboard,Noida,27-08-26,₹28,Aggregator
Mouse,Noida,27-08-26,₹38,Aggregator
Printer,Noida,27-08-26,₹18,Recycler
Television,Noida,27-08-26,₹22,Recycler
Washing Machine,Noida,27-08-26,₹22,Recycler
Microwave,Noida,27-08-26,₹17,Recycler
Player,Noida,27-08-26,₹51,Recycler
Cable,Noida,27-08-26,₹422,Recycler
LCD Panel,Noida,27-08-26,₹49,Recycler
Motor,Noida,27-08-26,₹80,Recycler
Magnet Assembly,Noida,27-08-26,₹93,Aggregator
Metal,Noida,27-08-26,₹50,Aggregator
Plastic,Noida,27-08-26,₹19,Aggregator
Glass,Noida,27-08-26,₹5,Aggregator
PCB,Jaipur,27-08-26,₹424,Recycler
Battery,Jaipur,27-08-26,₹108,Aggregator
Mobile,Jaipur,27-08-26,₹216,Recycler
Keyboard,Jaipur,27-08-26,₹30,Recycler
Mouse,Jaipur,27-08-26,₹38,Aggregator
Printer,Jaipur,27-08-26,₹20,Market Survey
Television,Jaipur,27-08-26,₹23,Recycler
Washing Machine,Jaipur,27-08-26,₹21,Recycler
Microwave,Jaipur,27-08-26,₹18,Recycler
Player,Jaipur,27-08-26,₹48,Recycler
Cable,Jaipur,27-08-26,₹394,Recycler
LCD Panel,Jaipur,27-08-26,₹46,Recycler
Motor,Jaipur,27-08-26,₹72,Aggregator
Magnet Assembly,Jaipur,27-08-26,₹93,Recycler
Metal,Jaipur,27-08-26,₹55,Recycler
Plastic,Jaipur,27-08-26,₹21,Market Survey
Glass,Jaipur,27-08-26,₹5,Aggregator
PCB,Ahmedabad,27-08-26,₹472,Recycler
Battery,Ahmedabad,27-08-26,₹117,Recycler
Mobile,Ahmedabad,27-08-26,₹220,Recycler
Keyboard,Ahmedabad,27-08-26,₹30,Recycler
Mouse,Ahmedabad,27-08-26,₹37,Aggregator
Printer,Ahmedabad,27-08-26,₹18,Aggregator
Television,Ahmedabad,27-08-26,₹23,Recycler
Washing Machine,Ahmedabad,27-08-26,₹21,Aggregator
Microwave,Ahmedabad,27-08-26,₹18,Recycler
Player,Ahmedabad,27-08-26,₹48,Recycler
Cable,Ahmedabad,27-08-26,₹389,Recycler
LCD Panel,Ahmedabad,27-08-26,₹48,Recycler
Motor,Ahmedabad,27-08-26,₹76,Recycler
Magnet Assembly,Ahmedabad,27-08-26,₹100,Recycler
Metal,Ahmedabad,27-08-26,₹52,Recycler
Plastic,Ahmedabad,27-08-26,₹22,Recycler
Glass,Ahmedabad,27-08-26,₹5,Recycler
PCB,Bengaluru,27-08-26,₹460,Aggregator
Battery,Bengaluru,27-08-26,₹114,Recycler
Mobile,Bengaluru,27-08-26,₹211,Aggregator
Keyboard,Bengaluru,27-08-26,₹29,Aggregator
Mouse,Bengaluru,27-08-26,₹40,Recycler
Printer,Bengaluru,27-08-26,₹18,Recycler
Television,Bengaluru,27-08-26,₹23,Aggregator
Washing Machine,Bengaluru,27-08-26,₹22,Recycler
Microwave,Bengaluru,27-08-26,₹18,Aggregator
Player,Bengaluru,27-08-26,₹52,Recycler
Cable,Bengaluru,27-08-26,₹437,Recycler
LCD Panel,Bengaluru,27-08-26,₹46,Recycler
Motor,Bengaluru,27-08-26,₹77,Aggregator
Magnet Assembly,Bengaluru,27-08-26,₹104,Aggregator
Metal,Bengaluru,27-08-26,₹59,Recycler
Plastic,Bengaluru,27-08-26,₹21,Market Survey
Glass,Bengaluru,27-08-26,₹5,Aggregator
PCB,Hyderabad,27-08-26,₹458,Recycler
Battery,Hyderabad,27-08-26,₹116,Recycler
Mobile,Hyderabad,27-08-26,₹218,Recycler
Keyboard,Hyderabad,27-08-26,₹30,Recycler
Mouse,Hyderabad,27-08-26,₹40,Recycler
Printer,Hyderabad,27-08-26,₹18,Market Survey
Television,Hyderabad,27-08-26,₹22,Aggregator
Washing Machine,Hyderabad,27-08-26,₹22,Recycler
Microwave,Hyderabad,27-08-26,₹17,Recycler
Player,Hyderabad,27-08-26,₹48,Recycler
Cable,Hyderabad,27-08-26,₹420,Aggregator
LCD Panel,Hyderabad,27-08-26,₹48,Recycler
Motor,Hyderabad,27-08-26,₹70,Aggregator
Magnet Assembly,Hyderabad,27-08-26,₹99,Recycler
Metal,Hyderabad,27-08-26,₹47,Aggregator
Plastic,Hyderabad,27-08-26,₹21,Recycler
Glass,Hyderabad,27-08-26,₹5,Recycler
PCB,Chennai,27-08-26,₹414,Recycler
Battery,Chennai,27-08-26,₹111,Aggregator
Mobile,Chennai,27-08-26,₹215,Aggregator
Keyboard,Chennai,27-08-26,₹30,Recycler
Mouse,Chennai,27-08-26,₹37,Recycler
Printer,Chennai,27-08-26,₹18,Market Survey
Television,Chennai,27-08-26,₹24,Recycler
Washing Machine,Chennai,27-08-26,₹22,Aggregator
Microwave,Chennai,27-08-26,₹19,Market Survey
Player,Chennai,27-08-26,₹54,Recycler
Cable,Chennai,27-08-26,₹415,Recycler
LCD Panel,Chennai,27-08-26,₹44,Aggregator
Motor,Chennai,27-08-26,₹78,Recycler
Magnet Assembly,Chennai,27-08-26,₹102,Recycler
Metal,Chennai,27-08-26,₹56,Recycler
Plastic,Chennai,27-08-26,₹20,Recycler
Glass,Chennai,27-08-26,₹5,Aggregator
PCB,Kolkata,27-08-26,₹439,Aggregator
Battery,Kolkata,27-08-26,₹107,Aggregator
Mobile,Kolkata,27-08-26,₹200,Aggregator
Keyboard,Kolkata,27-08-26,₹29,Recycler
Mouse,Kolkata,27-08-26,₹39,Recycler
Printer,Kolkata,27-08-26,₹17,Recycler
Television,Kolkata,27-08-26,₹21,Aggregator
Washing Machine,Kolkata,27-08-26,₹21,Recycler
Microwave,Kolkata,27-08-26,₹17,Recycler
Player,Kolkata,27-08-26,₹48,Recycler
Cable,Kolkata,27-08-26,₹392,Recycler
LCD Panel,Kolkata,27-08-26,₹44,Market Survey
Motor,Kolkata,27-08-26,₹73,Recycler
Magnet Assembly,Kolkata,27-08-26,₹89,Recycler
Metal,Kolkata,27-08-26,₹50,Aggregator
Plastic,Kolkata,27-08-26,₹19,Recycler
Glass,Kolkata,27-08-26,₹5,Market Survey
PCB,Lucknow,27-08-26,₹451,Recycler
Battery,Lucknow,27-08-26,₹107,Recycler
Mobile,Lucknow,27-08-26,₹211,Market Survey
Keyboard,Lucknow,27-08-26,₹26,Recycler
Mouse,Lucknow,27-08-26,₹41,Recycler
Printer,Lucknow,27-08-26,₹17,Recycler
Television,Lucknow,27-08-26,₹22,Recycler
Washing Machine,Lucknow,27-08-26,₹21,Recycler
Microwave,Lucknow,27-08-26,₹17,Recycler
Player,Lucknow,27-08-26,₹45,Recycler
Cable,Lucknow,27-08-26,₹382,Recycler
LCD Panel,Lucknow,27-08-26,₹42,Aggregator
Motor,Lucknow,27-08-26,₹68,Aggregator
Magnet Assembly,Lucknow,27-08-26,₹85,Aggregator
Metal,Lucknow,27-08-26,₹56,Recycler
Plastic,Lucknow,27-08-26,₹20,Recycler
Glass,Lucknow,27-08-26,₹5,Aggregator
PCB,Bhopal,28-08-26,₹398,Recycler
Battery,Bhopal,28-08-26,₹91,Aggregator
Mobile,Bhopal,28-08-26,₹195,Aggregator
Keyboard,Bhopal,28-08-26,₹24,Recycler
Mouse,Bhopal,28-08-26,₹35,Recycler
Printer,Bhopal,28-08-26,₹17,Recycler
Television,Bhopal,28-08-26,₹18,Aggregator
Washing Machine,Bhopal,28-08-26,₹17,Aggregator
Microwave,Bhopal,28-08-26,₹15,Aggregator
Player,Bhopal,28-08-26,₹46,Recycler
Cable,Bhopal,28-08-26,₹335,Recycler
LCD Panel,Bhopal,28-08-26,₹37,Recycler
Motor,Bhopal,28-08-26,₹60,Aggregator
Magnet Assembly,Bhopal,28-08-26,₹88,Recycler
Metal,Bhopal,28-08-26,₹48,Recycler
Plastic,Bhopal,28-08-26,₹19,Aggregator
Glass,Bhopal,28-08-26,₹4,Aggregator
PCB,Indore,28-08-26,₹393,Recycler
Battery,Indore,28-08-26,₹104,Recycler
Mobile,Indore,28-08-26,₹183,Recycler
Keyboard,Indore,28-08-26,₹26,Recycler
Mouse,Indore,28-08-26,₹34,Recycler
Printer,Indore,28-08-26,₹18,Market Survey
Television,Indore,28-08-26,₹20,Aggregator
Washing Machine,Indore,28-08-26,₹20,Aggregator
Microwave,Indore,28-08-26,₹16,Recycler
Player,Indore,28-08-26,₹44,Aggregator
Cable,Indore,28-08-26,₹351,Aggregator
LCD Panel,Indore,28-08-26,₹41,Market Survey
Motor,Indore,28-08-26,₹68,Recycler
Magnet Assembly,Indore,28-08-26,₹98,Recycler
Metal,Indore,28-08-26,₹49,Recycler
Plastic,Indore,28-08-26,₹18,Aggregator
Glass,Indore,28-08-26,₹5,Recycler
PCB,Raipur,28-08-26,₹385,Recycler
Battery,Raipur,28-08-26,₹95,Recycler
Mobile,Raipur,28-08-26,₹192,Aggregator
Keyboard,Raipur,28-08-26,₹24,Recycler
Mouse,Raipur,28-08-26,₹35,Recycler
Printer,Raipur,28-08-26,₹16,Market Survey
Television,Raipur,28-08-26,₹19,Recycler
Washing Machine,Raipur,28-08-26,₹19,Aggregator
Microwave,Raipur,28-08-26,₹15,Recycler
Player,Raipur,28-08-26,₹44,Recycler
Cable,Raipur,28-08-26,₹330,Recycler
LCD Panel,Raipur,28-08-26,₹40,Recycler
Motor,Raipur,28-08-26,₹67,Market Survey
Magnet Assembly,Raipur,28-08-26,₹81,Recycler
Metal,Raipur,28-08-26,₹46,Recycler
Plastic,Raipur,28-08-26,₹17,Recycler
Glass,Raipur,28-08-26,₹5,Recycler
PCB,Nagpur,28-08-26,₹383,Recycler
Battery,Nagpur,28-08-26,₹100,Recycler
Mobile,Nagpur,28-08-26,₹196,Recycler
Keyboard,Nagpur,28-08-26,₹27,Recycler
Mouse,Nagpur,28-08-26,₹34,Recycler
Printer,Nagpur,28-08-26,₹17,Recycler
Television,Nagpur,28-08-26,₹20,Aggregator
Washing Machine,Nagpur,28-08-26,₹20,Recycler
Microwave,Nagpur,28-08-26,₹16,Recycler
Player,Nagpur,28-08-26,₹42,Recycler
Cable,Nagpur,28-08-26,₹345,Aggregator
LCD Panel,Nagpur,28-08-26,₹42,Aggregator
Motor,Nagpur,28-08-26,₹61,Recycler
Magnet Assembly,Nagpur,28-08-26,₹91,Recycler
Metal,Nagpur,28-08-26,₹48,Aggregator
Plastic,Nagpur,28-08-26,₹19,Recycler
Glass,Nagpur,28-08-26,₹5,Recycler
PCB,Pune,28-08-26,₹412,Recycler
Battery,Pune,28-08-26,₹102,Aggregator
Mobile,Pune,28-08-26,₹220,Recycler
Keyboard,Pune,28-08-26,₹27,Recycler
Mouse,Pune,28-08-26,₹36,Aggregator
Printer,Pune,28-08-26,₹17,Recycler
Television,Pune,28-08-26,₹21,Aggregator
Washing Machine,Pune,28-08-26,₹21,Recycler
Microwave,Pune,28-08-26,₹16,Aggregator
Player,Pune,28-08-26,₹43,Recycler
Cable,Pune,28-08-26,₹400,Recycler
LCD Panel,Pune,28-08-26,₹44,Recycler
Motor,Pune,28-08-26,₹72,Recycler
Magnet Assembly,Pune,28-08-26,₹93,Aggregator
Metal,Pune,28-08-26,₹49,Market Survey
Plastic,Pune,28-08-26,₹18,Aggregator
Glass,Pune,28-08-26,₹5,Market Survey
PCB,Mumbai,28-08-26,₹461,Recycler
Battery,Mumbai,28-08-26,₹115,Recycler
Mobile,Mumbai,28-08-26,₹206,Aggregator
Keyboard,Mumbai,28-08-26,₹26,Recycler
Mouse,Mumbai,28-08-26,₹36,Aggregator
Printer,Mumbai,28-08-26,₹19,Market Survey
Television,Mumbai,28-08-26,₹21,Recycler
Washing Machine,Mumbai,28-08-26,₹21,Recycler
Microwave,Mumbai,28-08-26,₹17,Recycler
Player,Mumbai,28-08-26,₹49,Recycler
Cable,Mumbai,28-08-26,₹376,Recycler
LCD Panel,Mumbai,28-08-26,₹44,Aggregator
Motor,Mumbai,28-08-26,₹71,Recycler
Magnet Assembly,Mumbai,28-08-26,₹85,Recycler
Metal,Mumbai,28-08-26,₹50,Aggregator
Plastic,Mumbai,28-08-26,₹21,Recycler
Glass,Mumbai,28-08-26,₹5,Recycler
PCB,Delhi,28-08-26,₹426,Recycler
Battery,Delhi,28-08-26,₹111,Recycler
Mobile,Delhi,28-08-26,₹202,Recycler
Keyboard,Delhi,28-08-26,₹28,Recycler
Mouse,Delhi,28-08-26,₹36,Recycler
Printer,Delhi,28-08-26,₹19,Recycler
Television,Delhi,28-08-26,₹20,Aggregator
Washing Machine,Delhi,28-08-26,₹21,Recycler
Microwave,Delhi,28-08-26,₹17,Recycler
Player,Delhi,28-08-26,₹47,Aggregator
Cable,Delhi,28-08-26,₹406,Recycler
LCD Panel,Delhi,28-08-26,₹44,Aggregator
Motor,Delhi,28-08-26,₹73,Recycler
Magnet Assembly,Delhi,28-08-26,₹93,Recycler
Metal,Delhi,28-08-26,₹51,Recycler
Plastic,Delhi,28-08-26,₹19,Recycler
Glass,Delhi,28-08-26,₹5,Market Survey
PCB,Noida,28-08-26,₹411,Recycler
Battery,Noida,28-08-26,₹111,Recycler
Mobile,Noida,28-08-26,₹209,Recycler
Keyboard,Noida,28-08-26,₹26,Recycler
Mouse,Noida,28-08-26,₹35,Aggregator
Printer,Noida,28-08-26,₹16,Aggregator
Television,Noida,28-08-26,₹23,Recycler
Washing Machine,Noida,28-08-26,₹19,Aggregator
Microwave,Noida,28-08-26,₹16,Market Survey
Player,Noida,28-08-26,₹48,Recycler
Cable,Noida,28-08-26,₹415,Recycler
LCD Panel,Noida,28-08-26,₹44,Aggregator
Motor,Noida,28-08-26,₹72,Recycler
Magnet Assembly,Noida,28-08-26,₹90,Market Survey
Metal,Noida,28-08-26,₹53,Market Survey
Plastic,Noida,28-08-26,₹18,Recycler
Glass,Noida,28-08-26,₹5,Recycler
PCB,Jaipur,28-08-26,₹436,Aggregator
Battery,Jaipur,28-08-26,₹99,Recycler
Mobile,Jaipur,28-08-26,₹180,Recycler
Keyboard,Jaipur,28-08-26,₹27,Recycler
Mouse,Jaipur,28-08-26,₹36,Recycler
Printer,Jaipur,28-08-26,₹16,Recycler
Television,Jaipur,28-08-26,₹19,Aggregator
Washing Machine,Jaipur,28-08-26,₹18,Aggregator
Microwave,Jaipur,28-08-26,₹16,Recycler
Player,Jaipur,28-08-26,₹48,Recycler
Cable,Jaipur,28-08-26,₹401,Recycler
LCD Panel,Jaipur,28-08-26,₹43,Recycler
Motor,Jaipur,28-08-26,₹68,Recycler
Magnet Assembly,Jaipur,28-08-26,₹88,Recycler
Metal,Jaipur,28-08-26,₹49,Recycler
Plastic,Jaipur,28-08-26,₹17,Recycler
Glass,Jaipur,28-08-26,₹5,Market Survey
PCB,Ahmedabad,28-08-26,₹407,Recycler
Battery,Ahmedabad,28-08-26,₹107,Aggregator
Mobile,Ahmedabad,28-08-26,₹201,Recycler
Keyboard,Ahmedabad,28-08-26,₹26,Recycler
Mouse,Ahmedabad,28-08-26,₹34,Recycler
Printer,Ahmedabad,28-08-26,₹17,Recycler
Television,Ahmedabad,28-08-26,₹21,Recycler
Washing Machine,Ahmedabad,28-08-26,₹20,Market Survey
Microwave,Ahmedabad,28-08-26,₹16,Aggregator
Player,Ahmedabad,28-08-26,₹46,Recycler
Cable,Ahmedabad,28-08-26,₹355,Recycler
LCD Panel,Ahmedabad,28-08-26,₹42,Recycler
Motor,Ahmedabad,28-08-26,₹75,Aggregator
Magnet Assembly,Ahmedabad,28-08-26,₹90,Recycler
Metal,Ahmedabad,28-08-26,₹46,Aggregator
Plastic,Ahmedabad,28-08-26,₹19,Recycler
Glass,Ahmedabad,28-08-26,₹4,Aggregator
PCB,Bengaluru,28-08-26,₹404,Aggregator
Battery,Bengaluru,28-08-26,₹109,Aggregator
Mobile,Bengaluru,28-08-26,₹207,Recycler
Keyboard,Bengaluru,28-08-26,₹28,Aggregator
Mouse,Bengaluru,28-08-26,₹37,Recycler
Printer,Bengaluru,28-08-26,₹18,Recycler
Television,Bengaluru,28-08-26,₹21,Market Survey
Washing Machine,Bengaluru,28-08-26,₹20,Aggregator
Microwave,Bengaluru,28-08-26,₹16,Recycler
Player,Bengaluru,28-08-26,₹49,Recycler
Cable,Bengaluru,28-08-26,₹365,Aggregator
LCD Panel,Bengaluru,28-08-26,₹46,Recycler
Motor,Bengaluru,28-08-26,₹68,Aggregator
Magnet Assembly,Bengaluru,28-08-26,₹91,Recycler
Metal,Bengaluru,28-08-26,₹51,Recycler
Plastic,Bengaluru,28-08-26,₹19,Recycler
Glass,Bengaluru,28-08-26,₹5,Recycler
PCB,Hyderabad,28-08-26,₹421,Aggregator
Battery,Hyderabad,28-08-26,₹103,Recycler
Mobile,Hyderabad,28-08-26,₹204,Recycler
Keyboard,Hyderabad,28-08-26,₹27,Recycler
Mouse,Hyderabad,28-08-26,₹34,Recycler
Printer,Hyderabad,28-08-26,₹17,Recycler
Television,Hyderabad,28-08-26,₹21,Recycler
Washing Machine,Hyderabad,28-08-26,₹20,Aggregator
Microwave,Hyderabad,28-08-26,₹17,Recycler
Player,Hyderabad,28-08-26,₹48,Recycler
Cable,Hyderabad,28-08-26,₹352,Recycler
LCD Panel,Hyderabad,28-08-26,₹42,Recycler
Motor,Hyderabad,28-08-26,₹72,Recycler
Magnet Assembly,Hyderabad,28-08-26,₹96,Recycler
Metal,Hyderabad,28-08-26,₹51,Aggregator
Plastic,Hyderabad,28-08-26,₹19,Recycler
Glass,Hyderabad,28-08-26,₹5,Recycler
PCB,Chennai,28-08-26,₹385,Aggregator
Battery,Chennai,28-08-26,₹105,Aggregator
Mobile,Chennai,28-08-26,₹215,Recycler
Keyboard,Chennai,28-08-26,₹29,Recycler
Mouse,Chennai,28-08-26,₹35,Aggregator
Printer,Chennai,28-08-26,₹17,Recycler
Television,Chennai,28-08-26,₹22,Aggregator
Washing Machine,Chennai,28-08-26,₹22,Market Survey
Microwave,Chennai,28-08-26,₹17,Recycler
Player,Chennai,28-08-26,₹47,Recycler
Cable,Chennai,28-08-26,₹380,Recycler
LCD Panel,Chennai,28-08-26,₹44,Recycler
Motor,Chennai,28-08-26,₹70,Aggregator
Magnet Assembly,Chennai,28-08-26,₹95,Recycler
Metal,Chennai,28-08-26,₹52,Recycler
Plastic,Chennai,28-08-26,₹19,Recycler
Glass,Chennai,28-08-26,₹5,Recycler
PCB,Kolkata,28-08-26,₹415,Recycler
Battery,Kolkata,28-08-26,₹101,Recycler
Mobile,Kolkata,28-08-26,₹203,Recycler
Keyboard,Kolkata,28-08-26,₹25,Recycler
Mouse,Kolkata,28-08-26,₹36,Aggregator
Printer,Kolkata,28-08-26,₹16,Recycler
Television,Kolkata,28-08-26,₹18,Recycler
Washing Machine,Kolkata,28-08-26,₹19,Aggregator
Microwave,Kolkata,28-08-26,₹16,Recycler
Player,Kolkata,28-08-26,₹44,Recycler
Cable,Kolkata,28-08-26,₹378,Recycler
LCD Panel,Kolkata,28-08-26,₹42,Recycler
Motor,Kolkata,28-08-26,₹64,Aggregator
Magnet Assembly,Kolkata,28-08-26,₹94,Recycler
Metal,Kolkata,28-08-26,₹49,Aggregator
Plastic,Kolkata,28-08-26,₹18,Aggregator
Glass,Kolkata,28-08-26,₹4,Aggregator
PCB,Lucknow,28-08-26,₹376,Recycler
Battery,Lucknow,28-08-26,₹104,Market Survey
Mobile,Lucknow,28-08-26,₹185,Recycler
Keyboard,Lucknow,28-08-26,₹26,Recycler
Mouse,Lucknow,28-08-26,₹33,Recycler
Printer,Lucknow,28-08-26,₹17,Market Survey
Television,Lucknow,28-08-26,₹20,Recycler
Washing Machine,Lucknow,28-08-26,₹20,Market Survey
Microwave,Lucknow,28-08-26,₹14,Recycler
Player,Lucknow,28-08-26,₹45,Recycler
Cable,Lucknow,28-08-26,₹357,Aggregator
LCD Panel,Lucknow,28-08-26,₹40,Recycler
Motor,Lucknow,28-08-26,₹67,Recycler
Magnet Assembly,Lucknow,28-08-26,₹84,Recycler
Metal,Lucknow,28-08-26,₹48,Recycler
Plastic,Lucknow,28-08-26,₹18,Recycler
Glass,Lucknow,28-08-26,₹5,Aggregator
PCB,Bhopal,29-08-26,₹423,Aggregator
Battery,Bhopal,29-08-26,₹110,Recycler
Mobile,Bhopal,29-08-26,₹190,Aggregator
Keyboard,Bhopal,29-08-26,₹28,Recycler
Mouse,Bhopal,29-08-26,₹39,Recycler
Printer,Bhopal,29-08-26,₹19,Recycler
Television,Bhopal,29-08-26,₹21,Market Survey
Washing Machine,Bhopal,29-08-26,₹21,Market Survey
Microwave,Bhopal,29-08-26,₹17,Recycler
Player,Bhopal,29-08-26,₹47,Recycler
Cable,Bhopal,29-08-26,₹404,Aggregator
LCD Panel,Bhopal,29-08-26,₹46,Recycler
Motor,Bhopal,29-08-26,₹77,Recycler
Magnet Assembly,Bhopal,29-08-26,₹103,Recycler
Metal,Bhopal,29-08-26,₹54,Aggregator
Plastic,Bhopal,29-08-26,₹20,Recycler
Glass,Bhopal,29-08-26,₹5,Recycler
PCB,Indore,29-08-26,₹469,Recycler
Battery,Indore,29-08-26,₹106,Aggregator
Mobile,Indore,29-08-26,₹224,Recycler
Keyboard,Indore,29-08-26,₹29,Recycler
Mouse,Indore,29-08-26,₹37,Recycler
Printer,Indore,29-08-26,₹19,Recycler
Television,Indore,29-08-26,₹24,Aggregator
Washing Machine,Indore,29-08-26,₹20,Aggregator
Microwave,Indore,29-08-26,₹18,Recycler
Player,Indore,29-08-26,₹50,Market Survey
Cable,Indore,29-08-26,₹392,Recycler
LCD Panel,Indore,29-08-26,₹45,Recycler
Motor,Indore,29-08-26,₹72,Recycler
Magnet Assembly,Indore,29-08-26,₹98,Recycler
Metal,Indore,29-08-26,₹52,Market Survey
Plastic,Indore,29-08-26,₹20,Recycler
Glass,Indore,29-08-26,₹5,Aggregator
PCB,Raipur,29-08-26,₹455,Recycler
Battery,Raipur,29-08-26,₹107,Aggregator
Mobile,Raipur,29-08-26,₹214,Market Survey
Keyboard,Raipur,29-08-26,₹29,Recycler
Mouse,Raipur,29-08-26,₹40,Recycler
Printer,Raipur,29-08-26,₹18,Aggregator
Television,Raipur,29-08-26,₹22,Market Survey
Washing Machine,Raipur,29-08-26,₹20,Aggregator
Microwave,Raipur,29-08-26,₹16,Recycler
Player,Raipur,29-08-26,₹48,Recycler
Cable,Raipur,29-08-26,₹380,Aggregator
LCD Panel,Raipur,29-08-26,₹46,Aggregator
Motor,Raipur,29-08-26,₹71,Market Survey
Magnet Assembly,Raipur,29-08-26,₹90,Recycler
Metal,Raipur,29-08-26,₹51,Aggregator
Plastic,Raipur,29-08-26,₹20,Aggregator
Glass,Raipur,29-08-26,₹5,Recycler
PCB,Nagpur,29-08-26,₹456,Recycler
Battery,Nagpur,29-08-26,₹116,Market Survey
Mobile,Nagpur,29-08-26,₹222,Recycler
Keyboard,Nagpur,29-08-26,₹28,Recycler
Mouse,Nagpur,29-08-26,₹41,Market Survey
Printer,Nagpur,29-08-26,₹18,Aggregator
Television,Nagpur,29-08-26,₹24,Recycler
Washing Machine,Nagpur,29-08-26,₹22,Recycler
Microwave,Nagpur,29-08-26,₹18,Recycler
Player,Nagpur,29-08-26,₹46,Aggregator
Cable,Nagpur,29-08-26,₹410,Recycler
LCD Panel,Nagpur,29-08-26,₹48,Recycler
Motor,Nagpur,29-08-26,₹72,Recycler
Magnet Assembly,Nagpur,29-08-26,₹88,Recycler
Metal,Nagpur,29-08-26,₹49,Recycler
Plastic,Nagpur,29-08-26,₹21,Recycler
Glass,Nagpur,29-08-26,₹5,Market Survey
PCB,Pune,29-08-26,₹450,Recycler
Battery,Pune,29-08-26,₹113,Recycler
Mobile,Pune,29-08-26,₹243,Recycler
Keyboard,Pune,29-08-26,₹30,Recycler
Mouse,Pune,29-08-26,₹43,Recycler
Printer,Pune,29-08-26,₹20,Recycler
Television,Pune,29-08-26,₹24,Market Survey
Washing Machine,Pune,29-08-26,₹23,Recycler
Microwave,Pune,29-08-26,₹18,Aggregator
Player,Pune,29-08-26,₹53,Recycler
Cable,Pune,29-08-26,₹438,Recycler
LCD Panel,Pune,29-08-26,₹49,Aggregator
Motor,Pune,29-08-26,₹74,Aggregator
Magnet Assembly,Pune,29-08-26,₹111,Market Survey
Metal,Pune,29-08-26,₹60,Market Survey
Plastic,Pune,29-08-26,₹23,Recycler
Glass,Pune,29-08-26,₹5,Aggregator
PCB,Mumbai,29-08-26,₹435,Recycler
Battery,Mumbai,29-08-26,₹121,Recycler
Mobile,Mumbai,29-08-26,₹227,Aggregator
Keyboard,Mumbai,29-08-26,₹29,Aggregator
Mouse,Mumbai,29-08-26,₹44,Recycler
Printer,Mumbai,29-08-26,₹18,Aggregator
Television,Mumbai,29-08-26,₹25,Recycler
Washing Machine,Mumbai,29-08-26,₹23,Market Survey
Microwave,Mumbai,29-08-26,₹21,Recycler
Player,Mumbai,29-08-26,₹54,Recycler
Cable,Mumbai,29-08-26,₹429,Recycler
LCD Panel,Mumbai,29-08-26,₹48,Recycler
Motor,Mumbai,29-08-26,₹76,Aggregator
Magnet Assembly,Mumbai,29-08-26,₹105,Recycler
Metal,Mumbai,29-08-26,₹59,Aggregator
Plastic,Mumbai,29-08-26,₹23,Recycler
Glass,Mumbai,29-08-26,₹5,Recycler
PCB,Delhi,29-08-26,₹481,Recycler
Battery,Delhi,29-08-26,₹116,Recycler
Mobile,Delhi,29-08-26,₹231,Market Survey
Keyboard,Delhi,29-08-26,₹31,Recycler
Mouse,Delhi,29-08-26,₹43,Recycler
Printer,Delhi,29-08-26,₹20,Recycler
Television,Delhi,29-08-26,₹25,Recycler
Washing Machine,Delhi,29-08-26,₹25,Market Survey
Microwave,Delhi,29-08-26,₹19,Recycler
Player,Delhi,29-08-26,₹55,Market Survey
Cable,Delhi,29-08-26,₹418,Recycler
LCD Panel,Delhi,29-08-26,₹50,Recycler
Motor,Delhi,29-08-26,₹80,Recycler
Magnet Assembly,Delhi,29-08-26,₹105,Aggregator
Metal,Delhi,29-08-26,₹56,Recycler
Plastic,Delhi,29-08-26,₹21,Recycler
Glass,Delhi,29-08-26,₹6,Recycler
PCB,Noida,29-08-26,₹493,Recycler
Battery,Noida,29-08-26,₹121,Recycler
Mobile,Noida,29-08-26,₹236,Recycler
Keyboard,Noida,29-08-26,₹32,Recycler
Mouse,Noida,29-08-26,₹42,Market Survey
Printer,Noida,29-08-26,₹20,Recycler
Television,Noida,29-08-26,₹24,Market Survey
Washing Machine,Noida,29-08-26,₹23,Recycler
Microwave,Noida,29-08-26,₹18,Recycler
Player,Noida,29-08-26,₹49,Recycler
Cable,Noida,29-08-26,₹446,Recycler
LCD Panel,Noida,29-08-26,₹49,Recycler
Motor,Noida,29-08-26,₹79,Market Survey
Magnet Assembly,Noida,29-08-26,₹101,Aggregator
Metal,Noida,29-08-26,₹55,Aggregator
Plastic,Noida,29-08-26,₹22,Recycler
Glass,Noida,29-08-26,₹6,Recycler
PCB,Jaipur,29-08-26,₹435,Recycler
Battery,Jaipur,29-08-26,₹124,Market Survey
Mobile,Jaipur,29-08-26,₹201,Aggregator
Keyboard,Jaipur,29-08-26,₹30,Recycler
Mouse,Jaipur,29-08-26,₹40,Market Survey
Printer,Jaipur,29-08-26,₹19,Recycler
Television,Jaipur,29-08-26,₹23,Recycler
Washing Machine,Jaipur,29-08-26,₹21,Aggregator
Microwave,Jaipur,29-08-26,₹18,Market Survey
Player,Jaipur,29-08-26,₹50,Aggregator
Cable,Jaipur,29-08-26,₹425,Recycler
LCD Panel,Jaipur,29-08-26,₹45,Recycler
Motor,Jaipur,29-08-26,₹73,Recycler
Magnet Assembly,Jaipur,29-08-26,₹101,Recycler
Metal,Jaipur,29-08-26,₹55,Market Survey
Plastic,Jaipur,29-08-26,₹23,Recycler
Glass,Jaipur,29-08-26,₹5,Aggregator
PCB,Ahmedabad,29-08-26,₹449,Aggregator
Battery,Ahmedabad,29-08-26,₹126,Recycler
Mobile,Ahmedabad,29-08-26,₹226,Aggregator
Keyboard,Ahmedabad,29-08-26,₹30,Aggregator
Mouse,Ahmedabad,29-08-26,₹37,Aggregator
Printer,Ahmedabad,29-08-26,₹20,Recycler
Television,Ahmedabad,29-08-26,₹22,Aggregator
Washing Machine,Ahmedabad,29-08-26,₹22,Recycler
Microwave,Ahmedabad,29-08-26,₹18,Recycler
Player,Ahmedabad,29-08-26,₹51,Recycler
Cable,Ahmedabad,29-08-26,₹409,Recycler
LCD Panel,Ahmedabad,29-08-26,₹50,Recycler
Motor,Ahmedabad,29-08-26,₹79,Recycler
Magnet Assembly,Ahmedabad,29-08-26,₹103,Recycler
Metal,Ahmedabad,29-08-26,₹56,Market Survey
Plastic,Ahmedabad,29-08-26,₹20,Recycler
Glass,Ahmedabad,29-08-26,₹5,Aggregator
PCB,Bengaluru,29-08-26,₹477,Aggregator
Battery,Bengaluru,29-08-26,₹125,Recycler
Mobile,Bengaluru,29-08-26,₹219,Recycler
Keyboard,Bengaluru,29-08-26,₹32,Recycler
Mouse,Bengaluru,29-08-26,₹45,Recycler
Printer,Bengaluru,29-08-26,₹19,Aggregator
Television,Bengaluru,29-08-26,₹25,Aggregator
Washing Machine,Bengaluru,29-08-26,₹23,Aggregator
Microwave,Bengaluru,29-08-26,₹19,Recycler
Player,Bengaluru,29-08-26,₹52,Recycler
Cable,Bengaluru,29-08-26,₹429,Recycler
LCD Panel,Bengaluru,29-08-26,₹52,Recycler
Motor,Bengaluru,29-08-26,₹82,Recycler
Magnet Assembly,Bengaluru,29-08-26,₹107,Recycler
Metal,Bengaluru,29-08-26,₹55,Recycler
Plastic,Bengaluru,29-08-26,₹22,Recycler
Glass,Bengaluru,29-08-26,₹5,Market Survey
PCB,Hyderabad,29-08-26,₹474,Recycler
Battery,Hyderabad,29-08-26,₹113,Recycler
Mobile,Hyderabad,29-08-26,₹215,Aggregator
Keyboard,Hyderabad,29-08-26,₹31,Market Survey
Mouse,Hyderabad,29-08-26,₹42,Recycler
Printer,Hyderabad,29-08-26,₹20,Market Survey
Television,Hyderabad,29-08-26,₹25,Recycler
Washing Machine,Hyderabad,29-08-26,₹23,Recycler
Microwave,Hyderabad,29-08-26,₹18,Aggregator
Player,Hyderabad,29-08-26,₹54,Recycler
Cable,Hyderabad,29-08-26,₹425,Recycler
LCD Panel,Hyderabad,29-08-26,₹50,Aggregator
Motor,Hyderabad,29-08-26,₹78,Aggregator
Magnet Assembly,Hyderabad,29-08-26,₹97,Aggregator
Metal,Hyderabad,29-08-26,₹57,Market Survey
Plastic,Hyderabad,29-08-26,₹22,Market Survey
Glass,Hyderabad,29-08-26,₹5,Aggregator
PCB,Chennai,29-08-26,₹473,Recycler
Battery,Chennai,29-08-26,₹117,Recycler
Mobile,Chennai,29-08-26,₹221,Recycler
Keyboard,Chennai,29-08-26,₹29,Recycler
Mouse,Chennai,29-08-26,₹38,Aggregator
Printer,Chennai,29-08-26,₹19,Recycler
Television,Chennai,29-08-26,₹24,Recycler
Washing Machine,Chennai,29-08-26,₹21,Recycler
Microwave,Chennai,29-08-26,₹20,Recycler
Player,Chennai,29-08-26,₹50,Recycler
Cable,Chennai,29-08-26,₹434,Aggregator
LCD Panel,Chennai,29-08-26,₹49,Aggregator
Motor,Chennai,29-08-26,₹78,Recycler
Magnet Assembly,Chennai,29-08-26,₹97,Aggregator
Metal,Chennai,29-08-26,₹59,Recycler
Plastic,Chennai,29-08-26,₹22,Recycler
Glass,Chennai,29-08-26,₹6,Recycler
PCB,Kolkata,29-08-26,₹455,Recycler
Battery,Kolkata,29-08-26,₹117,Recycler
Mobile,Kolkata,29-08-26,₹226,Recycler
Keyboard,Kolkata,29-08-26,₹28,Recycler
Mouse,Kolkata,29-08-26,₹36,Aggregator
Printer,Kolkata,29-08-26,₹18,Aggregator
Television,Kolkata,29-08-26,₹23,Recycler
Washing Machine,Kolkata,29-08-26,₹23,Market Survey
Microwave,Kolkata,29-08-26,₹16,Aggregator
Player,Kolkata,29-08-26,₹51,Recycler
Cable,Kolkata,29-08-26,₹421,Recycler
LCD Panel,Kolkata,29-08-26,₹48,Recycler
Motor,Kolkata,29-08-26,₹76,Recycler
Magnet Assembly,Kolkata,29-08-26,₹99,Recycler
Metal,Kolkata,29-08-26,₹53,Aggregator
Plastic,Kolkata,29-08-26,₹20,Recycler
Glass,Kolkata,29-08-26,₹6,Market Survey
PCB,Lucknow,29-08-26,₹427,Recycler
Battery,Lucknow,29-08-26,₹105,Recycler
Mobile,Lucknow,29-08-26,₹229,Market Survey
Keyboard,Lucknow,29-08-26,₹29,Recycler
Mouse,Lucknow,29-08-26,₹39,Recycler
Printer,Lucknow,29-08-26,₹19,Recycler
Television,Lucknow,29-08-26,₹22,Aggregator
Washing Machine,Lucknow,29-08-26,₹21,Recycler
Microwave,Lucknow,29-08-26,₹16,Aggregator
Player,Lucknow,29-08-26,₹47,Aggregator
Cable,Lucknow,29-08-26,₹396,Aggregator
LCD Panel,Lucknow,29-08-26,₹47,Recycler
Motor,Lucknow,29-08-26,₹68,Recycler
Magnet Assembly,Lucknow,29-08-26,₹98,Recycler
Metal,Lucknow,29-08-26,₹54,Aggregator
Plastic,Lucknow,29-08-26,₹19,Recycler
Glass,Lucknow,29-08-26,₹5,Aggregator
PCB,Bhopal,30-08-26,₹410,Recycler
Battery,Bhopal,30-08-26,₹96,Recycler
Mobile,Bhopal,30-08-26,₹189,Aggregator
Keyboard,Bhopal,30-08-26,₹27,Recycler
Mouse,Bhopal,30-08-26,₹35,Recycler
Printer,Bhopal,30-08-26,₹17,Recycler
Television,Bhopal,30-08-26,₹22,Recycler
Washing Machine,Bhopal,30-08-26,₹19,Recycler
Microwave,Bhopal,30-08-26,₹15,Market Survey
Player,Bhopal,30-08-26,₹42,Aggregator
Cable,Bhopal,30-08-26,₹370,Aggregator
LCD Panel,Bhopal,30-08-26,₹43,Recycler
Motor,Bhopal,30-08-26,₹69,Recycler
Magnet Assembly,Bhopal,30-08-26,₹91,Recycler
Metal,Bhopal,30-08-26,₹43,Aggregator
Plastic,Bhopal,30-08-26,₹19,Market Survey
Glass,Bhopal,30-08-26,₹4,Aggregator
PCB,Indore,30-08-26,₹381,Aggregator
Battery,Indore,30-08-26,₹105,Recycler
Mobile,Indore,30-08-26,₹206,Recycler
Keyboard,Indore,30-08-26,₹27,Recycler
Mouse,Indore,30-08-26,₹36,Recycler
Printer,Indore,30-08-26,₹16,Recycler
Television,Indore,30-08-26,₹20,Recycler
Washing Machine,Indore,30-08-26,₹18,Aggregator
Microwave,Indore,30-08-26,₹15,Recycler
Player,Indore,30-08-26,₹46,Recycler
Cable,Indore,30-08-26,₹350,Market Survey
LCD Panel,Indore,30-08-26,₹42,Aggregator
Motor,Indore,30-08-26,₹65,Aggregator
Magnet Assembly,Indore,30-08-26,₹88,Recycler
Metal,Indore,30-08-26,₹49,Recycler
Plastic,Indore,30-08-26,₹18,Recycler
Glass,Indore,30-08-26,₹5,Recycler
PCB,Raipur,30-08-26,₹360,Recycler
Battery,Raipur,30-08-26,₹106,Recycler
Mobile,Raipur,30-08-26,₹179,Recycler
Keyboard,Raipur,30-08-26,₹26,Recycler
Mouse,Raipur,30-08-26,₹33,Aggregator
Printer,Raipur,30-08-26,₹17,Market Survey
Television,Raipur,30-08-26,₹20,Market Survey
Washing Machine,Raipur,30-08-26,₹18,Recycler
Microwave,Raipur,30-08-26,₹15,Recycler
Player,Raipur,30-08-26,₹44,Aggregator
Cable,Raipur,30-08-26,₹347,Recycler
LCD Panel,Raipur,30-08-26,₹41,Market Survey
Motor,Raipur,30-08-26,₹66,Aggregator
Magnet Assembly,Raipur,30-08-26,₹85,Recycler
Metal,Raipur,30-08-26,₹47,Recycler
Plastic,Raipur,30-08-26,₹18,Aggregator
Glass,Raipur,30-08-26,₹4,Recycler
PCB,Nagpur,30-08-26,₹386,Recycler
Battery,Nagpur,30-08-26,₹107,Recycler
Mobile,Nagpur,30-08-26,₹186,Recycler
Keyboard,Nagpur,30-08-26,₹25,Aggregator
Mouse,Nagpur,30-08-26,₹38,Recycler
Printer,Nagpur,30-08-26,₹17,Recycler
Television,Nagpur,30-08-26,₹18,Aggregator
Washing Machine,Nagpur,30-08-26,₹20,Recycler
Microwave,Nagpur,30-08-26,₹15,Recycler
Player,Nagpur,30-08-26,₹41,Aggregator
Cable,Nagpur,30-08-26,₹371,Recycler
LCD Panel,Nagpur,30-08-26,₹43,Recycler
Motor,Nagpur,30-08-26,₹70,Market Survey
Magnet Assembly,Nagpur,30-08-26,₹88,Aggregator
Metal,Nagpur,30-08-26,₹50,Recycler
Plastic,Nagpur,30-08-26,₹19,Recycler
Glass,Nagpur,30-08-26,₹4,Aggregator
PCB,Pune,30-08-26,₹415,Recycler
Battery,Pune,30-08-26,₹100,Recycler
Mobile,Pune,30-08-26,₹205,Recycler
Keyboard,Pune,30-08-26,₹27,Aggregator
Mouse,Pune,30-08-26,₹35,Aggregator
Printer,Pune,30-08-26,₹18,Recycler
Television,Pune,30-08-26,₹20,Aggregator
Washing Machine,Pune,30-08-26,₹20,Aggregator
Microwave,Pune,30-08-26,₹17,Recycler
Player,Pune,30-08-26,₹48,Aggregator
Cable,Pune,30-08-26,₹379,Recycler
LCD Panel,Pune,30-08-26,₹42,Aggregator
Motor,Pune,30-08-26,₹73,Recycler
Magnet Assembly,Pune,30-08-26,₹97,Recycler
Metal,Pune,30-08-26,₹48,Recycler
Plastic,Pune,30-08-26,₹19,Aggregator
Glass,Pune,30-08-26,₹5,Recycler
PCB,Mumbai,30-08-26,₹446,Recycler
Battery,Mumbai,30-08-26,₹109,Market Survey
Mobile,Mumbai,30-08-26,₹218,Recycler
Keyboard,Mumbai,30-08-26,₹28,Aggregator
Mouse,Mumbai,30-08-26,₹39,Aggregator
Printer,Mumbai,30-08-26,₹18,Recycler
Television,Mumbai,30-08-26,₹23,Aggregator
Washing Machine,Mumbai,30-08-26,₹23,Recycler
Microwave,Mumbai,30-08-26,₹17,Aggregator
Player,Mumbai,30-08-26,₹48,Market Survey
Cable,Mumbai,30-08-26,₹418,Market Survey
LCD Panel,Mumbai,30-08-26,₹44,Aggregator
Motor,Mumbai,30-08-26,₹76,Recycler
Magnet Assembly,Mumbai,30-08-26,₹95,Recycler
Metal,Mumbai,30-08-26,₹54,Recycler
Plastic,Mumbai,30-08-26,₹20,Recycler
Glass,Mumbai,30-08-26,₹5,Recycler
PCB,Delhi,30-08-26,₹457,Market Survey
Battery,Delhi,30-08-26,₹105,Recycler
Mobile,Delhi,30-08-26,₹218,Recycler
Keyboard,Delhi,30-08-26,₹28,Recycler
Mouse,Delhi,30-08-26,₹38,Recycler
Printer,Delhi,30-08-26,₹18,Recycler
Television,Delhi,30-08-26,₹23,Recycler
Washing Machine,Delhi,30-08-26,₹20,Recycler
Microwave,Delhi,30-08-26,₹16,Aggregator
Player,Delhi,30-08-26,₹48,Recycler
Cable,Delhi,30-08-26,₹391,Recycler
LCD Panel,Delhi,30-08-26,₹44,Aggregator
Motor,Delhi,30-08-26,₹73,Aggregator
Magnet Assembly,Delhi,30-08-26,₹100,Recycler
Metal,Delhi,30-08-26,₹51,Recycler
Plastic,Delhi,30-08-26,₹20,Recycler
Glass,Delhi,30-08-26,₹5,Recycler
PCB,Noida,30-08-26,₹426,Recycler
Battery,Noida,30-08-26,₹109,Recycler
Mobile,Noida,30-08-26,₹199,Aggregator
Keyboard,Noida,30-08-26,₹28,Recycler
Mouse,Noida,30-08-26,₹35,Aggregator
Printer,Noida,30-08-26,₹16,Aggregator
Television,Noida,30-08-26,₹21,Aggregator
Washing Machine,Noida,30-08-26,₹20,Recycler
Microwave,Noida,30-08-26,₹17,Recycler
Player,Noida,30-08-26,₹48,Recycler
Cable,Noida,30-08-26,₹363,Recycler
LCD Panel,Noida,30-08-26,₹44,Recycler
Motor,Noida,30-08-26,₹69,Market Survey
Magnet Assembly,Noida,30-08-26,₹88,Market Survey
Metal,Noida,30-08-26,₹50,Market Survey
Plastic,Noida,30-08-26,₹20,Recycler
Glass,Noida,30-08-26,₹5,Aggregator
PCB,Jaipur,30-08-26,₹427,Recycler
Battery,Jaipur,30-08-26,₹104,Recycler
Mobile,Jaipur,30-08-26,₹196,Aggregator
Keyboard,Jaipur,30-08-26,₹27,Recycler
Mouse,Jaipur,30-08-26,₹37,Market Survey
Printer,Jaipur,30-08-26,₹18,Market Survey
Television,Jaipur,30-08-26,₹20,Aggregator
Washing Machine,Jaipur,30-08-26,₹20,Recycler
Microwave,Jaipur,30-08-26,₹16,Recycler
Player,Jaipur,30-08-26,₹43,Aggregator
Cable,Jaipur,30-08-26,₹364,Market Survey
LCD Panel,Jaipur,30-08-26,₹41,Aggregator
Motor,Jaipur,30-08-26,₹68,Market Survey
Magnet Assembly,Jaipur,30-08-26,₹90,Recycler
Metal,Jaipur,30-08-26,₹50,Recycler
Plastic,Jaipur,30-08-26,₹19,Recycler
Glass,Jaipur,30-08-26,₹5,Recycler
PCB,Ahmedabad,30-08-26,₹391,Recycler
Battery,Ahmedabad,30-08-26,₹107,Recycler
Mobile,Ahmedabad,30-08-26,₹208,Recycler
Keyboard,Ahmedabad,30-08-26,₹27,Aggregator
Mouse,Ahmedabad,30-08-26,₹36,Market Survey
Printer,Ahmedabad,30-08-26,₹18,Recycler
Television,Ahmedabad,30-08-26,₹21,Recycler
Washing Machine,Ahmedabad,30-08-26,₹20,Aggregator
Microwave,Ahmedabad,30-08-26,₹15,Recycler
Player,Ahmedabad,30-08-26,₹44,Recycler
Cable,Ahmedabad,30-08-26,₹347,Aggregator
LCD Panel,Ahmedabad,30-08-26,₹42,Aggregator
Motor,Ahmedabad,30-08-26,₹72,Recycler
Magnet Assembly,Ahmedabad,30-08-26,₹95,Recycler
Metal,Ahmedabad,30-08-26,₹49,Recycler
Plastic,Ahmedabad,30-08-26,₹19,Recycler
Glass,Ahmedabad,30-08-26,₹5,Aggregator
PCB,Bengaluru,30-08-26,₹459,Market Survey
Battery,Bengaluru,30-08-26,₹108,Aggregator
Mobile,Bengaluru,30-08-26,₹209,Recycler
Keyboard,Bengaluru,30-08-26,₹28,Aggregator
Mouse,Bengaluru,30-08-26,₹38,Market Survey
Printer,Bengaluru,30-08-26,₹17,Aggregator
Television,Bengaluru,30-08-26,₹23,Aggregator
Washing Machine,Bengaluru,30-08-26,₹22,Recycler
Microwave,Bengaluru,30-08-26,₹17,Market Survey
Player,Bengaluru,30-08-26,₹53,Market Survey
Cable,Bengaluru,30-08-26,₹392,Recycler
LCD Panel,Bengaluru,30-08-26,₹46,Aggregator
Motor,Bengaluru,30-08-26,₹70,Recycler
Magnet Assembly,Bengaluru,30-08-26,₹90,Recycler
Metal,Bengaluru,30-08-26,₹47,Aggregator
Plastic,Bengaluru,30-08-26,₹20,Aggregator
Glass,Bengaluru,30-08-26,₹5,Recycler
PCB,Hyderabad,30-08-26,₹422,Recycler
Battery,Hyderabad,30-08-26,₹103,Aggregator
Mobile,Hyderabad,30-08-26,₹197,Recycler
Keyboard,Hyderabad,30-08-26,₹28,Aggregator
Mouse,Hyderabad,30-08-26,₹37,Market Survey
Printer,Hyderabad,30-08-26,₹19,Recycler
Television,Hyderabad,30-08-26,₹21,Recycler
Washing Machine,Hyderabad,30-08-26,₹19,Market Survey
Microwave,Hyderabad,30-08-26,₹16,Recycler
Player,Hyderabad,30-08-26,₹45,Aggregator
Cable,Hyderabad,30-08-26,₹389,Aggregator
LCD Panel,Hyderabad,30-08-26,₹46,Market Survey
Motor,Hyderabad,30-08-26,₹70,Recycler
Magnet Assembly,Hyderabad,30-08-26,₹88,Recycler
Metal,Hyderabad,30-08-26,₹47,Aggregator
Plastic,Hyderabad,30-08-26,₹20,Recycler
Glass,Hyderabad,30-08-26,₹5,Recycler
PCB,Chennai,30-08-26,₹417,Aggregator
Battery,Chennai,30-08-26,₹108,Recycler
Mobile,Chennai,30-08-26,₹210,Recycler
Keyboard,Chennai,30-08-26,₹25,Aggregator
Mouse,Chennai,30-08-26,₹36,Recycler
Printer,Chennai,30-08-26,₹17,Recycler
Television,Chennai,30-08-26,₹22,Recycler
Washing Machine,Chennai,30-08-26,₹20,Recycler
Microwave,Chennai,30-08-26,₹16,Aggregator
Player,Chennai,30-08-26,₹45,Recycler
Cable,Chennai,30-08-26,₹362,Aggregator
LCD Panel,Chennai,30-08-26,₹44,Aggregator
Motor,Chennai,30-08-26,₹70,Recycler
Magnet Assembly,Chennai,30-08-26,₹94,Market Survey
Metal,Chennai,30-08-26,₹45,Aggregator
Plastic,Chennai,30-08-26,₹19,Aggregator
Glass,Chennai,30-08-26,₹5,Recycler
PCB,Kolkata,30-08-26,₹398,Aggregator
Battery,Kolkata,30-08-26,₹104,Recycler
Mobile,Kolkata,30-08-26,₹210,Recycler
Keyboard,Kolkata,30-08-26,₹26,Recycler
Mouse,Kolkata,30-08-26,₹34,Recycler
Printer,Kolkata,30-08-26,₹16,Market Survey
Television,Kolkata,30-08-26,₹20,Aggregator
Washing Machine,Kolkata,30-08-26,₹20,Recycler
Microwave,Kolkata,30-08-26,₹15,Market Survey
Player,Kolkata,30-08-26,₹43,Recycler
Cable,Kolkata,30-08-26,₹362,Recycler
LCD Panel,Kolkata,30-08-26,₹41,Recycler
Motor,Kolkata,30-08-26,₹69,Market Survey
Magnet Assembly,Kolkata,30-08-26,₹84,Aggregator
Metal,Kolkata,30-08-26,₹50,Recycler
Plastic,Kolkata,30-08-26,₹18,Aggregator
Glass,Kolkata,30-08-26,₹5,Market Survey
PCB,Lucknow,30-08-26,₹394,Recycler
Battery,Lucknow,30-08-26,₹101,Recycler
Mobile,Lucknow,30-08-26,₹195,Recycler
Keyboard,Lucknow,30-08-26,₹27,Market Survey
Mouse,Lucknow,30-08-26,₹35,Recycler
Printer,Lucknow,30-08-26,₹17,Recycler
Television,Lucknow,30-08-26,₹20,Aggregator
Washing Machine,Lucknow,30-08-26,₹18,Aggregator
Microwave,Lucknow,30-08-26,₹14,Recycler
Player,Lucknow,30-08-26,₹42,Recycler
Cable,Lucknow,30-08-26,₹346,Recycler
LCD Panel,Lucknow,30-08-26,₹42,Recycler
Motor,Lucknow,30-08-26,₹68,Market Survey
Magnet Assembly,Lucknow,30-08-26,₹88,Recycler
Metal,Lucknow,30-08-26,₹45,Aggregator
Plastic,Lucknow,30-08-26,₹18,Recycler
Glass,Lucknow,30-08-26,₹5,Recycler
PCB,Bhopal,31-08-26,₹410,Recycler
Battery,Bhopal,31-08-26,₹96,Recycler
Mobile,Bhopal,31-08-26,₹189,Recycler
Keyboard,Bhopal,31-08-26,₹27,Aggregator
Mouse,Bhopal,31-08-26,₹32,Recycler
Printer,Bhopal,31-08-26,₹15,Aggregator
Television,Bhopal,31-08-26,₹22,Recycler
Washing Machine,Bhopal,31-08-26,₹20,Market Survey
Microwave,Bhopal,31-08-26,₹14,Recycler
Player,Bhopal,31-08-26,₹44,Recycler
Cable,Bhopal,31-08-26,₹340,Aggregator
LCD Panel,Bhopal,31-08-26,₹42,Aggregator
Motor,Bhopal,31-08-26,₹68,Recycler
Magnet Assembly,Bhopal,31-08-26,₹86,Recycler
Metal,Bhopal,31-08-26,₹46,Recycler
Plastic,Bhopal,31-08-26,₹18,Recycler
Glass,Bhopal,31-08-26,₹5,Recycler
PCB,Indore,31-08-26,₹417,Recycler
Battery,Indore,31-08-26,₹102,Recycler
Mobile,Indore,31-08-26,₹190,Aggregator
Keyboard,Indore,31-08-26,₹26,Aggregator
Mouse,Indore,31-08-26,₹33,Aggregator
Printer,Indore,31-08-26,₹16,Recycler
Television,Indore,31-08-26,₹20,Market Survey
Washing Machine,Indore,31-08-26,₹19,Market Survey
Microwave,Indore,31-08-26,₹15,Aggregator
Player,Indore,31-08-26,₹43,Recycler
Cable,Indore,31-08-26,₹381,Market Survey
LCD Panel,Indore,31-08-26,₹42,Recycler
Motor,Indore,31-08-26,₹63,Market Survey
Magnet Assembly,Indore,31-08-26,₹88,Aggregator
Metal,Indore,31-08-26,₹52,Recycler
Plastic,Indore,31-08-26,₹19,Recycler
Glass,Indore,31-08-26,₹5,Recycler
PCB,Raipur,31-08-26,₹380,Recycler
Battery,Raipur,31-08-26,₹98,Aggregator
Mobile,Raipur,31-08-26,₹187,Recycler
Keyboard,Raipur,31-08-26,₹24,Recycler
Mouse,Raipur,31-08-26,₹33,Recycler
Printer,Raipur,31-08-26,₹16,Aggregator
Television,Raipur,31-08-26,₹20,Aggregator
Washing Machine,Raipur,31-08-26,₹19,Market Survey
Microwave,Raipur,31-08-26,₹15,Recycler
Player,Raipur,31-08-26,₹42,Aggregator
Cable,Raipur,31-08-26,₹347,Recycler
LCD Panel,Raipur,31-08-26,₹42,Market Survey
Motor,Raipur,31-08-26,₹61,Aggregator
Magnet Assembly,Raipur,31-08-26,₹87,Market Survey
Metal,Raipur,31-08-26,₹44,Aggregator
Plastic,Raipur,31-08-26,₹19,Recycler
Glass,Raipur,31-08-26,₹5,Recycler
PCB,Nagpur,31-08-26,₹412,Aggregator
Battery,Nagpur,31-08-26,₹98,Market Survey
Mobile,Nagpur,31-08-26,₹194,Aggregator
Keyboard,Nagpur,31-08-26,₹26,Recycler
Mouse,Nagpur,31-08-26,₹35,Recycler
Printer,Nagpur,31-08-26,₹18,Recycler
Television,Nagpur,31-08-26,₹20,Aggregator
Washing Machine,Nagpur,31-08-26,₹18,Recycler
Microwave,Nagpur,31-08-26,₹16,Recycler
Player,Nagpur,31-08-26,₹46,Recycler
Cable,Nagpur,31-08-26,₹377,Recycler
LCD Panel,Nagpur,31-08-26,₹44,Recycler
Motor,Nagpur,31-08-26,₹67,Aggregator
Magnet Assembly,Nagpur,31-08-26,₹85,Aggregator
Metal,Nagpur,31-08-26,₹47,Recycler
Plastic,Nagpur,31-08-26,₹20,Market Survey
Glass,Nagpur,31-08-26,₹4,Aggregator
PCB,Pune,31-08-26,₹433,Market Survey
Battery,Pune,31-08-26,₹106,Recycler
Mobile,Pune,31-08-26,₹195,Recycler
Keyboard,Pune,31-08-26,₹28,Recycler
Mouse,Pune,31-08-26,₹38,Market Survey
Printer,Pune,31-08-26,₹18,Recycler
Television,Pune,31-08-26,₹22,Recycler
Washing Machine,Pune,31-08-26,₹22,Recycler
Microwave,Pune,31-08-26,₹17,Market Survey
Player,Pune,31-08-26,₹47,Aggregator
Cable,Pune,31-08-26,₹396,Recycler
LCD Panel,Pune,31-08-26,₹46,Market Survey
Motor,Pune,31-08-26,₹69,Aggregator
Magnet Assembly,Pune,31-08-26,₹87,Recycler
Metal,Pune,31-08-26,₹54,Recycler
Plastic,Pune,31-08-26,₹21,Recycler
Glass,Pune,31-08-26,₹5,Market Survey
PCB,Mumbai,31-08-26,₹447,Recycler
Battery,Mumbai,31-08-26,₹109,Recycler
Mobile,Mumbai,31-08-26,₹205,Recycler
Keyboard,Mumbai,31-08-26,₹28,Aggregator
Mouse,Mumbai,31-08-26,₹40,Market Survey
Printer,Mumbai,31-08-26,₹18,Aggregator
Television,Mumbai,31-08-26,₹22,Aggregator
Washing Machine,Mumbai,31-08-26,₹21,Recycler
Microwave,Mumbai,31-08-26,₹16,Aggregator
Player,Mumbai,31-08-26,₹49,Recycler
Cable,Mumbai,31-08-26,₹356,Aggregator
LCD Panel,Mumbai,31-08-26,₹48,Recycler
Motor,Mumbai,31-08-26,₹73,Aggregator
Magnet Assembly,Mumbai,31-08-26,₹98,Recycler
Metal,Mumbai,31-08-26,₹51,Aggregator
Plastic,Mumbai,31-08-26,₹21,Aggregator
Glass,Mumbai,31-08-26,₹5,Recycler
PCB,Delhi,31-08-26,₹425,Recycler
Battery,Delhi,31-08-26,₹108,Recycler
Mobile,Delhi,31-08-26,₹210,Market Survey
Keyboard,Delhi,31-08-26,₹28,Recycler
Mouse,Delhi,31-08-26,₹39,Aggregator
Printer,Delhi,31-08-26,₹17,Recycler
Television,Delhi,31-08-26,₹22,Recycler
Washing Machine,Delhi,31-08-26,₹21,Aggregator
Microwave,Delhi,31-08-26,₹18,Market Survey
Player,Delhi,31-08-26,₹48,Recycler
Cable,Delhi,31-08-26,₹435,Recycler
LCD Panel,Delhi,31-08-26,₹46,Recycler
Motor,Delhi,31-08-26,₹74,Market Survey
Magnet Assembly,Delhi,31-08-26,₹92,Recycler
Metal,Delhi,31-08-26,₹53,Market Survey
Plastic,Delhi,31-08-26,₹20,Recycler
Glass,Delhi,31-08-26,₹5,Recycler
PCB,Noida,31-08-26,₹420,Recycler
Battery,Noida,31-08-26,₹107,Recycler
Mobile,Noida,31-08-26,₹205,Aggregator
Keyboard,Noida,31-08-26,₹26,Aggregator
Mouse,Noida,31-08-26,₹37,Recycler
Printer,Noida,31-08-26,₹18,Recycler
Television,Noida,31-08-26,₹22,Aggregator
Washing Machine,Noida,31-08-26,₹22,Recycler
Microwave,Noida,31-08-26,₹17,Aggregator
Player,Noida,31-08-26,₹47,Recycler
Cable,Noida,31-08-26,₹409,Recycler
LCD Panel,Noida,31-08-26,₹42,Recycler
Motor,Noida,31-08-26,₹67,Recycler
Magnet Assembly,Noida,31-08-26,₹94,Market Survey
Metal,Noida,31-08-26,₹51,Aggregator
Plastic,Noida,31-08-26,₹21,Recycler
Glass,Noida,31-08-26,₹5,Aggregator
PCB,Jaipur,31-08-26,₹397,Recycler
Battery,Jaipur,31-08-26,₹106,Aggregator
Mobile,Jaipur,31-08-26,₹197,Recycler
Keyboard,Jaipur,31-08-26,₹26,Recycler
Mouse,Jaipur,31-08-26,₹37,Aggregator
Printer,Jaipur,31-08-26,₹17,Market Survey
Television,Jaipur,31-08-26,₹21,Recycler
Washing Machine,Jaipur,31-08-26,₹20,Aggregator
Microwave,Jaipur,31-08-26,₹16,Recycler
Player,Jaipur,31-08-26,₹40,Aggregator
Cable,Jaipur,31-08-26,₹374,Recycler
LCD Panel,Jaipur,31-08-26,₹42,Market Survey
Motor,Jaipur,31-08-26,₹66,Recycler
Magnet Assembly,Jaipur,31-08-26,₹89,Aggregator
Metal,Jaipur,31-08-26,₹51,Aggregator
Plastic,Jaipur,31-08-26,₹19,Aggregator
Glass,Jaipur,31-08-26,₹5,Recycler
PCB,Ahmedabad,31-08-26,₹426,Recycler
Battery,Ahmedabad,31-08-26,₹109,Recycler
Mobile,Ahmedabad,31-08-26,₹189,Recycler
Keyboard,Ahmedabad,31-08-26,₹27,Aggregator
Mouse,Ahmedabad,31-08-26,₹41,Recycler
Printer,Ahmedabad,31-08-26,₹18,Recycler
Television,Ahmedabad,31-08-26,₹21,Recycler
Washing Machine,Ahmedabad,31-08-26,₹20,Aggregator
Microwave,Ahmedabad,31-08-26,₹16,Recycler
Player,Ahmedabad,31-08-26,₹46,Recycler
Cable,Ahmedabad,31-08-26,₹360,Aggregator
LCD Panel,Ahmedabad,31-08-26,₹44,Recycler
Motor,Ahmedabad,31-08-26,₹71,Recycler
Magnet Assembly,Ahmedabad,31-08-26,₹95,Recycler
Metal,Ahmedabad,31-08-26,₹52,Recycler
Plastic,Ahmedabad,31-08-26,₹21,Recycler
Glass,Ahmedabad,31-08-26,₹5,Recycler
PCB,Bengaluru,31-08-26,₹430,Recycler
Battery,Bengaluru,31-08-26,₹101,Aggregator
Mobile,Bengaluru,31-08-26,₹205,Recycler
Keyboard,Bengaluru,31-08-26,₹30,Recycler
Mouse,Bengaluru,31-08-26,₹39,Aggregator
Printer,Bengaluru,31-08-26,₹18,Recycler
Television,Bengaluru,31-08-26,₹22,Recycler
Washing Machine,Bengaluru,31-08-26,₹21,Recycler
Microwave,Bengaluru,31-08-26,₹18,Recycler
Player,Bengaluru,31-08-26,₹43,Aggregator
Cable,Bengaluru,31-08-26,₹400,Recycler
LCD Panel,Bengaluru,31-08-26,₹46,Recycler
Motor,Bengaluru,31-08-26,₹70,Recycler
Magnet Assembly,Bengaluru,31-08-26,₹96,Recycler
Metal,Bengaluru,31-08-26,₹53,Recycler
Plastic,Bengaluru,31-08-26,₹20,Recycler
Glass,Bengaluru,31-08-26,₹5,Recycler
PCB,Hyderabad,31-08-26,₹436,Recycler
Battery,Hyderabad,31-08-26,₹114,Recycler
Mobile,Hyderabad,31-08-26,₹220,Recycler
Keyboard,Hyderabad,31-08-26,₹28,Recycler
Mouse,Hyderabad,31-08-26,₹34,Aggregator
Printer,Hyderabad,31-08-26,₹18,Recycler
Television,Hyderabad,31-08-26,₹21,Recycler
Washing Machine,Hyderabad,31-08-26,₹19,Aggregator
Microwave,Hyderabad,31-08-26,₹16,Recycler
Player,Hyderabad,31-08-26,₹48,Recycler
Cable,Hyderabad,31-08-26,₹383,Recycler
LCD Panel,Hyderabad,31-08-26,₹42,Aggregator
Motor,Hyderabad,31-08-26,₹70,Recycler
Magnet Assembly,Hyderabad,31-08-26,₹94,Recycler
Metal,Hyderabad,31-08-26,₹47,Recycler
Plastic,Hyderabad,31-08-26,₹20,Aggregator
Glass,Hyderabad,31-08-26,₹5,Aggregator
PCB,Chennai,31-08-26,₹425,Market Survey
Battery,Chennai,31-08-26,₹112,Recycler
Mobile,Chennai,31-08-26,₹204,Recycler
Keyboard,Chennai,31-08-26,₹29,Recycler
Mouse,Chennai,31-08-26,₹37,Aggregator
Printer,Chennai,31-08-26,₹19,Recycler
Television,Chennai,31-08-26,₹22,Recycler
Washing Machine,Chennai,31-08-26,₹21,Aggregator
Microwave,Chennai,31-08-26,₹17,Aggregator
Player,Chennai,31-08-26,₹46,Aggregator
Cable,Chennai,31-08-26,₹412,Market Survey
LCD Panel,Chennai,31-08-26,₹46,Recycler
Motor,Chennai,31-08-26,₹74,Aggregator
Magnet Assembly,Chennai,31-08-26,₹96,Recycler
Metal,Chennai,31-08-26,₹53,Recycler
Plastic,Chennai,31-08-26,₹21,Market Survey
Glass,Chennai,31-08-26,₹5,Recycler
PCB,Kolkata,31-08-26,₹416,Recycler
Battery,Kolkata,31-08-26,₹105,Aggregator
Mobile,Kolkata,31-08-26,₹208,Recycler
Keyboard,Kolkata,31-08-26,₹27,Aggregator
Mouse,Kolkata,31-08-26,₹37,Recycler
Printer,Kolkata,31-08-26,₹17,Aggregator
Television,Kolkata,31-08-26,₹20,Recycler
Washing Machine,Kolkata,31-08-26,₹19,Aggregator
Microwave,Kolkata,31-08-26,₹16,Recycler
Player,Kolkata,31-08-26,₹43,Recycler
Cable,Kolkata,31-08-26,₹365,Aggregator
LCD Panel,Kolkata,31-08-26,₹40,Aggregator
Motor,Kolkata,31-08-26,₹71,Aggregator
Magnet Assembly,Kolkata,31-08-26,₹90,Recycler
Metal,Kolkata,31-08-26,₹52,Market Survey
Plastic,Kolkata,31-08-26,₹19,Recycler
Glass,Kolkata,31-08-26,₹5,Recycler
PCB,Lucknow,31-08-26,₹391,Aggregator
Battery,Lucknow,31-08-26,₹99,Recycler
Mobile,Lucknow,31-08-26,₹206,Recycler
Keyboard,Lucknow,31-08-26,₹26,Recycler
Mouse,Lucknow,31-08-26,₹37,Recycler
Printer,Lucknow,31-08-26,₹16,Recycler
Television,Lucknow,31-08-26,₹20,Recycler
Washing Machine,Lucknow,31-08-26,₹20,Recycler
Microwave,Lucknow,31-08-26,₹16,Recycler
Player,Lucknow,31-08-26,₹43,Aggregator
Cable,Lucknow,31-08-26,₹350,Recycler
LCD Panel,Lucknow,31-08-26,₹38,Aggregator
Motor,Lucknow,31-08-26,₹61,Recycler
Magnet Assembly,Lucknow,31-08-26,₹90,Aggregator
Metal,Lucknow,31-08-26,₹48,Recycler
Plastic,Lucknow,31-08-26,₹17,Recycler
Glass,Lucknow,31-08-26,₹5,Recycler
PCB,Bhopal,01-09-26,₹390,Aggregator
Battery,Bhopal,01-09-26,₹103,Recycler
Mobile,Bhopal,01-09-26,₹200,Market Survey
Keyboard,Bhopal,01-09-26,₹28,Recycler
Mouse,Bhopal,01-09-26,₹38,Recycler
Printer,Bhopal,01-09-26,₹18,Market Survey
Television,Bhopal,01-09-26,₹20,Recycler
Washing Machine,Bhopal,01-09-26,₹20,Recycler
Microwave,Bhopal,01-09-26,₹17,Market Survey
Player,Bhopal,01-09-26,₹48,Recycler
Cable,Bhopal,01-09-26,₹361,Recycler
LCD Panel,Bhopal,01-09-26,₹43,Aggregator
Motor,Bhopal,01-09-26,₹68,Recycler
Magnet Assembly,Bhopal,01-09-26,₹88,Recycler
Metal,Bhopal,01-09-26,₹47,Aggregator
Plastic,Bhopal,01-09-26,₹21,Recycler
Glass,Bhopal,01-09-26,₹5,Market Survey
PCB,Indore,01-09-26,₹409,Aggregator
Battery,Indore,01-09-26,₹107,Market Survey
Mobile,Indore,01-09-26,₹208,Recycler
Keyboard,Indore,01-09-26,₹29,Aggregator
Mouse,Indore,01-09-26,₹38,Recycler
Printer,Indore,01-09-26,₹18,Recycler
Television,Indore,01-09-26,₹21,Aggregator
Washing Machine,Indore,01-09-26,₹22,Aggregator
Microwave,Indore,01-09-26,₹16,Recycler
Player,Indore,01-09-26,₹42,Aggregator
Cable,Indore,01-09-26,₹417,Recycler
LCD Panel,Indore,01-09-26,₹47,Aggregator
Motor,Indore,01-09-26,₹70,Recycler
Magnet Assembly,Indore,01-09-26,₹93,Recycler
Metal,Indore,01-09-26,₹51,Recycler
Plastic,Indore,01-09-26,₹20,Recycler
Glass,Indore,01-09-26,₹5,Recycler
PCB,Raipur,01-09-26,₹443,Recycler
Battery,Raipur,01-09-26,₹103,Recycler
Mobile,Raipur,01-09-26,₹178,Aggregator
Keyboard,Raipur,01-09-26,₹28,Recycler
Mouse,Raipur,01-09-26,₹34,Aggregator
Printer,Raipur,01-09-26,₹17,Recycler
Television,Raipur,01-09-26,₹21,Recycler
Washing Machine,Raipur,01-09-26,₹19,Aggregator
Microwave,Raipur,01-09-26,₹17,Recycler
Player,Raipur,01-09-26,₹46,Recycler
Cable,Raipur,01-09-26,₹364,Recycler
LCD Panel,Raipur,01-09-26,₹43,Aggregator
Motor,Raipur,01-09-26,₹70,Recycler
Magnet Assembly,Raipur,01-09-26,₹102,Recycler
Metal,Raipur,01-09-26,₹52,Recycler
Plastic,Raipur,01-09-26,₹19,Market Survey
Glass,Raipur,01-09-26,₹5,Recycler
PCB,Nagpur,01-09-26,₹448,Recycler
Battery,Nagpur,01-09-26,₹101,Recycler
Mobile,Nagpur,01-09-26,₹216,Recycler
Keyboard,Nagpur,01-09-26,₹28,Recycler
Mouse,Nagpur,01-09-26,₹36,Aggregator
Printer,Nagpur,01-09-26,₹18,Aggregator
Television,Nagpur,01-09-26,₹22,Recycler
Washing Machine,Nagpur,01-09-26,₹22,Recycler
Microwave,Nagpur,01-09-26,₹17,Market Survey
Player,Nagpur,01-09-26,₹45,Aggregator
Cable,Nagpur,01-09-26,₹384,Recycler
LCD Panel,Nagpur,01-09-26,₹45,Market Survey
Motor,Nagpur,01-09-26,₹71,Aggregator
Magnet Assembly,Nagpur,01-09-26,₹92,Recycler
Metal,Nagpur,01-09-26,₹51,Market Survey
Plastic,Nagpur,01-09-26,₹19,Recycler
Glass,Nagpur,01-09-26,₹5,Aggregator
PCB,Pune,01-09-26,₹421,Aggregator
Battery,Pune,01-09-26,₹115,Recycler
Mobile,Pune,01-09-26,₹208,Recycler
Keyboard,Pune,01-09-26,₹31,Recycler
Mouse,Pune,01-09-26,₹39,Market Survey
Printer,Pune,01-09-26,₹18,Aggregator
Television,Pune,01-09-26,₹22,Market Survey
Washing Machine,Pune,01-09-26,₹23,Market Survey
Microwave,Pune,01-09-26,₹17,Recycler
Player,Pune,01-09-26,₹52,Recycler
Cable,Pune,01-09-26,₹429,Recycler
LCD Panel,Pune,01-09-26,₹44,Recycler
Motor,Pune,01-09-26,₹80,Recycler
Magnet Assembly,Pune,01-09-26,₹93,Aggregator
Metal,Pune,01-09-26,₹54,Recycler
Plastic,Pune,01-09-26,₹21,Recycler
Glass,Pune,01-09-26,₹5,Recycler
PCB,Mumbai,01-09-26,₹447,Recycler
Battery,Mumbai,01-09-26,₹120,Recycler
Mobile,Mumbai,01-09-26,₹212,Aggregator
Keyboard,Mumbai,01-09-26,₹31,Recycler
Mouse,Mumbai,01-09-26,₹40,Aggregator
Printer,Mumbai,01-09-26,₹19,Market Survey
Television,Mumbai,01-09-26,₹21,Aggregator
Washing Machine,Mumbai,01-09-26,₹23,Aggregator
Microwave,Mumbai,01-09-26,₹19,Recycler
Player,Mumbai,01-09-26,₹49,Aggregator
Cable,Mumbai,01-09-26,₹427,Recycler
LCD Panel,Mumbai,01-09-26,₹49,Aggregator
Motor,Mumbai,01-09-26,₹77,Aggregator
Magnet Assembly,Mumbai,01-09-26,₹99,Aggregator
Metal,Mumbai,01-09-26,₹56,Market Survey
Plastic,Mumbai,01-09-26,₹20,Recycler
Glass,Mumbai,01-09-26,₹5,Recycler
PCB,Delhi,01-09-26,₹488,Recycler
Battery,Delhi,01-09-26,₹116,Aggregator
Mobile,Delhi,01-09-26,₹222,Market Survey
Keyboard,Delhi,01-09-26,₹29,Recycler
Mouse,Delhi,01-09-26,₹42,Recycler
Printer,Delhi,01-09-26,₹19,Aggregator
Television,Delhi,01-09-26,₹25,Recycler
Washing Machine,Delhi,01-09-26,₹22,Market Survey
Microwave,Delhi,01-09-26,₹17,Recycler
Player,Delhi,01-09-26,₹56,Recycler
Cable,Delhi,01-09-26,₹429,Market Survey
LCD Panel,Delhi,01-09-26,₹50,Recycler
Motor,Delhi,01-09-26,₹83,Recycler
Magnet Assembly,Delhi,01-09-26,₹103,Recycler
Metal,Delhi,01-09-26,₹56,Recycler
Plastic,Delhi,01-09-26,₹20,Aggregator
Glass,Delhi,01-09-26,₹5,Market Survey
PCB,Noida,01-09-26,₹456,Recycler
Battery,Noida,01-09-26,₹112,Recycler
Mobile,Noida,01-09-26,₹200,Recycler
Keyboard,Noida,01-09-26,₹30,Market Survey
Mouse,Noida,01-09-26,₹39,Recycler
Printer,Noida,01-09-26,₹20,Market Survey
Television,Noida,01-09-26,₹22,Recycler
Washing Machine,Noida,01-09-26,₹22,Recycler
Microwave,Noida,01-09-26,₹17,Aggregator
Player,Noida,01-09-26,₹49,Recycler
Cable,Noida,01-09-26,₹401,Recycler
LCD Panel,Noida,01-09-26,₹42,Aggregator
Motor,Noida,01-09-26,₹75,Recycler
Magnet Assembly,Noida,01-09-26,₹95,Aggregator
Metal,Noida,01-09-26,₹53,Recycler
Plastic,Noida,01-09-26,₹22,Recycler
Glass,Noida,01-09-26,₹5,Recycler
PCB,Jaipur,01-09-26,₹445,Recycler
Battery,Jaipur,01-09-26,₹105,Recycler
Mobile,Jaipur,01-09-26,₹198,Recycler
Keyboard,Jaipur,01-09-26,₹28,Recycler
Mouse,Jaipur,01-09-26,₹38,Recycler
Printer,Jaipur,01-09-26,₹19,Recycler
Television,Jaipur,01-09-26,₹21,Recycler
Washing Machine,Jaipur,01-09-26,₹21,Recycler
Microwave,Jaipur,01-09-26,₹15,Aggregator
Player,Jaipur,01-09-26,₹50,Recycler
Cable,Jaipur,01-09-26,₹367,Aggregator
LCD Panel,Jaipur,01-09-26,₹45,Aggregator
Motor,Jaipur,01-09-26,₹72,Recycler
Magnet Assembly,Jaipur,01-09-26,₹93,Aggregator
Metal,Jaipur,01-09-26,₹50,Aggregator
Plastic,Jaipur,01-09-26,₹21,Recycler
Glass,Jaipur,01-09-26,₹5,Recycler
PCB,Ahmedabad,01-09-26,₹422,Aggregator
Battery,Ahmedabad,01-09-26,₹106,Recycler
Mobile,Ahmedabad,01-09-26,₹211,Recycler
Keyboard,Ahmedabad,01-09-26,₹29,Recycler
Mouse,Ahmedabad,01-09-26,₹40,Market Survey
Printer,Ahmedabad,01-09-26,₹19,Market Survey
Television,Ahmedabad,01-09-26,₹22,Recycler
Washing Machine,Ahmedabad,01-09-26,₹22,Recycler
Microwave,Ahmedabad,01-09-26,₹18,Aggregator
Player,Ahmedabad,01-09-26,₹45,Aggregator
Cable,Ahmedabad,01-09-26,₹392,Recycler
LCD Panel,Ahmedabad,01-09-26,₹47,Market Survey
Motor,Ahmedabad,01-09-26,₹75,Recycler
Magnet Assembly,Ahmedabad,01-09-26,₹100,Recycler
Metal,Ahmedabad,01-09-26,₹50,Recycler
Plastic,Ahmedabad,01-09-26,₹20,Recycler
Glass,Ahmedabad,01-09-26,₹5,Recycler
PCB,Bengaluru,01-09-26,₹499,Recycler
Battery,Bengaluru,01-09-26,₹116,Recycler
Mobile,Bengaluru,01-09-26,₹206,Aggregator
Keyboard,Bengaluru,01-09-26,₹27,Aggregator
Mouse,Bengaluru,01-09-26,₹37,Recycler
Printer,Bengaluru,01-09-26,₹18,Recycler
Television,Bengaluru,01-09-26,₹23,Recycler
Washing Machine,Bengaluru,01-09-26,₹23,Recycler
Microwave,Bengaluru,01-09-26,₹17,Recycler
Player,Bengaluru,01-09-26,₹50,Aggregator
Cable,Bengaluru,01-09-26,₹384,Aggregator
LCD Panel,Bengaluru,01-09-26,₹47,Recycler
Motor,Bengaluru,01-09-26,₹77,Recycler
Magnet Assembly,Bengaluru,01-09-26,₹103,Recycler
Metal,Bengaluru,01-09-26,₹54,Recycler
Plastic,Bengaluru,01-09-26,₹21,Recycler
Glass,Bengaluru,01-09-26,₹5,Recycler
PCB,Hyderabad,01-09-26,₹449,Recycler
Battery,Hyderabad,01-09-26,₹113,Recycler
Mobile,Hyderabad,01-09-26,₹221,Recycler
Keyboard,Hyderabad,01-09-26,₹28,Aggregator
Mouse,Hyderabad,01-09-26,₹40,Recycler
Printer,Hyderabad,01-09-26,₹18,Recycler
Television,Hyderabad,01-09-26,₹24,Market Survey
Washing Machine,Hyderabad,01-09-26,₹21,Market Survey
Microwave,Hyderabad,01-09-26,₹18,Recycler
Player,Hyderabad,01-09-26,₹50,Aggregator
Cable,Hyderabad,01-09-26,₹423,Recycler
LCD Panel,Hyderabad,01-09-26,₹42,Aggregator
Motor,Hyderabad,01-09-26,₹77,Aggregator
Magnet Assembly,Hyderabad,01-09-26,₹96,Recycler
Metal,Hyderabad,01-09-26,₹56,Recycler
Plastic,Hyderabad,01-09-26,₹20,Recycler
Glass,Hyderabad,01-09-26,₹5,Recycler
PCB,Chennai,01-09-26,₹471,Aggregator
Battery,Chennai,01-09-26,₹104,Recycler
Mobile,Chennai,01-09-26,₹221,Aggregator
Keyboard,Chennai,01-09-26,₹30,Recycler
Mouse,Chennai,01-09-26,₹41,Recycler
Printer,Chennai,01-09-26,₹18,Recycler
Television,Chennai,01-09-26,₹24,Recycler
Washing Machine,Chennai,01-09-26,₹22,Recycler
Microwave,Chennai,01-09-26,₹18,Recycler
Player,Chennai,01-09-26,₹51,Recycler
Cable,Chennai,01-09-26,₹409,Recycler
LCD Panel,Chennai,01-09-26,₹50,Market Survey
Motor,Chennai,01-09-26,₹77,Recycler
Magnet Assembly,Chennai,01-09-26,₹103,Recycler
Metal,Chennai,01-09-26,₹54,Recycler
Plastic,Chennai,01-09-26,₹22,Recycler
Glass,Chennai,01-09-26,₹5,Recycler
PCB,Kolkata,01-09-26,₹414,Recycler
Battery,Kolkata,01-09-26,₹108,Recycler
Mobile,Kolkata,01-09-26,₹211,Recycler
Keyboard,Kolkata,01-09-26,₹27,Aggregator
Mouse,Kolkata,01-09-26,₹37,Aggregator
Printer,Kolkata,01-09-26,₹16,Recycler
Television,Kolkata,01-09-26,₹21,Recycler
Washing Machine,Kolkata,01-09-26,₹20,Recycler
Microwave,Kolkata,01-09-26,₹16,Recycler
Player,Kolkata,01-09-26,₹47,Aggregator
Cable,Kolkata,01-09-26,₹421,Market Survey
LCD Panel,Kolkata,01-09-26,₹43,Aggregator
Motor,Kolkata,01-09-26,₹74,Recycler
Magnet Assembly,Kolkata,01-09-26,₹94,Aggregator
Metal,Kolkata,01-09-26,₹49,Aggregator
Plastic,Kolkata,01-09-26,₹19,Recycler
Glass,Kolkata,01-09-26,₹5,Recycler
PCB,Lucknow,01-09-26,₹409,Aggregator
Battery,Lucknow,01-09-26,₹112,Recycler
Mobile,Lucknow,01-09-26,₹197,Recycler
Keyboard,Lucknow,01-09-26,₹28,Recycler
Mouse,Lucknow,01-09-26,₹35,Aggregator
Printer,Lucknow,01-09-26,₹17,Recycler
Television,Lucknow,01-09-26,₹22,Recycler
Washing Machine,Lucknow,01-09-26,₹21,Recycler
Microwave,Lucknow,01-09-26,₹17,Recycler
Player,Lucknow,01-09-26,₹44,Recycler
Cable,Lucknow,01-09-26,₹376,Market Survey
LCD Panel,Lucknow,01-09-26,₹43,Recycler
Motor,Lucknow,01-09-26,₹72,Recycler
Magnet Assembly,Lucknow,01-09-26,₹91,Recycler
Metal,Lucknow,01-09-26,₹50,Aggregator
Plastic,Lucknow,01-09-26,₹19,Recycler
Glass,Lucknow,01-09-26,₹5,Recycler
PCB,Bhopal,02-09-26,₹393,Aggregator
Battery,Bhopal,02-09-26,₹97,Recycler
Mobile,Bhopal,02-09-26,₹211,Recycler
Keyboard,Bhopal,02-09-26,₹26,Aggregator
Mouse,Bhopal,02-09-26,₹36,Recycler
Printer,Bhopal,02-09-26,₹17,Recycler
Television,Bhopal,02-09-26,₹19,Aggregator
Washing Machine,Bhopal,02-09-26,₹20,Recycler
Microwave,Bhopal,02-09-26,₹16,Recycler
Player,Bhopal,02-09-26,₹46,Recycler
Cable,Bhopal,02-09-26,₹352,Aggregator
LCD Panel,Bhopal,02-09-26,₹42,Recycler
Motor,Bhopal,02-09-26,₹70,Recycler
Magnet Assembly,Bhopal,02-09-26,₹95,Recycler
Metal,Bhopal,02-09-26,₹52,Recycler
Plastic,Bhopal,02-09-26,₹19,Aggregator
Glass,Bhopal,02-09-26,₹4,Recycler
PCB,Indore,02-09-26,₹370,Recycler
Battery,Indore,02-09-26,₹103,Recycler
Mobile,Indore,02-09-26,₹219,Recycler
Keyboard,Indore,02-09-26,₹25,Aggregator
Mouse,Indore,02-09-26,₹37,Recycler
Printer,Indore,02-09-26,₹18,Recycler
Television,Indore,02-09-26,₹20,Aggregator
Washing Machine,Indore,02-09-26,₹21,Recycler
Microwave,Indore,02-09-26,₹16,Recycler
Player,Indore,02-09-26,₹46,Aggregator
Cable,Indore,02-09-26,₹386,Market Survey
LCD Panel,Indore,02-09-26,₹44,Recycler
Motor,Indore,02-09-26,₹71,Recycler
Magnet Assembly,Indore,02-09-26,₹92,Recycler
Metal,Indore,02-09-26,₹53,Recycler
Plastic,Indore,02-09-26,₹20,Market Survey
Glass,Indore,02-09-26,₹5,Recycler
PCB,Raipur,02-09-26,₹407,Recycler
Battery,Raipur,02-09-26,₹108,Recycler
Mobile,Raipur,02-09-26,₹195,Recycler
Keyboard,Raipur,02-09-26,₹25,Aggregator
Mouse,Raipur,02-09-26,₹36,Recycler
Printer,Raipur,02-09-26,₹17,Aggregator
Television,Raipur,02-09-26,₹21,Recycler
Washing Machine,Raipur,02-09-26,₹21,Recycler
Microwave,Raipur,02-09-26,₹15,Market Survey
Player,Raipur,02-09-26,₹47,Market Survey
Cable,Raipur,02-09-26,₹354,Recycler
LCD Panel,Raipur,02-09-26,₹44,Recycler
Motor,Raipur,02-09-26,₹69,Recycler
Magnet Assembly,Raipur,02-09-26,₹86,Aggregator
Metal,Raipur,02-09-26,₹49,Aggregator
Plastic,Raipur,02-09-26,₹19,Recycler
Glass,Raipur,02-09-26,₹5,Aggregator
PCB,Nagpur,02-09-26,₹438,Market Survey
Battery,Nagpur,02-09-26,₹113,Recycler
Mobile,Nagpur,02-09-26,₹182,Recycler
Keyboard,Nagpur,02-09-26,₹28,Recycler
Mouse,Nagpur,02-09-26,₹39,Recycler
Printer,Nagpur,02-09-26,₹17,Aggregator
Television,Nagpur,02-09-26,₹22,Recycler
Washing Machine,Nagpur,02-09-26,₹22,Recycler
Microwave,Nagpur,02-09-26,₹17,Recycler
Player,Nagpur,02-09-26,₹45,Recycler
Cable,Nagpur,02-09-26,₹378,Recycler
LCD Panel,Nagpur,02-09-26,₹44,Recycler
Motor,Nagpur,02-09-26,₹66,Recycler
Magnet Assembly,Nagpur,02-09-26,₹86,Aggregator
Metal,Nagpur,02-09-26,₹49,Aggregator
Plastic,Nagpur,02-09-26,₹19,Recycler
Glass,Nagpur,02-09-26,₹4,Recycler
PCB,Pune,02-09-26,₹395,Recycler
Battery,Pune,02-09-26,₹113,Aggregator
Mobile,Pune,02-09-26,₹202,Aggregator
Keyboard,Pune,02-09-26,₹28,Aggregator
Mouse,Pune,02-09-26,₹40,Aggregator
Printer,Pune,02-09-26,₹19,Recycler
Television,Pune,02-09-26,₹21,Aggregator
Washing Machine,Pune,02-09-26,₹22,Recycler
Microwave,Pune,02-09-26,₹17,Aggregator
Player,Pune,02-09-26,₹49,Aggregator
Cable,Pune,02-09-26,₹431,Recycler
LCD Panel,Pune,02-09-26,₹46,Recycler
Motor,Pune,02-09-26,₹75,Recycler
Magnet Assembly,Pune,02-09-26,₹100,Recycler
Metal,Pune,02-09-26,₹55,Market Survey
Plastic,Pune,02-09-26,₹20,Recycler
Glass,Pune,02-09-26,₹5,Market Survey
PCB,Mumbai,02-09-26,₹477,Recycler
Battery,Mumbai,02-09-26,₹119,Recycler
Mobile,Mumbai,02-09-26,₹207,Recycler
Keyboard,Mumbai,02-09-26,₹29,Recycler
Mouse,Mumbai,02-09-26,₹40,Recycler
Printer,Mumbai,02-09-26,₹20,Recycler
Television,Mumbai,02-09-26,₹22,Recycler
Washing Machine,Mumbai,02-09-26,₹22,Recycler
Microwave,Mumbai,02-09-26,₹19,Recycler
Player,Mumbai,02-09-26,₹48,Recycler
Cable,Mumbai,02-09-26,₹442,Recycler
LCD Panel,Mumbai,02-09-26,₹47,Recycler
Motor,Mumbai,02-09-26,₹70,Aggregator
Magnet Assembly,Mumbai,02-09-26,₹101,Market Survey
Metal,Mumbai,02-09-26,₹50,Aggregator
Plastic,Mumbai,02-09-26,₹21,Recycler
Glass,Mumbai,02-09-26,₹6,Recycler
PCB,Delhi,02-09-26,₹456,Aggregator
Battery,Delhi,02-09-26,₹119,Recycler
Mobile,Delhi,02-09-26,₹213,Recycler
Keyboard,Delhi,02-09-26,₹30,Aggregator
Mouse,Delhi,02-09-26,₹38,Recycler
Printer,Delhi,02-09-26,₹18,Aggregator
Television,Delhi,02-09-26,₹22,Aggregator
Washing Machine,Delhi,02-09-26,₹23,Aggregator
Microwave,Delhi,02-09-26,₹18,Recycler
Player,Delhi,02-09-26,₹51,Market Survey
Cable,Delhi,02-09-26,₹426,Aggregator
LCD Panel,Delhi,02-09-26,₹44,Aggregator
Motor,Delhi,02-09-26,₹72,Recycler
Magnet Assembly,Delhi,02-09-26,₹102,Market Survey
Metal,Delhi,02-09-26,₹54,Aggregator
Plastic,Delhi,02-09-26,₹22,Recycler
Glass,Delhi,02-09-26,₹5,Aggregator
PCB,Noida,02-09-26,₹429,Recycler
Battery,Noida,02-09-26,₹119,Recycler
Mobile,Noida,02-09-26,₹224,Recycler
Keyboard,Noida,02-09-26,₹30,Recycler
Mouse,Noida,02-09-26,₹38,Aggregator
Printer,Noida,02-09-26,₹17,Recycler
Television,Noida,02-09-26,₹23,Recycler
Washing Machine,Noida,02-09-26,₹22,Recycler
Microwave,Noida,02-09-26,₹17,Recycler
Player,Noida,02-09-26,₹48,Recycler
Cable,Noida,02-09-26,₹396,Recycler
LCD Panel,Noida,02-09-26,₹47,Recycler
Motor,Noida,02-09-26,₹76,Recycler
Magnet Assembly,Noida,02-09-26,₹93,Recycler
Metal,Noida,02-09-26,₹57,Market Survey
Plastic,Noida,02-09-26,₹21,Aggregator
Glass,Noida,02-09-26,₹5,Recycler
PCB,Jaipur,02-09-26,₹412,Recycler
Battery,Jaipur,02-09-26,₹103,Aggregator
Mobile,Jaipur,02-09-26,₹204,Recycler
Keyboard,Jaipur,02-09-26,₹29,Recycler
Mouse,Jaipur,02-09-26,₹39,Recycler
Printer,Jaipur,02-09-26,₹18,Aggregator
Television,Jaipur,02-09-26,₹20,Aggregator
Washing Machine,Jaipur,02-09-26,₹21,Recycler
Microwave,Jaipur,02-09-26,₹16,Market Survey
Player,Jaipur,02-09-26,₹47,Recycler
Cable,Jaipur,02-09-26,₹384,Recycler
LCD Panel,Jaipur,02-09-26,₹44,Aggregator
Motor,Jaipur,02-09-26,₹74,Aggregator
Magnet Assembly,Jaipur,02-09-26,₹91,Recycler
Metal,Jaipur,02-09-26,₹49,Market Survey
Plastic,Jaipur,02-09-26,₹20,Recycler
Glass,Jaipur,02-09-26,₹5,Aggregator
PCB,Ahmedabad,02-09-26,₹444,Aggregator
Battery,Ahmedabad,02-09-26,₹114,Recycler
Mobile,Ahmedabad,02-09-26,₹206,Recycler
Keyboard,Ahmedabad,02-09-26,₹30,Recycler
Mouse,Ahmedabad,02-09-26,₹39,Aggregator
Printer,Ahmedabad,02-09-26,₹19,Aggregator
Television,Ahmedabad,02-09-26,₹22,Recycler
Washing Machine,Ahmedabad,02-09-26,₹21,Recycler
Microwave,Ahmedabad,02-09-26,₹16,Recycler
Player,Ahmedabad,02-09-26,₹52,Recycler
Cable,Ahmedabad,02-09-26,₹373,Aggregator
LCD Panel,Ahmedabad,02-09-26,₹46,Recycler
Motor,Ahmedabad,02-09-26,₹77,Recycler
Magnet Assembly,Ahmedabad,02-09-26,₹100,Recycler
Metal,Ahmedabad,02-09-26,₹49,Market Survey
Plastic,Ahmedabad,02-09-26,₹18,Recycler
Glass,Ahmedabad,02-09-26,₹5,Recycler
PCB,Bengaluru,02-09-26,₹432,Aggregator
Battery,Bengaluru,02-09-26,₹104,Aggregator
Mobile,Bengaluru,02-09-26,₹235,Market Survey
Keyboard,Bengaluru,02-09-26,₹30,Recycler
Mouse,Bengaluru,02-09-26,₹39,Recycler
Printer,Bengaluru,02-09-26,₹17,Aggregator
Television,Bengaluru,02-09-26,₹24,Recycler
Washing Machine,Bengaluru,02-09-26,₹23,Recycler
Microwave,Bengaluru,02-09-26,₹18,Market Survey
Player,Bengaluru,02-09-26,₹49,Market Survey
Cable,Bengaluru,02-09-26,₹422,Recycler
LCD Panel,Bengaluru,02-09-26,₹45,Recycler
Motor,Bengaluru,02-09-26,₹75,Recycler
Magnet Assembly,Bengaluru,02-09-26,₹94,Recycler
Metal,Bengaluru,02-09-26,₹52,Recycler
Plastic,Bengaluru,02-09-26,₹19,Recycler
Glass,Bengaluru,02-09-26,₹5,Recycler
PCB,Hyderabad,02-09-26,₹462,Recycler
Battery,Hyderabad,02-09-26,₹113,Market Survey
Mobile,Hyderabad,02-09-26,₹204,Recycler
Keyboard,Hyderabad,02-09-26,₹29,Aggregator
Mouse,Hyderabad,02-09-26,₹36,Recycler
Printer,Hyderabad,02-09-26,₹19,Aggregator
Television,Hyderabad,02-09-26,₹23,Market Survey
Washing Machine,Hyderabad,02-09-26,₹22,Aggregator
Microwave,Hyderabad,02-09-26,₹18,Aggregator
Player,Hyderabad,02-09-26,₹46,Recycler
Cable,Hyderabad,02-09-26,₹391,Recycler
LCD Panel,Hyderabad,02-09-26,₹45,Recycler
Motor,Hyderabad,02-09-26,₹70,Aggregator
Magnet Assembly,Hyderabad,02-09-26,₹98,Recycler
Metal,Hyderabad,02-09-26,₹49,Aggregator
Plastic,Hyderabad,02-09-26,₹19,Recycler
Glass,Hyderabad,02-09-26,₹5,Recycler
PCB,Chennai,02-09-26,₹446,Market Survey
Battery,Chennai,02-09-26,₹107,Aggregator
Mobile,Chennai,02-09-26,₹216,Recycler
Keyboard,Chennai,02-09-26,₹29,Aggregator
Mouse,Chennai,02-09-26,₹38,Market Survey
Printer,Chennai,02-09-26,₹17,Recycler
Television,Chennai,02-09-26,₹22,Recycler
Washing Machine,Chennai,02-09-26,₹21,Aggregator
Microwave,Chennai,02-09-26,₹17,Aggregator
Player,Chennai,02-09-26,₹52,Recycler
Cable,Chennai,02-09-26,₹397,Recycler
LCD Panel,Chennai,02-09-26,₹47,Market Survey
Motor,Chennai,02-09-26,₹85,Recycler
Magnet Assembly,Chennai,02-09-26,₹91,Recycler
Metal,Chennai,02-09-26,₹51,Recycler
Plastic,Chennai,02-09-26,₹20,Recycler
Glass,Chennai,02-09-26,₹5,Recycler
PCB,Kolkata,02-09-26,₹440,Recycler
Battery,Kolkata,02-09-26,₹105,Recycler
Mobile,Kolkata,02-09-26,₹204,Aggregator
Keyboard,Kolkata,02-09-26,₹27,Recycler
Mouse,Kolkata,02-09-26,₹39,Recycler
Printer,Kolkata,02-09-26,₹19,Recycler
Television,Kolkata,02-09-26,₹21,Recycler
Washing Machine,Kolkata,02-09-26,₹20,Aggregator
Microwave,Kolkata,02-09-26,₹16,Aggregator
Player,Kolkata,02-09-26,₹46,Market Survey
Cable,Kolkata,02-09-26,₹375,Recycler
LCD Panel,Kolkata,02-09-26,₹42,Recycler
Motor,Kolkata,02-09-26,₹76,Recycler
Magnet Assembly,Kolkata,02-09-26,₹95,Recycler
Metal,Kolkata,02-09-26,₹50,Recycler
Plastic,Kolkata,02-09-26,₹20,Recycler
Glass,Kolkata,02-09-26,₹5,Aggregator
PCB,Lucknow,02-09-26,₹416,Recycler
Battery,Lucknow,02-09-26,₹101,Aggregator
Mobile,Lucknow,02-09-26,₹186,Recycler
Keyboard,Lucknow,02-09-26,₹26,Aggregator
Mouse,Lucknow,02-09-26,₹37,Market Survey
Printer,Lucknow,02-09-26,₹17,Recycler
Television,Lucknow,02-09-26,₹20,Recycler
Washing Machine,Lucknow,02-09-26,₹19,Recycler
Microwave,Lucknow,02-09-26,₹16,Recycler
Player,Lucknow,02-09-26,₹46,Recycler
Cable,Lucknow,02-09-26,₹347,Recycler
LCD Panel,Lucknow,02-09-26,₹42,Recycler
Motor,Lucknow,02-09-26,₹70,Recycler
Magnet Assembly,Lucknow,02-09-26,₹88,Aggregator
Metal,Lucknow,02-09-26,₹52,Aggregator
Plastic,Lucknow,02-09-26,₹20,Recycler
Glass,Lucknow,02-09-26,₹4,Recycler
PCB,Bhopal,03-09-26,₹438,Recycler
Battery,Bhopal,03-09-26,₹102,Aggregator
Mobile,Bhopal,03-09-26,₹197,Recycler
Keyboard,Bhopal,03-09-26,₹26,Recycler
Mouse,Bhopal,03-09-26,₹36,Aggregator
Printer,Bhopal,03-09-26,₹17,Recycler
Television,Bhopal,03-09-26,₹21,Aggregator
Washing Machine,Bhopal,03-09-26,₹21,Recycler
Microwave,Bhopal,03-09-26,₹18,Aggregator
Player,Bhopal,03-09-26,₹49,Recycler
Cable,Bhopal,03-09-26,₹380,Recycler
LCD Panel,Bhopal,03-09-26,₹45,Recycler
Motor,Bhopal,03-09-26,₹72,Recycler
Magnet Assembly,Bhopal,03-09-26,₹95,Recycler
Metal,Bhopal,03-09-26,₹48,Recycler
Plastic,Bhopal,03-09-26,₹19,Recycler
Glass,Bhopal,03-09-26,₹5,Recycler
PCB,Indore,03-09-26,₹443,Recycler
Battery,Indore,03-09-26,₹112,Recycler
Mobile,Indore,03-09-26,₹211,Recycler
Keyboard,Indore,03-09-26,₹29,Aggregator
Mouse,Indore,03-09-26,₹38,Recycler
Printer,Indore,03-09-26,₹19,Recycler
Television,Indore,03-09-26,₹23,Recycler
Washing Machine,Indore,03-09-26,₹20,Recycler
Microwave,Indore,03-09-26,₹17,Recycler
Player,Indore,03-09-26,₹47,Aggregator
Cable,Indore,03-09-26,₹384,Recycler
LCD Panel,Indore,03-09-26,₹44,Aggregator
Motor,Indore,03-09-26,₹71,Recycler
Magnet Assembly,Indore,03-09-26,₹98,Recycler
Metal,Indore,03-09-26,₹52,Recycler
Plastic,Indore,03-09-26,₹20,Recycler
Glass,Indore,03-09-26,₹5,Market Survey
PCB,Raipur,03-09-26,₹438,Recycler
Battery,Raipur,03-09-26,₹101,Aggregator
Mobile,Raipur,03-09-26,₹195,Recycler
Keyboard,Raipur,03-09-26,₹26,Aggregator
Mouse,Raipur,03-09-26,₹36,Recycler
Printer,Raipur,03-09-26,₹17,Aggregator
Television,Raipur,03-09-26,₹21,Recycler
Washing Machine,Raipur,03-09-26,₹19,Aggregator
Microwave,Raipur,03-09-26,₹14,Aggregator
Player,Raipur,03-09-26,₹45,Aggregator
Cable,Raipur,03-09-26,₹374,Recycler
LCD Panel,Raipur,03-09-26,₹42,Aggregator
Motor,Raipur,03-09-26,₹69,Market Survey
Magnet Assembly,Raipur,03-09-26,₹96,Market Survey
Metal,Raipur,03-09-26,₹50,Aggregator
Plastic,Raipur,03-09-26,₹20,Recycler
Glass,Raipur,03-09-26,₹5,Recycler
PCB,Nagpur,03-09-26,₹423,Recycler
Battery,Nagpur,03-09-26,₹109,Recycler
Mobile,Nagpur,03-09-26,₹215,Recycler
Keyboard,Nagpur,03-09-26,₹28,Aggregator
Mouse,Nagpur,03-09-26,₹38,Market Survey
Printer,Nagpur,03-09-26,₹19,Recycler
Television,Nagpur,03-09-26,₹21,Recycler
Washing Machine,Nagpur,03-09-26,₹21,Aggregator
Microwave,Nagpur,03-09-26,₹16,Aggregator
Player,Nagpur,03-09-26,₹52,Recycler
Cable,Nagpur,03-09-26,₹396,Recycler
LCD Panel,Nagpur,03-09-26,₹45,Recycler
Motor,Nagpur,03-09-26,₹76,Aggregator
Magnet Assembly,Nagpur,03-09-26,₹101,Market Survey
Metal,Nagpur,03-09-26,₹53,Market Survey
Plastic,Nagpur,03-09-26,₹18,Aggregator
Glass,Nagpur,03-09-26,₹5,Market Survey
PCB,Pune,03-09-26,₹445,Aggregator
Battery,Pune,03-09-26,₹113,Recycler
Mobile,Pune,03-09-26,₹228,Recycler
Keyboard,Pune,03-09-26,₹30,Recycler
Mouse,Pune,03-09-26,₹40,Recycler
Printer,Pune,03-09-26,₹19,Recycler
Television,Pune,03-09-26,₹22,Recycler
Washing Machine,Pune,03-09-26,₹23,Recycler
Microwave,Pune,03-09-26,₹19,Recycler
Player,Pune,03-09-26,₹48,Recycler
Cable,Pune,03-09-26,₹400,Recycler
LCD Panel,Pune,03-09-26,₹46,Recycler
Motor,Pune,03-09-26,₹76,Recycler
Magnet Assembly,Pune,03-09-26,₹94,Aggregator
Metal,Pune,03-09-26,₹53,Recycler
Plastic,Pune,03-09-26,₹21,Recycler
Glass,Pune,03-09-26,₹5,Aggregator
PCB,Mumbai,03-09-26,₹477,Recycler
Battery,Mumbai,03-09-26,₹110,Recycler
Mobile,Mumbai,03-09-26,₹218,Recycler
Keyboard,Mumbai,03-09-26,₹31,Recycler
Mouse,Mumbai,03-09-26,₹43,Recycler
Printer,Mumbai,03-09-26,₹19,Recycler
Television,Mumbai,03-09-26,₹23,Recycler
Washing Machine,Mumbai,03-09-26,₹22,Aggregator
Microwave,Mumbai,03-09-26,₹16,Aggregator
Player,Mumbai,03-09-26,₹55,Recycler
Cable,Mumbai,03-09-26,₹416,Recycler
LCD Panel,Mumbai,03-09-26,₹51,Recycler
Motor,Mumbai,03-09-26,₹81,Recycler
Magnet Assembly,Mumbai,03-09-26,₹99,Recycler
Metal,Mumbai,03-09-26,₹57,Recycler
Plastic,Mumbai,03-09-26,₹20,Aggregator
Glass,Mumbai,03-09-26,₹5,Aggregator
PCB,Delhi,03-09-26,₹485,Recycler
Battery,Delhi,03-09-26,₹116,Aggregator
Mobile,Delhi,03-09-26,₹221,Recycler
Keyboard,Delhi,03-09-26,₹29,Recycler
Mouse,Delhi,03-09-26,₹41,Recycler
Printer,Delhi,03-09-26,₹20,Recycler
Television,Delhi,03-09-26,₹23,Recycler
Washing Machine,Delhi,03-09-26,₹23,Recycler
Microwave,Delhi,03-09-26,₹19,Aggregator
Player,Delhi,03-09-26,₹49,Recycler
Cable,Delhi,03-09-26,₹426,Recycler
LCD Panel,Delhi,03-09-26,₹46,Market Survey
Motor,Delhi,03-09-26,₹75,Recycler
Magnet Assembly,Delhi,03-09-26,₹108,Recycler
Metal,Delhi,03-09-26,₹55,Recycler
Plastic,Delhi,03-09-26,₹21,Aggregator
Glass,Delhi,03-09-26,₹5,Recycler
PCB,Noida,03-09-26,₹476,Recycler
Battery,Noida,03-09-26,₹117,Market Survey
Mobile,Noida,03-09-26,₹210,Aggregator
Keyboard,Noida,03-09-26,₹27,Aggregator
Mouse,Noida,03-09-26,₹39,Recycler
Printer,Noida,03-09-26,₹20,Recycler
Television,Noida,03-09-26,₹24,Market Survey
Washing Machine,Noida,03-09-26,₹22,Recycler
Microwave,Noida,03-09-26,₹18,Recycler
Player,Noida,03-09-26,₹50,Aggregator
Cable,Noida,03-09-26,₹404,Aggregator
LCD Panel,Noida,03-09-26,₹47,Recycler
Motor,Noida,03-09-26,₹77,Aggregator
Magnet Assembly,Noida,03-09-26,₹96,Recycler
Metal,Noida,03-09-26,₹56,Recycler
Plastic,Noida,03-09-26,₹22,Recycler
Glass,Noida,03-09-26,₹5,Recycler
PCB,Jaipur,03-09-26,₹409,Aggregator
Battery,Jaipur,03-09-26,₹101,Aggregator
Mobile,Jaipur,03-09-26,₹203,Recycler
Keyboard,Jaipur,03-09-26,₹27,Aggregator
Mouse,Jaipur,03-09-26,₹37,Recycler
Printer,Jaipur,03-09-26,₹18,Aggregator
Television,Jaipur,03-09-26,₹21,Aggregator
Washing Machine,Jaipur,03-09-26,₹20,Recycler
Microwave,Jaipur,03-09-26,₹16,Recycler
Player,Jaipur,03-09-26,₹48,Recycler
Cable,Jaipur,03-09-26,₹407,Recycler
LCD Panel,Jaipur,03-09-26,₹46,Market Survey
Motor,Jaipur,03-09-26,₹77,Recycler
Magnet Assembly,Jaipur,03-09-26,₹93,Recycler
Metal,Jaipur,03-09-26,₹54,Recycler
Plastic,Jaipur,03-09-26,₹21,Recycler
Glass,Jaipur,03-09-26,₹6,Recycler
PCB,Ahmedabad,03-09-26,₹427,Recycler
Battery,Ahmedabad,03-09-26,₹119,Recycler
Mobile,Ahmedabad,03-09-26,₹216,Aggregator
Keyboard,Ahmedabad,03-09-26,₹29,Recycler
Mouse,Ahmedabad,03-09-26,₹41,Recycler
Printer,Ahmedabad,03-09-26,₹17,Aggregator
Television,Ahmedabad,03-09-26,₹23,Recycler
Washing Machine,Ahmedabad,03-09-26,₹23,Recycler
Microwave,Ahmedabad,03-09-26,₹17,Aggregator
Player,Ahmedabad,03-09-26,₹52,Recycler
Cable,Ahmedabad,03-09-26,₹373,Recycler
LCD Panel,Ahmedabad,03-09-26,₹46,Recycler
Motor,Ahmedabad,03-09-26,₹74,Recycler
Magnet Assembly,Ahmedabad,03-09-26,₹99,Recycler
Metal,Ahmedabad,03-09-26,₹53,Aggregator
Plastic,Ahmedabad,03-09-26,₹21,Aggregator
Glass,Ahmedabad,03-09-26,₹5,Recycler
PCB,Bengaluru,03-09-26,₹469,Aggregator
Battery,Bengaluru,03-09-26,₹114,Recycler
Mobile,Bengaluru,03-09-26,₹225,Recycler
Keyboard,Bengaluru,03-09-26,₹31,Aggregator
Mouse,Bengaluru,03-09-26,₹40,Recycler
Printer,Bengaluru,03-09-26,₹19,Aggregator
Television,Bengaluru,03-09-26,₹24,Recycler
Washing Machine,Bengaluru,03-09-26,₹20,Recycler
Microwave,Bengaluru,03-09-26,₹18,Recycler
Player,Bengaluru,03-09-26,₹50,Aggregator
Cable,Bengaluru,03-09-26,₹439,Recycler
LCD Panel,Bengaluru,03-09-26,₹48,Recycler
Motor,Bengaluru,03-09-26,₹77,Recycler
Magnet Assembly,Bengaluru,03-09-26,₹99,Recycler
Metal,Bengaluru,03-09-26,₹50,Aggregator
Plastic,Bengaluru,03-09-26,₹20,Aggregator
Glass,Bengaluru,03-09-26,₹5,Recycler
PCB,Hyderabad,03-09-26,₹431,Recycler
Battery,Hyderabad,03-09-26,₹109,Aggregator
Mobile,Hyderabad,03-09-26,₹221,Recycler
Keyboard,Hyderabad,03-09-26,₹30,Market Survey
Mouse,Hyderabad,03-09-26,₹39,Recycler
Printer,Hyderabad,03-09-26,₹19,Recycler
Television,Hyderabad,03-09-26,₹22,Aggregator
Washing Machine,Hyderabad,03-09-26,₹23,Recycler
Microwave,Hyderabad,03-09-26,₹17,Recycler
Player,Hyderabad,03-09-26,₹49,Recycler
Cable,Hyderabad,03-09-26,₹397,Aggregator
LCD Panel,Hyderabad,03-09-26,₹48,Recycler
Motor,Hyderabad,03-09-26,₹75,Aggregator
Magnet Assembly,Hyderabad,03-09-26,₹99,Aggregator
Metal,Hyderabad,03-09-26,₹55,Recycler
Plastic,Hyderabad,03-09-26,₹20,Recycler
Glass,Hyderabad,03-09-26,₹5,Recycler
PCB,Chennai,03-09-26,₹419,Aggregator
Battery,Chennai,03-09-26,₹119,Recycler
Mobile,Chennai,03-09-26,₹222,Recycler
Keyboard,Chennai,03-09-26,₹29,Recycler
Mouse,Chennai,03-09-26,₹40,Aggregator
Printer,Chennai,03-09-26,₹17,Aggregator
Television,Chennai,03-09-26,₹21,Aggregator
Washing Machine,Chennai,03-09-26,₹22,Aggregator
Microwave,Chennai,03-09-26,₹18,Recycler
Player,Chennai,03-09-26,₹50,Recycler
Cable,Chennai,03-09-26,₹380,Aggregator
LCD Panel,Chennai,03-09-26,₹49,Market Survey
Motor,Chennai,03-09-26,₹74,Recycler
Magnet Assembly,Chennai,03-09-26,₹101,Recycler
Metal,Chennai,03-09-26,₹51,Aggregator
Plastic,Chennai,03-09-26,₹23,Recycler
Glass,Chennai,03-09-26,₹5,Recycler
PCB,Kolkata,03-09-26,₹428,Market Survey
Battery,Kolkata,03-09-26,₹116,Market Survey
Mobile,Kolkata,03-09-26,₹215,Recycler
Keyboard,Kolkata,03-09-26,₹29,Market Survey
Mouse,Kolkata,03-09-26,₹38,Recycler
Printer,Kolkata,03-09-26,₹19,Recycler
Television,Kolkata,03-09-26,₹23,Aggregator
Washing Machine,Kolkata,03-09-26,₹21,Aggregator
Microwave,Kolkata,03-09-26,₹17,Recycler
Player,Kolkata,03-09-26,₹50,Recycler
Cable,Kolkata,03-09-26,₹384,Aggregator
LCD Panel,Kolkata,03-09-26,₹47,Recycler
Motor,Kolkata,03-09-26,₹66,Aggregator
Magnet Assembly,Kolkata,03-09-26,₹91,Recycler
Metal,Kolkata,03-09-26,₹50,Recycler
Plastic,Kolkata,03-09-26,₹22,Recycler
Glass,Kolkata,03-09-26,₹5,Recycler
PCB,Lucknow,03-09-26,₹392,Aggregator
Battery,Lucknow,03-09-26,₹109,Recycler
Mobile,Lucknow,03-09-26,₹216,Recycler
Keyboard,Lucknow,03-09-26,₹28,Recycler
Mouse,Lucknow,03-09-26,₹37,Recycler
Printer,Lucknow,03-09-26,₹17,Recycler
Television,Lucknow,03-09-26,₹20,Aggregator
Washing Machine,Lucknow,03-09-26,₹19,Aggregator
Microwave,Lucknow,03-09-26,₹18,Recycler
Player,Lucknow,03-09-26,₹47,Recycler
Cable,Lucknow,03-09-26,₹412,Aggregator
LCD Panel,Lucknow,03-09-26,₹45,Recycler
Motor,Lucknow,03-09-26,₹71,Aggregator
Magnet Assembly,Lucknow,03-09-26,₹102,Recycler
Metal,Lucknow,03-09-26,₹53,Recycler
Plastic,Lucknow,03-09-26,₹20,Recycler
Glass,Lucknow,03-09-26,₹5,Recycler
PCB,Bhopal,04-09-26,₹449,Recycler
Battery,Bhopal,04-09-26,₹112,Recycler
Mobile,Bhopal,04-09-26,₹222,Market Survey
Keyboard,Bhopal,04-09-26,₹27,Recycler
Mouse,Bhopal,04-09-26,₹35,Recycler
Printer,Bhopal,04-09-26,₹19,Recycler
Television,Bhopal,04-09-26,₹23,Market Survey
Washing Machine,Bhopal,04-09-26,₹21,Aggregator
Microwave,Bhopal,04-09-26,₹17,Recycler
Player,Bhopal,04-09-26,₹50,Aggregator
Cable,Bhopal,04-09-26,₹391,Recycler
LCD Panel,Bhopal,04-09-26,₹46,Recycler
Motor,Bhopal,04-09-26,₹72,Recycler
Magnet Assembly,Bhopal,04-09-26,₹94,Recycler
Metal,Bhopal,04-09-26,₹49,Recycler
Plastic,Bhopal,04-09-26,₹20,Recycler
Glass,Bhopal,04-09-26,₹5,Market Survey
PCB,Indore,04-09-26,₹433,Recycler
Battery,Indore,04-09-26,₹115,Recycler
Mobile,Indore,04-09-26,₹227,Recycler
Keyboard,Indore,04-09-26,₹28,Recycler
Mouse,Indore,04-09-26,₹37,Aggregator
Printer,Indore,04-09-26,₹19,Recycler
Television,Indore,04-09-26,₹23,Recycler
Washing Machine,Indore,04-09-26,₹21,Aggregator
Microwave,Indore,04-09-26,₹18,Aggregator
Player,Indore,04-09-26,₹52,Recycler
Cable,Indore,04-09-26,₹423,Recycler
LCD Panel,Indore,04-09-26,₹43,Aggregator
Motor,Indore,04-09-26,₹70,Aggregator
Magnet Assembly,Indore,04-09-26,₹98,Recycler
Metal,Indore,04-09-26,₹51,Aggregator
Plastic,Indore,04-09-26,₹21,Recycler
Glass,Indore,04-09-26,₹5,Aggregator
PCB,Raipur,04-09-26,₹440,Recycler
Battery,Raipur,04-09-26,₹109,Recycler
Mobile,Raipur,04-09-26,₹204,Aggregator
Keyboard,Raipur,04-09-26,₹30,Recycler
Mouse,Raipur,04-09-26,₹37,Recycler
Printer,Raipur,04-09-26,₹17,Recycler
Television,Raipur,04-09-26,₹22,Recycler
Washing Machine,Raipur,04-09-26,₹21,Market Survey
Microwave,Raipur,04-09-26,₹17,Recycler
Player,Raipur,04-09-26,₹48,Aggregator
Cable,Raipur,04-09-26,₹347,Aggregator
LCD Panel,Raipur,04-09-26,₹48,Recycler
Motor,Raipur,04-09-26,₹74,Recycler
Magnet Assembly,Raipur,04-09-26,₹101,Recycler
Metal,Raipur,04-09-26,₹51,Recycler
Plastic,Raipur,04-09-26,₹20,Recycler
Glass,Raipur,04-09-26,₹5,Recycler
PCB,Nagpur,04-09-26,₹402,Aggregator
Battery,Nagpur,04-09-26,₹105,Aggregator
Mobile,Nagpur,04-09-26,₹203,Aggregator
Keyboard,Nagpur,04-09-26,₹26,Aggregator
Mouse,Nagpur,04-09-26,₹39,Aggregator
Printer,Nagpur,04-09-26,₹18,Market Survey
Television,Nagpur,04-09-26,₹23,Recycler
Washing Machine,Nagpur,04-09-26,₹20,Recycler
Microwave,Nagpur,04-09-26,₹18,Recycler
Player,Nagpur,04-09-26,₹49,Recycler
Cable,Nagpur,04-09-26,₹402,Recycler
LCD Panel,Nagpur,04-09-26,₹45,Aggregator
Motor,Nagpur,04-09-26,₹68,Aggregator
Magnet Assembly,Nagpur,04-09-26,₹92,Market Survey
Metal,Nagpur,04-09-26,₹54,Recycler
Plastic,Nagpur,04-09-26,₹21,Recycler
Glass,Nagpur,04-09-26,₹5,Recycler
PCB,Pune,04-09-26,₹521,Recycler
Battery,Pune,04-09-26,₹115,Market Survey
Mobile,Pune,04-09-26,₹231,Recycler
Keyboard,Pune,04-09-26,₹31,Recycler
Mouse,Pune,04-09-26,₹41,Aggregator
Printer,Pune,04-09-26,₹19,Aggregator
Television,Pune,04-09-26,₹22,Aggregator
Washing Machine,Pune,04-09-26,₹21,Aggregator
Microwave,Pune,04-09-26,₹18,Aggregator
Player,Pune,04-09-26,₹51,Aggregator
Cable,Pune,04-09-26,₹390,Aggregator
LCD Panel,Pune,04-09-26,₹53,Recycler
Motor,Pune,04-09-26,₹73,Recycler
Magnet Assembly,Pune,04-09-26,₹101,Recycler
Metal,Pune,04-09-26,₹54,Aggregator
Plastic,Pune,04-09-26,₹22,Market Survey
Glass,Pune,04-09-26,₹6,Recycler
PCB,Mumbai,04-09-26,₹467,Recycler
Battery,Mumbai,04-09-26,₹121,Recycler
Mobile,Mumbai,04-09-26,₹220,Recycler
Keyboard,Mumbai,04-09-26,₹31,Recycler
Mouse,Mumbai,04-09-26,₹41,Recycler
Printer,Mumbai,04-09-26,₹20,Market Survey
Television,Mumbai,04-09-26,₹22,Recycler
Washing Machine,Mumbai,04-09-26,₹23,Recycler
Microwave,Mumbai,04-09-26,₹18,Aggregator
Player,Mumbai,04-09-26,₹55,Recycler
Cable,Mumbai,04-09-26,₹444,Recycler
LCD Panel,Mumbai,04-09-26,₹49,Recycler
Motor,Mumbai,04-09-26,₹82,Aggregator
Magnet Assembly,Mumbai,04-09-26,₹103,Aggregator
Metal,Mumbai,04-09-26,₹60,Recycler
Plastic,Mumbai,04-09-26,₹21,Recycler
Glass,Mumbai,04-09-26,₹6,Market Survey
PCB,Delhi,04-09-26,₹421,Recycler
Battery,Delhi,04-09-26,₹126,Recycler
Mobile,Delhi,04-09-26,₹238,Recycler
Keyboard,Delhi,04-09-26,₹30,Recycler
Mouse,Delhi,04-09-26,₹43,Recycler
Printer,Delhi,04-09-26,₹21,Recycler
Television,Delhi,04-09-26,₹23,Recycler
Washing Machine,Delhi,04-09-26,₹24,Recycler
Microwave,Delhi,04-09-26,₹20,Recycler
Player,Delhi,04-09-26,₹53,Recycler
Cable,Delhi,04-09-26,₹442,Market Survey
LCD Panel,Delhi,04-09-26,₹49,Market Survey
Motor,Delhi,04-09-26,₹79,Recycler
Magnet Assembly,Delhi,04-09-26,₹107,Market Survey
Metal,Delhi,04-09-26,₹56,Aggregator
Plastic,Delhi,04-09-26,₹21,Aggregator
Glass,Delhi,04-09-26,₹5,Recycler
PCB,Noida,04-09-26,₹472,Recycler
Battery,Noida,04-09-26,₹113,Aggregator
Mobile,Noida,04-09-26,₹215,Aggregator
Keyboard,Noida,04-09-26,₹30,Recycler
Mouse,Noida,04-09-26,₹44,Recycler
Printer,Noida,04-09-26,₹20,Market Survey
Television,Noida,04-09-26,₹24,Recycler
Washing Machine,Noida,04-09-26,₹22,Recycler
Microwave,Noida,04-09-26,₹18,Aggregator
Player,Noida,04-09-26,₹51,Recycler
Cable,Noida,04-09-26,₹425,Recycler
LCD Panel,Noida,04-09-26,₹46,Recycler
Motor,Noida,04-09-26,₹81,Recycler
Magnet Assembly,Noida,04-09-26,₹105,Recycler
Metal,Noida,04-09-26,₹56,Market Survey
Plastic,Noida,04-09-26,₹21,Aggregator
Glass,Noida,04-09-26,₹5,Recycler
PCB,Jaipur,04-09-26,₹435,Recycler
Battery,Jaipur,04-09-26,₹110,Aggregator
Mobile,Jaipur,04-09-26,₹213,Aggregator
Keyboard,Jaipur,04-09-26,₹30,Recycler
Mouse,Jaipur,04-09-26,₹38,Aggregator
Printer,Jaipur,04-09-26,₹19,Recycler
Television,Jaipur,04-09-26,₹23,Market Survey
Washing Machine,Jaipur,04-09-26,₹21,Market Survey
Microwave,Jaipur,04-09-26,₹17,Recycler
Player,Jaipur,04-09-26,₹52,Recycler
Cable,Jaipur,04-09-26,₹399,Recycler
LCD Panel,Jaipur,04-09-26,₹44,Recycler
Motor,Jaipur,04-09-26,₹81,Market Survey
Magnet Assembly,Jaipur,04-09-26,₹97,Aggregator
Metal,Jaipur,04-09-26,₹54,Recycler
Plastic,Jaipur,04-09-26,₹21,Recycler
Glass,Jaipur,04-09-26,₹5,Aggregator
PCB,Ahmedabad,04-09-26,₹435,Recycler
Battery,Ahmedabad,04-09-26,₹116,Recycler
Mobile,Ahmedabad,04-09-26,₹209,Recycler
Keyboard,Ahmedabad,04-09-26,₹32,Recycler
Mouse,Ahmedabad,04-09-26,₹37,Aggregator
Printer,Ahmedabad,04-09-26,₹19,Recycler
Television,Ahmedabad,04-09-26,₹21,Aggregator
Washing Machine,Ahmedabad,04-09-26,₹20,Aggregator
Microwave,Ahmedabad,04-09-26,₹19,Recycler
Player,Ahmedabad,04-09-26,₹49,Aggregator
Cable,Ahmedabad,04-09-26,₹429,Recycler
LCD Panel,Ahmedabad,04-09-26,₹50,Recycler
Motor,Ahmedabad,04-09-26,₹76,Aggregator
Magnet Assembly,Ahmedabad,04-09-26,₹103,Recycler
Metal,Ahmedabad,04-09-26,₹56,Market Survey
Plastic,Ahmedabad,04-09-26,₹20,Aggregator
Glass,Ahmedabad,04-09-26,₹6,Recycler
PCB,Bengaluru,04-09-26,₹509,Market Survey
Battery,Bengaluru,04-09-26,₹116,Aggregator
Mobile,Bengaluru,04-09-26,₹212,Recycler
Keyboard,Bengaluru,04-09-26,₹32,Market Survey
Mouse,Bengaluru,04-09-26,₹41,Market Survey
Printer,Bengaluru,04-09-26,₹21,Recycler
Television,Bengaluru,04-09-26,₹25,Recycler
Washing Machine,Bengaluru,04-09-26,₹22,Recycler
Microwave,Bengaluru,04-09-26,₹19,Recycler
Player,Bengaluru,04-09-26,₹53,Recycler
Cable,Bengaluru,04-09-26,₹456,Market Survey
LCD Panel,Bengaluru,04-09-26,₹47,Recycler
Motor,Bengaluru,04-09-26,₹72,Aggregator
Magnet Assembly,Bengaluru,04-09-26,₹99,Aggregator
Metal,Bengaluru,04-09-26,₹58,Market Survey
Plastic,Bengaluru,04-09-26,₹23,Market Survey
Glass,Bengaluru,04-09-26,₹5,Recycler
PCB,Hyderabad,04-09-26,₹458,Recycler
Battery,Hyderabad,04-09-26,₹116,Aggregator
Mobile,Hyderabad,04-09-26,₹222,Recycler
Keyboard,Hyderabad,04-09-26,₹31,Recycler
Mouse,Hyderabad,04-09-26,₹43,Recycler
Printer,Hyderabad,04-09-26,₹19,Aggregator
Television,Hyderabad,04-09-26,₹23,Recycler
Washing Machine,Hyderabad,04-09-26,₹24,Recycler
Microwave,Hyderabad,04-09-26,₹18,Recycler
Player,Hyderabad,04-09-26,₹49,Aggregator
Cable,Hyderabad,04-09-26,₹416,Recycler
LCD Panel,Hyderabad,04-09-26,₹46,Recycler
Motor,Hyderabad,04-09-26,₹81,Market Survey
Magnet Assembly,Hyderabad,04-09-26,₹95,Aggregator
Metal,Hyderabad,04-09-26,₹54,Aggregator
Plastic,Hyderabad,04-09-26,₹21,Aggregator
Glass,Hyderabad,04-09-26,₹5,Recycler
PCB,Chennai,04-09-26,₹482,Recycler
Battery,Chennai,04-09-26,₹112,Aggregator
Mobile,Chennai,04-09-26,₹226,Recycler
Keyboard,Chennai,04-09-26,₹28,Recycler
Mouse,Chennai,04-09-26,₹39,Recycler
Printer,Chennai,04-09-26,₹19,Market Survey
Television,Chennai,04-09-26,₹24,Market Survey
Washing Machine,Chennai,04-09-26,₹22,Recycler
Microwave,Chennai,04-09-26,₹18,Recycler
Player,Chennai,04-09-26,₹55,Recycler
Cable,Chennai,04-09-26,₹438,Recycler
LCD Panel,Chennai,04-09-26,₹47,Recycler
Motor,Chennai,04-09-26,₹77,Recycler
Magnet Assembly,Chennai,04-09-26,₹101,Recycler
Metal,Chennai,04-09-26,₹54,Recycler
Plastic,Chennai,04-09-26,₹20,Recycler
Glass,Chennai,04-09-26,₹5,Aggregator
PCB,Kolkata,04-09-26,₹425,Recycler
Battery,Kolkata,04-09-26,₹115,Market Survey
Mobile,Kolkata,04-09-26,₹206,Aggregator
Keyboard,Kolkata,04-09-26,₹30,Aggregator
Mouse,Kolkata,04-09-26,₹40,Recycler
Printer,Kolkata,04-09-26,₹20,Recycler
Television,Kolkata,04-09-26,₹22,Recycler
Washing Machine,Kolkata,04-09-26,₹21,Aggregator
Microwave,Kolkata,04-09-26,₹18,Recycler
Player,Kolkata,04-09-26,₹50,Recycler
Cable,Kolkata,04-09-26,₹429,Recycler
LCD Panel,Kolkata,04-09-26,₹46,Market Survey
Motor,Kolkata,04-09-26,₹70,Aggregator
Magnet Assembly,Kolkata,04-09-26,₹100,Aggregator
Metal,Kolkata,04-09-26,₹48,Aggregator
Plastic,Kolkata,04-09-26,₹20,Aggregator
Glass,Kolkata,04-09-26,₹5,Recycler
PCB,Lucknow,04-09-26,₹424,Recycler
Battery,Lucknow,04-09-26,₹109,Aggregator
Mobile,Lucknow,04-09-26,₹216,Recycler
Keyboard,Lucknow,04-09-26,₹28,Aggregator
Mouse,Lucknow,04-09-26,₹38,Recycler
Printer,Lucknow,04-09-26,₹17,Recycler
Television,Lucknow,04-09-26,₹23,Recycler
Washing Machine,Lucknow,04-09-26,₹22,Aggregator
Microwave,Lucknow,04-09-26,₹17,Aggregator
Player,Lucknow,04-09-26,₹49,Recycler
Cable,Lucknow,04-09-26,₹371,Recycler
LCD Panel,Lucknow,04-09-26,₹46,Recycler
Motor,Lucknow,04-09-26,₹72,Recycler
Magnet Assembly,Lucknow,04-09-26,₹95,Recycler
Metal,Lucknow,04-09-26,₹52,Recycler
Plastic,Lucknow,04-09-26,₹21,Market Survey
Glass,Lucknow,04-09-26,₹5,Recycler
PCB,Bhopal,05-09-26,₹404,Recycler
Battery,Bhopal,05-09-26,₹107,Recycler
Mobile,Bhopal,05-09-26,₹201,Recycler
Keyboard,Bhopal,05-09-26,₹26,Recycler
Mouse,Bhopal,05-09-26,₹36,Recycler
Printer,Bhopal,05-09-26,₹18,Recycler
Television,Bhopal,05-09-26,₹22,Recycler
Washing Machine,Bhopal,05-09-26,₹20,Recycler
Microwave,Bhopal,05-09-26,₹16,Market Survey
Player,Bhopal,05-09-26,₹49,Recycler
Cable,Bhopal,05-09-26,₹370,Aggregator
LCD Panel,Bhopal,05-09-26,₹46,Recycler
Motor,Bhopal,05-09-26,₹72,Market Survey
Magnet Assembly,Bhopal,05-09-26,₹97,Recycler
Metal,Bhopal,05-09-26,₹51,Aggregator
Plastic,Bhopal,05-09-26,₹18,Aggregator
Glass,Bhopal,05-09-26,₹5,Aggregator
PCB,Indore,05-09-26,₹386,Aggregator
Battery,Indore,05-09-26,₹107,Recycler
Mobile,Indore,05-09-26,₹213,Aggregator
Keyboard,Indore,05-09-26,₹27,Aggregator
Mouse,Indore,05-09-26,₹38,Recycler
Printer,Indore,05-09-26,₹17,Aggregator
Television,Indore,05-09-26,₹21,Recycler
Washing Machine,Indore,05-09-26,₹21,Recycler
Microwave,Indore,05-09-26,₹16,Aggregator
Player,Indore,05-09-26,₹51,Recycler
Cable,Indore,05-09-26,₹397,Recycler
LCD Panel,Indore,05-09-26,₹44,Market Survey
Motor,Indore,05-09-26,₹70,Recycler
Magnet Assembly,Indore,05-09-26,₹96,Recycler
Metal,Indore,05-09-26,₹52,Recycler
Plastic,Indore,05-09-26,₹18,Aggregator
Glass,Indore,05-09-26,₹5,Market Survey
PCB,Raipur,05-09-26,₹417,Recycler
Battery,Raipur,05-09-26,₹113,Recycler
Mobile,Raipur,05-09-26,₹181,Aggregator
Keyboard,Raipur,05-09-26,₹27,Recycler
Mouse,Raipur,05-09-26,₹36,Recycler
Printer,Raipur,05-09-26,₹17,Recycler
Television,Raipur,05-09-26,₹24,Recycler
Washing Machine,Raipur,05-09-26,₹20,Recycler
Microwave,Raipur,05-09-26,₹16,Aggregator
Player,Raipur,05-09-26,₹46,Aggregator
Cable,Raipur,05-09-26,₹383,Recycler
LCD Panel,Raipur,05-09-26,₹45,Recycler
Motor,Raipur,05-09-26,₹63,Recycler
Magnet Assembly,Raipur,05-09-26,₹93,Aggregator
Metal,Raipur,05-09-26,₹51,Recycler
Plastic,Raipur,05-09-26,₹20,Recycler
Glass,Raipur,05-09-26,₹5,Aggregator
PCB,Nagpur,05-09-26,₹404,Aggregator
Battery,Nagpur,05-09-26,₹114,Recycler
Mobile,Nagpur,05-09-26,₹202,Recycler
Keyboard,Nagpur,05-09-26,₹26,Market Survey
Mouse,Nagpur,05-09-26,₹37,Aggregator
Printer,Nagpur,05-09-26,₹18,Recycler
Television,Nagpur,05-09-26,₹23,Recycler
Washing Machine,Nagpur,05-09-26,₹22,Recycler
Microwave,Nagpur,05-09-26,₹15,Aggregator
Player,Nagpur,05-09-26,₹47,Recycler
Cable,Nagpur,05-09-26,₹379,Recycler
LCD Panel,Nagpur,05-09-26,₹44,Recycler
Motor,Nagpur,05-09-26,₹72,Recycler
Magnet Assembly,Nagpur,05-09-26,₹105,Recycler
Metal,Nagpur,05-09-26,₹51,Aggregator
Plastic,Nagpur,05-09-26,₹18,Recycler
Glass,Nagpur,05-09-26,₹5,Recycler
PCB,Pune,05-09-26,₹458,Recycler
Battery,Pune,05-09-26,₹113,Recycler
Mobile,Pune,05-09-26,₹220,Recycler
Keyboard,Pune,05-09-26,₹30,Recycler
Mouse,Pune,05-09-26,₹40,Aggregator
Printer,Pune,05-09-26,₹19,Market Survey
Television,Pune,05-09-26,₹25,Recycler
Washing Machine,Pune,05-09-26,₹22,Recycler
Microwave,Pune,05-09-26,₹17,Recycler
Player,Pune,05-09-26,₹51,Recycler
Cable,Pune,05-09-26,₹391,Recycler
LCD Panel,Pune,05-09-26,₹43,Aggregator
Motor,Pune,05-09-26,₹69,Recycler
Magnet Assembly,Pune,05-09-26,₹99,Recycler
Metal,Pune,05-09-26,₹55,Recycler
Plastic,Pune,05-09-26,₹21,Aggregator
Glass,Pune,05-09-26,₹5,Aggregator
PCB,Mumbai,05-09-26,₹494,Recycler
Battery,Mumbai,05-09-26,₹117,Recycler
Mobile,Mumbai,05-09-26,₹217,Recycler
Keyboard,Mumbai,05-09-26,₹30,Aggregator
Mouse,Mumbai,05-09-26,₹39,Aggregator
Printer,Mumbai,05-09-26,₹19,Recycler
Television,Mumbai,05-09-26,₹23,Recycler
Washing Machine,Mumbai,05-09-26,₹21,Aggregator
Microwave,Mumbai,05-09-26,₹19,Recycler
Player,Mumbai,05-09-26,₹50,Aggregator
Cable,Mumbai,05-09-26,₹390,Aggregator
LCD Panel,Mumbai,05-09-26,₹49,Recycler
Motor,Mumbai,05-09-26,₹81,Recycler
Magnet Assembly,Mumbai,05-09-26,₹104,Market Survey
Metal,Mumbai,05-09-26,₹53,Recycler
Plastic,Mumbai,05-09-26,₹22,Recycler
Glass,Mumbai,05-09-26,₹5,Recycler
PCB,Delhi,05-09-26,₹473,Recycler
Battery,Delhi,05-09-26,₹123,Aggregator
Mobile,Delhi,05-09-26,₹243,Recycler
Keyboard,Delhi,05-09-26,₹29,Recycler
Mouse,Delhi,05-09-26,₹40,Recycler
Printer,Delhi,05-09-26,₹18,Aggregator
Television,Delhi,05-09-26,₹22,Recycler
Washing Machine,Delhi,05-09-26,₹23,Recycler
Microwave,Delhi,05-09-26,₹19,Recycler
Player,Delhi,05-09-26,₹50,Recycler
Cable,Delhi,05-09-26,₹427,Recycler
LCD Panel,Delhi,05-09-26,₹49,Market Survey
Motor,Delhi,05-09-26,₹76,Recycler
Magnet Assembly,Delhi,05-09-26,₹107,Recycler
Metal,Delhi,05-09-26,₹56,Recycler
Plastic,Delhi,05-09-26,₹22,Aggregator
Glass,Delhi,05-09-26,₹5,Recycler
PCB,Noida,05-09-26,₹444,Recycler
Battery,Noida,05-09-26,₹113,Aggregator
Mobile,Noida,05-09-26,₹221,Recycler
Keyboard,Noida,05-09-26,₹31,Recycler
Mouse,Noida,05-09-26,₹41,Recycler
Printer,Noida,05-09-26,₹19,Aggregator
Television,Noida,05-09-26,₹23,Recycler
Washing Machine,Noida,05-09-26,₹20,Aggregator
Microwave,Noida,05-09-26,₹18,Recycler
Player,Noida,05-09-26,₹50,Aggregator
Cable,Noida,05-09-26,₹414,Recycler
LCD Panel,Noida,05-09-26,₹47,Recycler
Motor,Noida,05-09-26,₹72,Recycler
Magnet Assembly,Noida,05-09-26,₹95,Aggregator
Metal,Noida,05-09-26,₹52,Aggregator
Plastic,Noida,05-09-26,₹22,Recycler
Glass,Noida,05-09-26,₹6,Recycler
PCB,Jaipur,05-09-26,₹442,Market Survey
Battery,Jaipur,05-09-26,₹109,Recycler
Mobile,Jaipur,05-09-26,₹207,Recycler
Keyboard,Jaipur,05-09-26,₹26,Aggregator
Mouse,Jaipur,05-09-26,₹39,Recycler
Printer,Jaipur,05-09-26,₹19,Market Survey
Television,Jaipur,05-09-26,₹23,Recycler
Washing Machine,Jaipur,05-09-26,₹22,Recycler
Microwave,Jaipur,05-09-26,₹18,Recycler
Player,Jaipur,05-09-26,₹48,Recycler
Cable,Jaipur,05-09-26,₹398,Recycler
LCD Panel,Jaipur,05-09-26,₹46,Market Survey
Motor,Jaipur,05-09-26,₹70,Aggregator
Magnet Assembly,Jaipur,05-09-26,₹95,Recycler
Metal,Jaipur,05-09-26,₹52,Aggregator
Plastic,Jaipur,05-09-26,₹17,Recycler
Glass,Jaipur,05-09-26,₹5,Recycler
PCB,Ahmedabad,05-09-26,₹447,Recycler
Battery,Ahmedabad,05-09-26,₹115,Aggregator
Mobile,Ahmedabad,05-09-26,₹213,Aggregator
Keyboard,Ahmedabad,05-09-26,₹31,Recycler
Mouse,Ahmedabad,05-09-26,₹36,Recycler
Printer,Ahmedabad,05-09-26,₹18,Recycler
Television,Ahmedabad,05-09-26,₹23,Recycler
Washing Machine,Ahmedabad,05-09-26,₹21,Recycler
Microwave,Ahmedabad,05-09-26,₹18,Recycler
Player,Ahmedabad,05-09-26,₹45,Recycler
Cable,Ahmedabad,05-09-26,₹421,Market Survey
LCD Panel,Ahmedabad,05-09-26,₹44,Recycler
Motor,Ahmedabad,05-09-26,₹70,Market Survey
Magnet Assembly,Ahmedabad,05-09-26,₹97,Aggregator
Metal,Ahmedabad,05-09-26,₹52,Aggregator
Plastic,Ahmedabad,05-09-26,₹21,Market Survey
Glass,Ahmedabad,05-09-26,₹5,Market Survey
PCB,Bengaluru,05-09-26,₹470,Recycler
Battery,Bengaluru,05-09-26,₹110,Aggregator
Mobile,Bengaluru,05-09-26,₹202,Aggregator
Keyboard,Bengaluru,05-09-26,₹29,Recycler
Mouse,Bengaluru,05-09-26,₹39,Aggregator
Printer,Bengaluru,05-09-26,₹18,Recycler
Television,Bengaluru,05-09-26,₹23,Recycler
Washing Machine,Bengaluru,05-09-26,₹22,Aggregator
Microwave,Bengaluru,05-09-26,₹18,Recycler
Player,Bengaluru,05-09-26,₹49,Market Survey
Cable,Bengaluru,05-09-26,₹375,Market Survey
LCD Panel,Bengaluru,05-09-26,₹48,Recycler
Motor,Bengaluru,05-09-26,₹76,Recycler
Magnet Assembly,Bengaluru,05-09-26,₹108,Recycler
Metal,Bengaluru,05-09-26,₹56,Recycler
Plastic,Bengaluru,05-09-26,₹21,Aggregator
Glass,Bengaluru,05-09-26,₹5,Recycler
PCB,Hyderabad,05-09-26,₹427,Aggregator
Battery,Hyderabad,05-09-26,₹123,Market Survey
Mobile,Hyderabad,05-09-26,₹206,Recycler
Keyboard,Hyderabad,05-09-26,₹28,Recycler
Mouse,Hyderabad,05-09-26,₹38,Recycler
Printer,Hyderabad,05-09-26,₹18,Market Survey
Television,Hyderabad,05-09-26,₹22,Recycler
Washing Machine,Hyderabad,05-09-26,₹22,Recycler
Microwave,Hyderabad,05-09-26,₹18,Recycler
Player,Hyderabad,05-09-26,₹52,Recycler
Cable,Hyderabad,05-09-26,₹399,Recycler
LCD Panel,Hyderabad,05-09-26,₹49,Market Survey
Motor,Hyderabad,05-09-26,₹68,Aggregator
Magnet Assembly,Hyderabad,05-09-26,₹92,Aggregator
Metal,Hyderabad,05-09-26,₹54,Aggregator
Plastic,Hyderabad,05-09-26,₹21,Recycler
Glass,Hyderabad,05-09-26,₹5,Recycler
PCB,Chennai,05-09-26,₹456,Recycler
Battery,Chennai,05-09-26,₹116,Aggregator
Mobile,Chennai,05-09-26,₹209,Aggregator
Keyboard,Chennai,05-09-26,₹31,Recycler
Mouse,Chennai,05-09-26,₹42,Recycler
Printer,Chennai,05-09-26,₹18,Aggregator
Television,Chennai,05-09-26,₹22,Recycler
Washing Machine,Chennai,05-09-26,₹22,Recycler
Microwave,Chennai,05-09-26,₹16,Aggregator
Player,Chennai,05-09-26,₹52,Recycler
Cable,Chennai,05-09-26,₹380,Aggregator
LCD Panel,Chennai,05-09-26,₹46,Recycler
Motor,Chennai,05-09-26,₹73,Recycler
Magnet Assembly,Chennai,05-09-26,₹103,Aggregator
Metal,Chennai,05-09-26,₹55,Recycler
Plastic,Chennai,05-09-26,₹21,Recycler
Glass,Chennai,05-09-26,₹5,Aggregator
PCB,Kolkata,05-09-26,₹393,Aggregator
Battery,Kolkata,05-09-26,₹109,Aggregator
Mobile,Kolkata,05-09-26,₹209,Market Survey
Keyboard,Kolkata,05-09-26,₹28,Recycler
Mouse,Kolkata,05-09-26,₹38,Market Survey
Printer,Kolkata,05-09-26,₹18,Recycler
Television,Kolkata,05-09-26,₹22,Recycler
Washing Machine,Kolkata,05-09-26,₹21,Recycler
Microwave,Kolkata,05-09-26,₹16,Aggregator
Player,Kolkata,05-09-26,₹47,Aggregator
Cable,Kolkata,05-09-26,₹409,Market Survey
LCD Panel,Kolkata,05-09-26,₹46,Recycler
Motor,Kolkata,05-09-26,₹72,Recycler
Magnet Assembly,Kolkata,05-09-26,₹101,Recycler
Metal,Kolkata,05-09-26,₹51,Aggregator
Plastic,Kolkata,05-09-26,₹20,Recycler
Glass,Kolkata,05-09-26,₹5,Market Survey
PCB,Lucknow,05-09-26,₹382,Aggregator
Battery,Lucknow,05-09-26,₹110,Recycler
Mobile,Lucknow,05-09-26,₹198,Recycler
Keyboard,Lucknow,05-09-26,₹29,Recycler
Mouse,Lucknow,05-09-26,₹37,Recycler
Printer,Lucknow,05-09-26,₹17,Recycler
Television,Lucknow,05-09-26,₹21,Aggregator
Washing Machine,Lucknow,05-09-26,₹22,Recycler
Microwave,Lucknow,05-09-26,₹16,Recycler
Player,Lucknow,05-09-26,₹51,Recycler
Cable,Lucknow,05-09-26,₹346,Aggregator
LCD Panel,Lucknow,05-09-26,₹44,Recycler
Motor,Lucknow,05-09-26,₹71,Recycler
Magnet Assembly,Lucknow,05-09-26,₹96,Aggregator
Metal,Lucknow,05-09-26,₹51,Market Survey
Plastic,Lucknow,05-09-26,₹19,Recycler
Glass,Lucknow,05-09-26,₹5,Aggregator
PCB,Bhopal,06-09-26,₹402,Aggregator
Battery,Bhopal,06-09-26,₹110,Recycler
Mobile,Bhopal,06-09-26,₹207,Recycler
Keyboard,Bhopal,06-09-26,₹29,Aggregator
Mouse,Bhopal,06-09-26,₹37,Recycler
Printer,Bhopal,06-09-26,₹17,Recycler
Television,Bhopal,06-09-26,₹21,Recycler
Washing Machine,Bhopal,06-09-26,₹21,Aggregator
Microwave,Bhopal,06-09-26,₹17,Aggregator
Player,Bhopal,06-09-26,₹45,Recycler
Cable,Bhopal,06-09-26,₹376,Recycler
LCD Panel,Bhopal,06-09-26,₹43,Recycler
Motor,Bhopal,06-09-26,₹72,Recycler
Magnet Assembly,Bhopal,06-09-26,₹91,Recycler
Metal,Bhopal,06-09-26,₹50,Aggregator
Plastic,Bhopal,06-09-26,₹18,Aggregator
Glass,Bhopal,06-09-26,₹5,Aggregator
PCB,Indore,06-09-26,₹415,Aggregator
Battery,Indore,06-09-26,₹110,Recycler
Mobile,Indore,06-09-26,₹202,Recycler
Keyboard,Indore,06-09-26,₹29,Aggregator
Mouse,Indore,06-09-26,₹37,Recycler
Printer,Indore,06-09-26,₹19,Recycler
Television,Indore,06-09-26,₹22,Recycler
Washing Machine,Indore,06-09-26,₹20,Recycler
Microwave,Indore,06-09-26,₹16,Aggregator
Player,Indore,06-09-26,₹46,Recycler
Cable,Indore,06-09-26,₹399,Recycler
LCD Panel,Indore,06-09-26,₹44,Recycler
Motor,Indore,06-09-26,₹72,Recycler
Magnet Assembly,Indore,06-09-26,₹92,Recycler
Metal,Indore,06-09-26,₹52,Recycler
Plastic,Indore,06-09-26,₹20,Recycler
Glass,Indore,06-09-26,₹5,Market Survey
PCB,Raipur,06-09-26,₹404,Recycler
Battery,Raipur,06-09-26,₹107,Market Survey
Mobile,Raipur,06-09-26,₹211,Market Survey
Keyboard,Raipur,06-09-26,₹26,Recycler
Mouse,Raipur,06-09-26,₹37,Recycler
Printer,Raipur,06-09-26,₹17,Aggregator
Television,Raipur,06-09-26,₹21,Recycler
Washing Machine,Raipur,06-09-26,₹19,Recycler
Microwave,Raipur,06-09-26,₹17,Aggregator
Player,Raipur,06-09-26,₹48,Aggregator
Cable,Raipur,06-09-26,₹377,Aggregator
LCD Panel,Raipur,06-09-26,₹45,Recycler
Motor,Raipur,06-09-26,₹72,Aggregator
Magnet Assembly,Raipur,06-09-26,₹91,Recycler
Metal,Raipur,06-09-26,₹50,Recycler
Plastic,Raipur,06-09-26,₹19,Recycler
Glass,Raipur,06-09-26,₹5,Recycler
PCB,Nagpur,06-09-26,₹441,Recycler
Battery,Nagpur,06-09-26,₹111,Recycler
Mobile,Nagpur,06-09-26,₹208,Recycler
Keyboard,Nagpur,06-09-26,₹27,Recycler
Mouse,Nagpur,06-09-26,₹41,Recycler
Printer,Nagpur,06-09-26,₹17,Aggregator
Television,Nagpur,06-09-26,₹21,Aggregator
Washing Machine,Nagpur,06-09-26,₹21,Recycler
Microwave,Nagpur,06-09-26,₹16,Aggregator
Player,Nagpur,06-09-26,₹48,Aggregator
Cable,Nagpur,06-09-26,₹385,Recycler
LCD Panel,Nagpur,06-09-26,₹42,Recycler
Motor,Nagpur,06-09-26,₹75,Recycler
Magnet Assembly,Nagpur,06-09-26,₹89,Recycler
Metal,Nagpur,06-09-26,₹51,Market Survey
Plastic,Nagpur,06-09-26,₹19,Aggregator
Glass,Nagpur,06-09-26,₹5,Aggregator
PCB,Pune,06-09-26,₹456,Recycler
Battery,Pune,06-09-26,₹116,Aggregator
Mobile,Pune,06-09-26,₹216,Recycler
Keyboard,Pune,06-09-26,₹30,Aggregator
Mouse,Pune,06-09-26,₹37,Recycler
Printer,Pune,06-09-26,₹19,Market Survey
Television,Pune,06-09-26,₹23,Recycler
Washing Machine,Pune,06-09-26,₹23,Recycler
Microwave,Pune,06-09-26,₹18,Recycler
Player,Pune,06-09-26,₹49,Recycler
Cable,Pune,06-09-26,₹396,Recycler
LCD Panel,Pune,06-09-26,₹48,Aggregator
Motor,Pune,06-09-26,₹68,Recycler
Magnet Assembly,Pune,06-09-26,₹102,Recycler
Metal,Pune,06-09-26,₹54,Aggregator
Plastic,Pune,06-09-26,₹20,Aggregator
Glass,Pune,06-09-26,₹5,Market Survey
PCB,Mumbai,06-09-26,₹429,Recycler
Battery,Mumbai,06-09-26,₹130,Aggregator
Mobile,Mumbai,06-09-26,₹231,Recycler
Keyboard,Mumbai,06-09-26,₹29,Recycler
Mouse,Mumbai,06-09-26,₹40,Recycler
Printer,Mumbai,06-09-26,₹19,Recycler
Television,Mumbai,06-09-26,₹24,Recycler
Washing Machine,Mumbai,06-09-26,₹22,Aggregator
Microwave,Mumbai,06-09-26,₹19,Recycler
Player,Mumbai,06-09-26,₹49,Recycler
Cable,Mumbai,06-09-26,₹442,Market Survey
LCD Panel,Mumbai,06-09-26,₹45,Aggregator
Motor,Mumbai,06-09-26,₹78,Recycler
Magnet Assembly,Mumbai,06-09-26,₹100,Recycler
Metal,Mumbai,06-09-26,₹57,Market Survey
Plastic,Mumbai,06-09-26,₹21,Aggregator
Glass,Mumbai,06-09-26,₹5,Recycler
PCB,Delhi,06-09-26,₹449,Recycler
Battery,Delhi,06-09-26,₹118,Recycler
Mobile,Delhi,06-09-26,₹228,Recycler
Keyboard,Delhi,06-09-26,₹30,Recycler
Mouse,Delhi,06-09-26,₹36,Aggregator
Printer,Delhi,06-09-26,₹20,Recycler
Television,Delhi,06-09-26,₹24,Recycler
Washing Machine,Delhi,06-09-26,₹23,Recycler
Microwave,Delhi,06-09-26,₹17,Aggregator
Player,Delhi,06-09-26,₹51,Recycler
Cable,Delhi,06-09-26,₹433,Market Survey
LCD Panel,Delhi,06-09-26,₹49,Recycler
Motor,Delhi,06-09-26,₹79,Recycler
Magnet Assembly,Delhi,06-09-26,₹100,Recycler
Metal,Delhi,06-09-26,₹56,Aggregator
Plastic,Delhi,06-09-26,₹20,Recycler
Glass,Delhi,06-09-26,₹5,Market Survey
PCB,Noida,06-09-26,₹428,Aggregator
Battery,Noida,06-09-26,₹117,Recycler
Mobile,Noida,06-09-26,₹233,Recycler
Keyboard,Noida,06-09-26,₹27,Recycler
Mouse,Noida,06-09-26,₹42,Recycler
Printer,Noida,06-09-26,₹20,Recycler
Television,Noida,06-09-26,₹23,Recycler
Washing Machine,Noida,06-09-26,₹22,Recycler
Microwave,Noida,06-09-26,₹18,Recycler
Player,Noida,06-09-26,₹50,Recycler
Cable,Noida,06-09-26,₹374,Market Survey
LCD Panel,Noida,06-09-26,₹47,Recycler
Motor,Noida,06-09-26,₹80,Recycler
Magnet Assembly,Noida,06-09-26,₹95,Aggregator
Metal,Noida,06-09-26,₹54,Recycler
Plastic,Noida,06-09-26,₹21,Recycler
Glass,Noida,06-09-26,₹5,Recycler
PCB,Jaipur,06-09-26,₹411,Aggregator
Battery,Jaipur,06-09-26,₹106,Recycler
Mobile,Jaipur,06-09-26,₹211,Recycler
Keyboard,Jaipur,06-09-26,₹29,Market Survey
Mouse,Jaipur,06-09-26,₹40,Recycler
Printer,Jaipur,06-09-26,₹17,Recycler
Television,Jaipur,06-09-26,₹21,Recycler
Washing Machine,Jaipur,06-09-26,₹20,Market Survey
Microwave,Jaipur,06-09-26,₹16,Recycler
Player,Jaipur,06-09-26,₹48,Aggregator
Cable,Jaipur,06-09-26,₹396,Recycler
LCD Panel,Jaipur,06-09-26,₹45,Recycler
Motor,Jaipur,06-09-26,₹73,Recycler
Magnet Assembly,Jaipur,06-09-26,₹103,Recycler
Metal,Jaipur,06-09-26,₹51,Recycler
Plastic,Jaipur,06-09-26,₹18,Aggregator
Glass,Jaipur,06-09-26,₹5,Aggregator
PCB,Ahmedabad,06-09-26,₹432,Recycler
Battery,Ahmedabad,06-09-26,₹116,Recycler
Mobile,Ahmedabad,06-09-26,₹215,Recycler
Keyboard,Ahmedabad,06-09-26,₹27,Recycler
Mouse,Ahmedabad,06-09-26,₹37,Aggregator
Printer,Ahmedabad,06-09-26,₹19,Aggregator
Television,Ahmedabad,06-09-26,₹22,Aggregator
Washing Machine,Ahmedabad,06-09-26,₹21,Aggregator
Microwave,Ahmedabad,06-09-26,₹17,Recycler
Player,Ahmedabad,06-09-26,₹51,Recycler
Cable,Ahmedabad,06-09-26,₹382,Recycler
LCD Panel,Ahmedabad,06-09-26,₹49,Market Survey
Motor,Ahmedabad,06-09-26,₹74,Aggregator
Magnet Assembly,Ahmedabad,06-09-26,₹94,Recycler
Metal,Ahmedabad,06-09-26,₹54,Recycler
Plastic,Ahmedabad,06-09-26,₹20,Recycler
Glass,Ahmedabad,06-09-26,₹5,Recycler
PCB,Bengaluru,06-09-26,₹460,Recycler
Battery,Bengaluru,06-09-26,₹104,Aggregator
Mobile,Bengaluru,06-09-26,₹212,Market Survey
Keyboard,Bengaluru,06-09-26,₹31,Recycler
Mouse,Bengaluru,06-09-26,₹38,Recycler
Printer,Bengaluru,06-09-26,₹19,Recycler
Television,Bengaluru,06-09-26,₹22,Aggregator
Washing Machine,Bengaluru,06-09-26,₹21,Recycler
Microwave,Bengaluru,06-09-26,₹18,Market Survey
Player,Bengaluru,06-09-26,₹48,Aggregator
Cable,Bengaluru,06-09-26,₹418,Recycler
LCD Panel,Bengaluru,06-09-26,₹47,Recycler
Motor,Bengaluru,06-09-26,₹73,Recycler
Magnet Assembly,Bengaluru,06-09-26,₹100,Recycler
Metal,Bengaluru,06-09-26,₹57,Recycler
Plastic,Bengaluru,06-09-26,₹22,Aggregator
Glass,Bengaluru,06-09-26,₹5,Recycler
PCB,Hyderabad,06-09-26,₹418,Recycler
Battery,Hyderabad,06-09-26,₹113,Recycler
Mobile,Hyderabad,06-09-26,₹223,Recycler
Keyboard,Hyderabad,06-09-26,₹30,Recycler
Mouse,Hyderabad,06-09-26,₹40,Recycler
Printer,Hyderabad,06-09-26,₹18,Recycler
Television,Hyderabad,06-09-26,₹22,Aggregator
Washing Machine,Hyderabad,06-09-26,₹22,Recycler
Microwave,Hyderabad,06-09-26,₹17,Aggregator
Player,Hyderabad,06-09-26,₹55,Recycler
Cable,Hyderabad,06-09-26,₹424,Recycler
LCD Panel,Hyderabad,06-09-26,₹48,Recycler
Motor,Hyderabad,06-09-26,₹78,Recycler
Magnet Assembly,Hyderabad,06-09-26,₹100,Recycler
Metal,Hyderabad,06-09-26,₹51,Aggregator
Plastic,Hyderabad,06-09-26,₹21,Recycler
Glass,Hyderabad,06-09-26,₹5,Recycler
PCB,Chennai,06-09-26,₹462,Market Survey
Battery,Chennai,06-09-26,₹117,Recycler
Mobile,Chennai,06-09-26,₹220,Recycler
Keyboard,Chennai,06-09-26,₹28,Recycler
Mouse,Chennai,06-09-26,₹38,Recycler
Printer,Chennai,06-09-26,₹20,Market Survey
Television,Chennai,06-09-26,₹23,Recycler
Washing Machine,Chennai,06-09-26,₹22,Recycler
Microwave,Chennai,06-09-26,₹18,Recycler
Player,Chennai,06-09-26,₹46,Recycler
Cable,Chennai,06-09-26,₹399,Aggregator
LCD Panel,Chennai,06-09-26,₹46,Recycler
Motor,Chennai,06-09-26,₹76,Recycler
Magnet Assembly,Chennai,06-09-26,₹100,Recycler
Metal,Chennai,06-09-26,₹53,Recycler
Plastic,Chennai,06-09-26,₹22,Recycler
Glass,Chennai,06-09-26,₹5,Recycler
PCB,Kolkata,06-09-26,₹432,Recycler
Battery,Kolkata,06-09-26,₹103,Aggregator
Mobile,Kolkata,06-09-26,₹206,Recycler
Keyboard,Kolkata,06-09-26,₹25,Aggregator
Mouse,Kolkata,06-09-26,₹37,Aggregator
Printer,Kolkata,06-09-26,₹17,Market Survey
Television,Kolkata,06-09-26,₹21,Aggregator
Washing Machine,Kolkata,06-09-26,₹22,Recycler
Microwave,Kolkata,06-09-26,₹16,Aggregator
Player,Kolkata,06-09-26,₹48,Recycler
Cable,Kolkata,06-09-26,₹429,Market Survey
LCD Panel,Kolkata,06-09-26,₹47,Recycler
Motor,Kolkata,06-09-26,₹73,Recycler
Magnet Assembly,Kolkata,06-09-26,₹93,Recycler
Metal,Kolkata,06-09-26,₹52,Market Survey
Plastic,Kolkata,06-09-26,₹22,Market Survey
Glass,Kolkata,06-09-26,₹5,Aggregator
PCB,Lucknow,06-09-26,₹437,Aggregator
Battery,Lucknow,06-09-26,₹107,Recycler
Mobile,Lucknow,06-09-26,₹198,Aggregator
Keyboard,Lucknow,06-09-26,₹27,Recycler
Mouse,Lucknow,06-09-26,₹36,Recycler
Printer,Lucknow,06-09-26,₹18,Recycler
Television,Lucknow,06-09-26,₹21,Market Survey
Washing Machine,Lucknow,06-09-26,₹20,Recycler
Microwave,Lucknow,06-09-26,₹16,Aggregator
Player,Lucknow,06-09-26,₹43,Aggregator
Cable,Lucknow,06-09-26,₹389,Recycler
LCD Panel,Lucknow,06-09-26,₹39,Aggregator
Motor,Lucknow,06-09-26,₹65,Recycler
Magnet Assembly,Lucknow,06-09-26,₹89,Market Survey
Metal,Lucknow,06-09-26,₹49,Aggregator
Plastic,Lucknow,06-09-26,₹20,Recycler
Glass,Lucknow,06-09-26,₹5,Recycler
